[2026-05-23T08:44:33.932Z] GET /api/system/status
[2026-05-23T09:22:11.934Z] GET /api/telemetry
[2026-05-23T09:22:11.939Z] GET /api/alerts
[2026-05-23T09:22:11.943Z] GET /api/escalation
[2026-05-23T09:22:11.946Z] GET /api/replay
[2026-05-23T09:22:11.948Z] GET /api/governance
[2026-05-23T09:22:11.950Z] GET /api/field
[2026-05-23T09:22:11.952Z] GET /api/health
[2026-05-23T09:22:11.955Z] GET /api/heatmap
[2026-05-23T09:22:11.958Z] GET /api/certainty
[2026-05-23T09:22:11.960Z] GET /api/telemetry
[2026-05-23T09:22:11.961Z] GET /api/alerts
[2026-05-23T09:22:11.963Z] GET /api/escalation
[2026-05-23T09:22:11.965Z] GET /api/replay
[2026-05-23T09:22:11.966Z] GET /api/governance
[2026-05-23T09:22:11.968Z] GET /api/field
[2026-05-23T09:22:11.970Z] GET /api/health
[2026-05-23T09:22:11.972Z] GET /api/heatmap
[2026-05-23T09:22:11.974Z] GET /api/certainty
[2026-05-23T09:24:34.821Z] GET /api/telemetry
[2026-05-23T09:24:34.824Z] GET /api/alerts
[2026-05-23T09:24:34.826Z] GET /api/escalation
[2026-05-23T09:24:34.828Z] GET /api/replay
[2026-05-23T09:24:34.831Z] GET /api/governance
[2026-05-23T09:24:34.835Z] GET /api/field
[2026-05-23T09:24:34.844Z] GET /api/health
[2026-05-23T09:24:34.846Z] GET /api/heatmap
[2026-05-23T09:24:34.850Z] GET /api/certainty
[2026-05-23T09:24:34.853Z] GET /api/telemetry
[2026-05-23T09:24:34.856Z] GET /api/alerts
[2026-05-23T09:24:34.858Z] GET /api/replay
[2026-05-23T09:24:34.861Z] GET /api/field
[2026-05-23T09:24:34.864Z] GET /api/governance
[2026-05-23T09:24:34.867Z] GET /api/escalation
[2026-05-23T09:24:34.870Z] GET /api/health
[2026-05-23T09:24:34.873Z] GET /api/heatmap
[2026-05-23T09:24:34.875Z] GET /api/certainty
[2026-05-23T09:24:37.655Z] GET /api/telemetry
[2026-05-23T09:24:37.658Z] GET /api/alerts
[2026-05-23T09:24:37.661Z] GET /api/escalation
[2026-05-23T09:24:37.668Z] GET /api/replay
[2026-05-23T09:24:37.672Z] GET /api/certainty
[2026-05-23T09:24:37.674Z] GET /api/field
[2026-05-23T09:24:37.676Z] GET /api/governance
[2026-05-23T09:24:37.679Z] GET /api/health
[2026-05-23T09:24:37.682Z] GET /api/heatmap
[2026-05-23T09:24:37.685Z] GET /api/telemetry
[2026-05-23T09:24:37.689Z] GET /api/alerts
[2026-05-23T09:24:37.691Z] GET /api/escalation
[2026-05-23T09:24:37.693Z] GET /api/replay
[2026-05-23T09:24:37.697Z] GET /api/certainty
[2026-05-23T09:24:37.700Z] GET /api/field
[2026-05-23T09:24:37.703Z] GET /api/health
[2026-05-23T09:24:37.706Z] GET /api/governance
[2026-05-23T09:24:37.708Z] GET /api/heatmap
[2026-05-23T09:25:01.784Z] GET /api/telemetry
[2026-05-23T09:25:01.787Z] GET /api/alerts
[2026-05-23T09:25:01.789Z] GET /api/escalation
[2026-05-23T09:25:01.790Z] GET /api/replay
[2026-05-23T09:25:01.791Z] GET /api/field
[2026-05-23T09:25:01.792Z] GET /api/governance
[2026-05-23T09:25:01.793Z] GET /api/health
[2026-05-23T09:25:01.794Z] GET /api/heatmap
[2026-05-23T09:25:01.795Z] GET /api/telemetry
[2026-05-23T09:25:01.796Z] GET /api/certainty
[2026-05-23T09:25:01.797Z] GET /api/alerts
[2026-05-23T09:25:01.798Z] GET /api/escalation
[2026-05-23T09:25:01.799Z] GET /api/replay
[2026-05-23T09:25:01.802Z] GET /api/field
[2026-05-23T09:25:01.803Z] GET /api/governance
[2026-05-23T09:25:01.807Z] GET /api/health
[2026-05-23T09:25:01.808Z] GET /api/heatmap
[2026-05-23T09:25:01.809Z] GET /api/certainty
[2026-05-23T09:25:05.466Z] GET /api/telemetry
[2026-05-23T09:25:05.469Z] GET /api/alerts
[2026-05-23T09:25:05.471Z] GET /api/escalation
[2026-05-23T09:25:05.475Z] GET /api/replay
[2026-05-23T09:25:05.481Z] GET /api/field
[2026-05-23T09:25:05.484Z] GET /api/governance
[2026-05-23T09:25:05.486Z] GET /api/health
[2026-05-23T09:25:05.489Z] GET /api/heatmap
[2026-05-23T09:25:05.491Z] GET /api/certainty
[2026-05-23T09:25:05.494Z] GET /api/telemetry
[2026-05-23T09:25:05.498Z] GET /api/alerts
[2026-05-23T09:25:05.500Z] GET /api/escalation
[2026-05-23T09:25:05.502Z] GET /api/replay
[2026-05-23T09:25:05.506Z] GET /api/field
[2026-05-23T09:25:05.511Z] GET /api/governance
[2026-05-23T09:25:05.514Z] GET /api/health
[2026-05-23T09:25:05.516Z] GET /api/certainty
[2026-05-23T09:25:05.518Z] GET /api/heatmap
[2026-05-23T09:25:06.588Z] GET /api/telemetry
[2026-05-23T09:25:06.591Z] GET /api/alerts
[2026-05-23T09:25:06.593Z] GET /api/escalation
[2026-05-23T09:25:06.597Z] GET /api/replay
[2026-05-23T09:25:06.600Z] GET /api/field
[2026-05-23T09:25:06.602Z] GET /api/governance
[2026-05-23T09:25:06.605Z] GET /api/health
[2026-05-23T09:25:06.608Z] GET /api/heatmap
[2026-05-23T09:25:06.609Z] GET /api/certainty
[2026-05-23T09:25:06.611Z] GET /api/telemetry
[2026-05-23T09:25:06.613Z] GET /api/alerts
[2026-05-23T09:25:06.615Z] GET /api/escalation
[2026-05-23T09:25:06.617Z] GET /api/replay
[2026-05-23T09:25:06.619Z] GET /api/field
[2026-05-23T09:25:06.621Z] GET /api/governance
[2026-05-23T09:25:06.624Z] GET /api/health
[2026-05-23T09:25:06.626Z] GET /api/heatmap
[2026-05-23T09:25:06.627Z] GET /api/certainty
[2026-05-23T09:25:07.207Z] GET /api/telemetry
[2026-05-23T09:25:07.212Z] GET /api/alerts
[2026-05-23T09:25:07.213Z] GET /api/escalation
[2026-05-23T09:25:07.223Z] GET /api/replay
[2026-05-23T09:25:07.227Z] GET /api/field
[2026-05-23T09:25:07.230Z] GET /api/governance
[2026-05-23T09:25:07.232Z] GET /api/health
[2026-05-23T09:25:07.237Z] GET /api/heatmap
[2026-05-23T09:25:07.240Z] GET /api/certainty
[2026-05-23T09:25:07.244Z] GET /api/telemetry
[2026-05-23T09:25:07.247Z] GET /api/alerts
[2026-05-23T09:25:07.249Z] GET /api/escalation
[2026-05-23T09:25:07.251Z] GET /api/replay
[2026-05-23T09:25:07.254Z] GET /api/field
[2026-05-23T09:25:07.259Z] GET /api/governance
[2026-05-23T09:25:07.261Z] GET /api/health
[2026-05-23T09:25:07.263Z] GET /api/heatmap
[2026-05-23T09:25:07.266Z] GET /api/certainty
[2026-05-23T09:25:07.893Z] GET /api/telemetry
[2026-05-23T09:25:07.895Z] GET /api/alerts
[2026-05-23T09:25:07.897Z] GET /api/escalation
[2026-05-23T09:25:07.900Z] GET /api/replay
[2026-05-23T09:25:07.907Z] GET /api/field
[2026-05-23T09:25:07.912Z] GET /api/governance
[2026-05-23T09:25:07.914Z] GET /api/health
[2026-05-23T09:25:07.917Z] GET /api/replay
[2026-05-23T09:25:07.921Z] GET /api/heatmap
[2026-05-23T09:25:07.925Z] GET /api/telemetry
[2026-05-23T09:25:07.927Z] GET /api/certainty
[2026-05-23T09:25:07.929Z] GET /api/alerts
[2026-05-23T09:25:07.931Z] GET /api/escalation
[2026-05-23T09:25:07.933Z] GET /api/field
[2026-05-23T09:25:07.937Z] GET /api/governance
[2026-05-23T09:25:07.941Z] GET /api/health
[2026-05-23T09:25:07.943Z] GET /api/heatmap
[2026-05-23T09:25:07.946Z] GET /api/certainty
[2026-05-23T09:25:08.524Z] GET /api/telemetry
[2026-05-23T09:25:08.526Z] GET /api/alerts
[2026-05-23T09:25:08.528Z] GET /api/escalation
[2026-05-23T09:25:08.530Z] GET /api/replay
[2026-05-23T09:25:08.532Z] GET /api/field
[2026-05-23T09:25:08.536Z] GET /api/governance
[2026-05-23T09:25:08.538Z] GET /api/health
[2026-05-23T09:25:08.539Z] GET /api/heatmap
[2026-05-23T09:25:08.541Z] GET /api/certainty
[2026-05-23T09:25:08.543Z] GET /api/telemetry
[2026-05-23T09:25:08.545Z] GET /api/alerts
[2026-05-23T09:25:08.550Z] GET /api/escalation
[2026-05-23T09:25:08.554Z] GET /api/replay
[2026-05-23T09:25:08.557Z] GET /api/field
[2026-05-23T09:25:08.559Z] GET /api/governance
[2026-05-23T09:25:08.561Z] GET /api/health
[2026-05-23T09:25:08.562Z] GET /api/heatmap
[2026-05-23T09:25:08.565Z] GET /api/certainty
[2026-05-23T09:25:08.686Z] GET /api/telemetry
[2026-05-23T09:25:08.692Z] GET /api/alerts
[2026-05-23T09:25:08.697Z] GET /api/escalation
[2026-05-23T09:25:08.699Z] GET /api/replay
[2026-05-23T09:25:08.702Z] GET /api/field
[2026-05-23T09:25:08.708Z] GET /api/governance
[2026-05-23T09:25:08.711Z] GET /api/health
[2026-05-23T09:25:08.713Z] GET /api/heatmap
[2026-05-23T09:25:08.714Z] GET /api/certainty
[2026-05-23T09:25:08.716Z] GET /api/telemetry
[2026-05-23T09:25:08.719Z] GET /api/alerts
[2026-05-23T09:25:08.722Z] GET /api/escalation
[2026-05-23T09:25:08.724Z] GET /api/replay
[2026-05-23T09:25:08.727Z] GET /api/field
[2026-05-23T09:25:08.729Z] GET /api/governance
[2026-05-23T09:25:08.731Z] GET /api/health
[2026-05-23T09:25:08.734Z] GET /api/heatmap
[2026-05-23T09:25:08.738Z] GET /api/certainty
[2026-05-23T09:25:08.875Z] GET /api/telemetry
[2026-05-23T09:25:08.880Z] GET /api/alerts
[2026-05-23T09:25:08.884Z] GET /api/escalation
[2026-05-23T09:25:08.894Z] GET /api/replay
[2026-05-23T09:25:08.898Z] GET /api/field
[2026-05-23T09:25:08.903Z] GET /api/governance
[2026-05-23T09:25:08.905Z] GET /api/telemetry
[2026-05-23T09:25:08.909Z] GET /api/health
[2026-05-23T09:25:08.911Z] GET /api/heatmap
[2026-05-23T09:25:08.913Z] GET /api/certainty
[2026-05-23T09:25:08.915Z] GET /api/alerts
[2026-05-23T09:25:08.918Z] GET /api/escalation
[2026-05-23T09:25:08.922Z] GET /api/replay
[2026-05-23T09:25:08.925Z] GET /api/field
[2026-05-23T09:25:08.927Z] GET /api/governance
[2026-05-23T09:25:08.929Z] GET /api/health
[2026-05-23T09:25:08.931Z] GET /api/heatmap
[2026-05-23T09:25:08.933Z] GET /api/certainty
[2026-05-23T09:25:09.062Z] GET /api/telemetry
[2026-05-23T09:25:09.065Z] GET /api/alerts
[2026-05-23T09:25:09.068Z] GET /api/escalation
[2026-05-23T09:25:09.071Z] GET /api/replay
[2026-05-23T09:25:09.076Z] GET /api/field
[2026-05-23T09:25:09.081Z] GET /api/governance
[2026-05-23T09:25:09.089Z] GET /api/health
[2026-05-23T09:25:09.095Z] GET /api/heatmap
[2026-05-23T09:25:09.099Z] GET /api/telemetry
[2026-05-23T09:25:09.103Z] GET /api/certainty
[2026-05-23T09:25:09.107Z] GET /api/alerts
[2026-05-23T09:25:09.110Z] GET /api/escalation
[2026-05-23T09:25:09.113Z] GET /api/replay
[2026-05-23T09:25:09.117Z] GET /api/field
[2026-05-23T09:25:09.120Z] GET /api/governance
[2026-05-23T09:25:09.126Z] GET /api/health
[2026-05-23T09:25:09.129Z] GET /api/heatmap
[2026-05-23T09:25:09.131Z] GET /api/certainty
[2026-05-23T09:25:10.026Z] GET /api/telemetry
[2026-05-23T09:25:10.029Z] GET /api/alerts
[2026-05-23T09:25:10.031Z] GET /api/escalation
[2026-05-23T09:25:10.037Z] GET /api/replay
[2026-05-23T09:25:10.050Z] GET /api/field
[2026-05-23T09:25:10.052Z] GET /api/telemetry
[2026-05-23T09:25:10.056Z] GET /api/alerts
[2026-05-23T09:25:10.059Z] GET /api/governance
[2026-05-23T09:25:10.062Z] GET /api/health
[2026-05-23T09:25:10.063Z] GET /api/heatmap
[2026-05-23T09:25:10.070Z] GET /api/certainty
[2026-05-23T09:25:10.074Z] GET /api/escalation
[2026-05-23T09:25:10.077Z] GET /api/replay
[2026-05-23T09:25:10.079Z] GET /api/field
[2026-05-23T09:25:10.080Z] GET /api/governance
[2026-05-23T09:25:10.085Z] GET /api/health
[2026-05-23T09:25:10.088Z] GET /api/heatmap
[2026-05-23T09:25:10.090Z] GET /api/certainty
[2026-05-23T09:25:10.209Z] GET /api/telemetry
[2026-05-23T09:25:10.211Z] GET /api/alerts
[2026-05-23T09:25:10.215Z] GET /api/escalation
[2026-05-23T09:25:10.221Z] GET /api/field
[2026-05-23T09:25:10.225Z] GET /api/telemetry
[2026-05-23T09:25:10.227Z] GET /api/replay
[2026-05-23T09:25:10.228Z] GET /api/governance
[2026-05-23T09:25:10.230Z] GET /api/health
[2026-05-23T09:25:10.232Z] GET /api/heatmap
[2026-05-23T09:25:10.235Z] GET /api/certainty
[2026-05-23T09:25:10.238Z] GET /api/alerts
[2026-05-23T09:25:10.241Z] GET /api/escalation
[2026-05-23T09:25:10.243Z] GET /api/field
[2026-05-23T09:25:10.244Z] GET /api/replay
[2026-05-23T09:25:10.246Z] GET /api/governance
[2026-05-23T09:25:10.249Z] GET /api/health
[2026-05-23T09:25:10.253Z] GET /api/heatmap
[2026-05-23T09:25:10.258Z] GET /api/certainty
[2026-05-23T09:25:10.621Z] GET /api/telemetry
[2026-05-23T09:25:10.625Z] GET /api/alerts
[2026-05-23T09:25:10.628Z] GET /api/escalation
[2026-05-23T09:25:10.640Z] GET /api/certainty
[2026-05-23T09:25:10.643Z] GET /api/replay
[2026-05-23T09:25:10.645Z] GET /api/field
[2026-05-23T09:25:10.650Z] GET /api/governance
[2026-05-23T09:25:10.654Z] GET /api/health
[2026-05-23T09:25:10.658Z] GET /api/heatmap
[2026-05-23T09:25:10.660Z] GET /api/telemetry
[2026-05-23T09:25:10.662Z] GET /api/alerts
[2026-05-23T09:25:10.664Z] GET /api/escalation
[2026-05-23T09:25:10.667Z] GET /api/certainty
[2026-05-23T09:25:10.671Z] GET /api/replay
[2026-05-23T09:25:10.674Z] GET /api/field
[2026-05-23T09:25:10.676Z] GET /api/governance
[2026-05-23T09:25:10.678Z] GET /api/health
[2026-05-23T09:25:10.679Z] GET /api/heatmap
[2026-05-23T09:26:40.511Z] GET /api/telemetry
[2026-05-23T09:26:40.520Z] GET /api/alerts
[2026-05-23T09:26:40.526Z] GET /api/escalation
[2026-05-23T09:26:40.530Z] GET /api/replay
[2026-05-23T09:26:40.533Z] GET /api/field
[2026-05-23T09:26:40.537Z] GET /api/governance
[2026-05-23T09:26:40.541Z] GET /api/telemetry
[2026-05-23T09:26:40.544Z] GET /api/health
[2026-05-23T09:26:40.547Z] GET /api/heatmap
[2026-05-23T09:26:40.549Z] GET /api/certainty
[2026-05-23T09:26:40.552Z] GET /api/alerts
[2026-05-23T09:26:40.555Z] GET /api/escalation
[2026-05-23T09:26:40.557Z] GET /api/replay
[2026-05-23T09:26:40.561Z] GET /api/field
[2026-05-23T09:26:40.565Z] GET /api/governance
[2026-05-23T09:26:40.571Z] GET /api/health
[2026-05-23T09:26:40.574Z] GET /api/heatmap
[2026-05-23T09:26:40.576Z] GET /api/certainty
[2026-05-23T09:26:43.144Z] GET /api/telemetry
[2026-05-23T09:26:43.146Z] GET /api/alerts
[2026-05-23T09:26:43.153Z] GET /api/escalation
[2026-05-23T09:26:43.160Z] GET /api/replay
[2026-05-23T09:26:43.162Z] GET /api/telemetry
[2026-05-23T09:26:43.168Z] GET /api/field
[2026-05-23T09:26:43.173Z] GET /api/governance
[2026-05-23T09:26:43.176Z] GET /api/health
[2026-05-23T09:26:43.178Z] GET /api/heatmap
[2026-05-23T09:26:43.180Z] GET /api/certainty
[2026-05-23T09:26:43.182Z] GET /api/alerts
[2026-05-23T09:26:43.186Z] GET /api/escalation
[2026-05-23T09:26:43.189Z] GET /api/replay
[2026-05-23T09:26:43.193Z] GET /api/field
[2026-05-23T09:26:43.195Z] GET /api/governance
[2026-05-23T09:26:43.197Z] GET /api/health
[2026-05-23T09:26:43.198Z] GET /api/heatmap
[2026-05-23T09:26:43.201Z] GET /api/certainty
[2026-05-23T09:26:43.966Z] GET /api/telemetry
[2026-05-23T09:26:43.970Z] GET /api/alerts
[2026-05-23T09:26:43.978Z] GET /api/escalation
[2026-05-23T09:26:43.982Z] GET /api/replay
[2026-05-23T09:26:43.985Z] GET /api/field
[2026-05-23T09:26:43.988Z] GET /api/governance
[2026-05-23T09:26:43.991Z] GET /api/health
[2026-05-23T09:26:43.995Z] GET /api/heatmap
[2026-05-23T09:26:43.996Z] GET /api/certainty
[2026-05-23T09:26:43.999Z] GET /api/telemetry
[2026-05-23T09:26:44.003Z] GET /api/alerts
[2026-05-23T09:26:44.006Z] GET /api/escalation
[2026-05-23T09:26:44.011Z] GET /api/replay
[2026-05-23T09:26:44.013Z] GET /api/field
[2026-05-23T09:26:44.016Z] GET /api/governance
[2026-05-23T09:26:44.018Z] GET /api/health
[2026-05-23T09:26:44.021Z] GET /api/heatmap
[2026-05-23T09:26:44.024Z] GET /api/certainty
[2026-05-23T09:26:45.212Z] GET /api/telemetry
[2026-05-23T09:26:45.217Z] GET /api/alerts
[2026-05-23T09:26:45.222Z] GET /api/escalation
[2026-05-23T09:26:45.227Z] GET /api/replay
[2026-05-23T09:26:45.230Z] GET /api/field
[2026-05-23T09:26:45.231Z] GET /api/governance
[2026-05-23T09:26:45.234Z] GET /api/certainty
[2026-05-23T09:26:45.236Z] GET /api/escalation
[2026-05-23T09:26:45.239Z] GET /api/health
[2026-05-23T09:26:45.242Z] GET /api/heatmap
[2026-05-23T09:26:45.247Z] GET /api/telemetry
[2026-05-23T09:26:45.249Z] GET /api/alerts
[2026-05-23T09:26:45.251Z] GET /api/replay
[2026-05-23T09:26:45.254Z] GET /api/field
[2026-05-23T09:26:45.257Z] GET /api/governance
[2026-05-23T09:26:45.259Z] GET /api/certainty
[2026-05-23T09:26:45.261Z] GET /api/health
[2026-05-23T09:26:45.262Z] GET /api/heatmap
[2026-05-23T09:26:45.497Z] GET /api/telemetry
[2026-05-23T09:26:45.500Z] GET /api/alerts
[2026-05-23T09:26:45.509Z] GET /api/escalation
[2026-05-23T09:26:45.512Z] GET /api/replay
[2026-05-23T09:26:45.515Z] GET /api/field
[2026-05-23T09:26:45.518Z] GET /api/governance
[2026-05-23T09:26:45.523Z] GET /api/heatmap
[2026-05-23T09:26:45.526Z] GET /api/health
[2026-05-23T09:26:45.529Z] GET /api/certainty
[2026-05-23T09:26:45.531Z] GET /api/telemetry
[2026-05-23T09:26:45.533Z] GET /api/alerts
[2026-05-23T09:26:45.537Z] GET /api/escalation
[2026-05-23T09:26:45.541Z] GET /api/replay
[2026-05-23T09:26:45.545Z] GET /api/field
[2026-05-23T09:26:45.548Z] GET /api/governance
[2026-05-23T09:26:45.551Z] GET /api/heatmap
[2026-05-23T09:26:45.554Z] GET /api/health
[2026-05-23T09:26:45.558Z] GET /api/certainty
[2026-05-23T09:26:45.711Z] GET /api/telemetry
[2026-05-23T09:26:45.714Z] GET /api/alerts
[2026-05-23T09:26:45.716Z] GET /api/escalation
[2026-05-23T09:26:45.722Z] GET /api/replay
[2026-05-23T09:26:45.728Z] GET /api/telemetry
[2026-05-23T09:26:45.730Z] GET /api/field
[2026-05-23T09:26:45.732Z] GET /api/governance
[2026-05-23T09:26:45.734Z] GET /api/health
[2026-05-23T09:26:45.738Z] GET /api/heatmap
[2026-05-23T09:26:45.741Z] GET /api/certainty
[2026-05-23T09:26:45.744Z] GET /api/alerts
[2026-05-23T09:26:45.747Z] GET /api/escalation
[2026-05-23T09:26:45.749Z] GET /api/replay
[2026-05-23T09:26:45.750Z] GET /api/field
[2026-05-23T09:26:45.752Z] GET /api/governance
[2026-05-23T09:26:45.756Z] GET /api/health
[2026-05-23T09:26:45.759Z] GET /api/heatmap
[2026-05-23T09:26:45.762Z] GET /api/certainty
[2026-05-23T09:26:45.871Z] GET /api/telemetry
[2026-05-23T09:26:45.874Z] GET /api/alerts
[2026-05-23T09:26:45.878Z] GET /api/escalation
[2026-05-23T09:26:45.880Z] GET /api/replay
[2026-05-23T09:26:45.886Z] GET /api/field
[2026-05-23T09:26:45.891Z] GET /api/governance
[2026-05-23T09:26:45.894Z] GET /api/health
[2026-05-23T09:26:45.898Z] GET /api/heatmap
[2026-05-23T09:26:45.900Z] GET /api/certainty
[2026-05-23T09:26:45.901Z] GET /api/telemetry
[2026-05-23T09:26:45.903Z] GET /api/alerts
[2026-05-23T09:26:45.905Z] GET /api/escalation
[2026-05-23T09:26:45.909Z] GET /api/replay
[2026-05-23T09:26:45.913Z] GET /api/field
[2026-05-23T09:26:45.916Z] GET /api/governance
[2026-05-23T09:26:45.919Z] GET /api/health
[2026-05-23T09:26:45.922Z] GET /api/heatmap
[2026-05-23T09:26:45.925Z] GET /api/certainty
[2026-05-23T09:26:46.032Z] GET /api/telemetry
[2026-05-23T09:26:46.036Z] GET /api/alerts
[2026-05-23T09:26:46.039Z] GET /api/escalation
[2026-05-23T09:26:46.043Z] GET /api/replay
[2026-05-23T09:26:46.046Z] GET /api/field
[2026-05-23T09:26:46.051Z] GET /api/governance
[2026-05-23T09:26:46.053Z] GET /api/health
[2026-05-23T09:26:46.056Z] GET /api/certainty
[2026-05-23T09:26:46.061Z] GET /api/telemetry
[2026-05-23T09:26:46.066Z] GET /api/heatmap
[2026-05-23T09:26:46.070Z] GET /api/alerts
[2026-05-23T09:26:46.073Z] GET /api/escalation
[2026-05-23T09:26:46.077Z] GET /api/replay
[2026-05-23T09:26:46.101Z] GET /api/field
[2026-05-23T09:26:46.111Z] GET /api/governance
[2026-05-23T09:26:46.115Z] GET /api/health
[2026-05-23T09:26:46.119Z] GET /api/certainty
[2026-05-23T09:26:46.123Z] GET /api/heatmap
[2026-05-23T09:26:46.216Z] GET /api/telemetry
[2026-05-23T09:26:46.220Z] GET /api/alerts
[2026-05-23T09:26:46.225Z] GET /api/escalation
[2026-05-23T09:26:46.229Z] GET /api/field
[2026-05-23T09:26:46.233Z] GET /api/replay
[2026-05-23T09:26:46.239Z] GET /api/health
[2026-05-23T09:26:46.244Z] GET /api/certainty
[2026-05-23T09:26:46.247Z] GET /api/governance
[2026-05-23T09:26:46.250Z] GET /api/heatmap
[2026-05-23T09:26:46.255Z] GET /api/telemetry
[2026-05-23T09:26:46.259Z] GET /api/alerts
[2026-05-23T09:26:46.263Z] GET /api/escalation
[2026-05-23T09:26:46.266Z] GET /api/field
[2026-05-23T09:26:46.269Z] GET /api/replay
[2026-05-23T09:26:46.275Z] GET /api/health
[2026-05-23T09:26:46.279Z] GET /api/certainty
[2026-05-23T09:26:46.282Z] GET /api/governance
[2026-05-23T09:26:46.286Z] GET /api/heatmap
[2026-05-23T09:27:01.775Z] GET /api/telemetry
[2026-05-23T09:27:01.778Z] GET /api/alerts
[2026-05-23T09:27:01.782Z] GET /api/governance
[2026-05-23T09:27:01.784Z] GET /api/escalation
[2026-05-23T09:27:01.786Z] GET /api/replay
[2026-05-23T09:27:01.788Z] GET /api/field
[2026-05-23T09:27:01.789Z] GET /api/health
[2026-05-23T09:27:01.791Z] GET /api/heatmap
[2026-05-23T09:27:01.792Z] GET /api/certainty
[2026-05-23T09:27:16.781Z] GET /api/telemetry
[2026-05-23T09:27:16.784Z] GET /api/alerts
[2026-05-23T09:27:16.785Z] GET /api/escalation
[2026-05-23T09:27:16.789Z] GET /api/replay
[2026-05-23T09:27:16.791Z] GET /api/governance
[2026-05-23T09:27:16.793Z] GET /api/field
[2026-05-23T09:27:16.794Z] GET /api/health
[2026-05-23T09:27:16.795Z] GET /api/heatmap
[2026-05-23T09:27:16.796Z] GET /api/certainty
[2026-05-23T09:27:31.778Z] GET /api/telemetry
[2026-05-23T09:27:31.793Z] GET /api/alerts
[2026-05-23T09:27:31.801Z] GET /api/escalation
[2026-05-23T09:27:31.807Z] GET /api/replay
[2026-05-23T09:27:31.810Z] GET /api/field
[2026-05-23T09:27:31.814Z] GET /api/governance
[2026-05-23T09:27:31.835Z] GET /api/health
[2026-05-23T09:27:31.838Z] GET /api/heatmap
[2026-05-23T09:27:31.860Z] GET /api/certainty
[2026-05-23T09:27:42.502Z] GET /api/certainty
[2026-05-23T09:27:46.779Z] GET /api/telemetry
[2026-05-23T09:27:46.781Z] GET /api/alerts
[2026-05-23T09:27:46.789Z] GET /api/escalation
[2026-05-23T09:27:46.793Z] GET /api/replay
[2026-05-23T09:27:46.802Z] GET /api/field
[2026-05-23T09:27:46.804Z] GET /api/governance
[2026-05-23T09:27:46.807Z] GET /api/health
[2026-05-23T09:27:46.809Z] GET /api/heatmap
[2026-05-23T09:27:46.810Z] GET /api/certainty
[2026-05-23T09:27:58.227Z] GET /api/telemetry
[2026-05-23T09:27:58.230Z] GET /api/alerts
[2026-05-23T09:27:58.239Z] GET /api/escalation
[2026-05-23T09:27:58.243Z] GET /api/replay
[2026-05-23T09:27:58.246Z] GET /api/telemetry
[2026-05-23T09:27:58.253Z] GET /api/alerts
[2026-05-23T09:27:58.257Z] GET /api/escalation
[2026-05-23T09:27:58.260Z] GET /api/replay
[2026-05-23T09:27:58.262Z] GET /api/field
[2026-05-23T09:27:58.264Z] GET /api/governance
[2026-05-23T09:27:58.268Z] GET /api/health
[2026-05-23T09:27:58.271Z] GET /api/heatmap
[2026-05-23T09:27:58.274Z] GET /api/certainty
[2026-05-23T09:27:58.276Z] GET /api/field
[2026-05-23T09:27:58.279Z] GET /api/governance
[2026-05-23T09:27:58.281Z] GET /api/health
[2026-05-23T09:27:58.284Z] GET /api/heatmap
[2026-05-23T09:27:58.287Z] GET /api/certainty
[2026-05-23T11:12:26.872Z] GET /api/replay
[2026-05-23T11:12:26.878Z] GET /api/replay
[2026-05-23T11:12:29.716Z] GET /api/replay
[2026-05-23T11:12:29.722Z] GET /api/replay
[2026-05-23T11:24:46.390Z] GET /api/replay
[2026-05-23T11:24:46.396Z] GET /api/replay
[2026-07-22T09:14:03.830Z] GET /zone/state
[2026-07-22T09:14:03.849Z] GET /zone/state
[2026-07-22T09:14:03.856Z] GET /alerts
[2026-07-22T09:14:03.864Z] GET /alerts
[2026-07-22T09:14:05.869Z] GET /api/runtime/summary
[2026-07-22T09:14:05.877Z] GET /api/runtime/summary
[2026-07-22T09:14:12.934Z] GET /api/runtime
[2026-07-22T09:14:12.992Z] GET /api/runtime
[2026-07-22T09:14:18.708Z] GET /api/runtime/summary
[2026-07-22T09:14:18.710Z] GET /api/runtime/summary
[2026-07-22T15:11:51.508Z] GET /api/runtime/chain
[2026-07-22T15:11:51.517Z] GET /api/runtime/summary
[2026-07-22T15:11:51.537Z] GET /api/runtime/chain
[2026-07-22T15:11:51.543Z] GET /api/runtime/summary
[2026-07-22T18:57:06.249Z] GET /zone/state
[2026-07-22T18:57:06.328Z] GET /alerts
[2026-07-22T18:57:06.412Z] GET /zone/state
[2026-07-22T18:57:06.418Z] GET /zone/state
[2026-07-22T18:57:06.423Z] GET /alerts
[2026-07-22T18:57:06.432Z] GET /alerts
[2026-07-22T18:57:06.588Z] GET /zone/state
[2026-07-22T18:57:06.591Z] GET /zone/state
[2026-07-22T18:57:06.593Z] GET /alerts
[2026-07-22T18:57:06.596Z] GET /alerts
[2026-07-23T04:41:58.434Z] GET /zone/state
[2026-07-23T04:41:58.449Z] GET /zone/state
[2026-07-23T04:41:58.474Z] GET /alerts
[2026-07-23T04:41:58.480Z] GET /alerts
[2026-07-23T04:42:01.438Z] GET /zone/state
[2026-07-23T04:42:01.443Z] GET /alerts
[2026-07-23T04:42:04.436Z] GET /zone/state
[2026-07-23T04:42:04.442Z] GET /alerts
[2026-07-23T04:42:07.427Z] GET /zone/state
[2026-07-23T04:42:07.432Z] GET /alerts
[2026-07-23T04:42:10.435Z] GET /zone/state
[2026-07-23T04:42:10.440Z] GET /alerts
[2026-07-23T04:42:13.427Z] GET /zone/state
[2026-07-23T04:42:13.431Z] GET /alerts
[2026-07-23T04:42:17.319Z] GET /zone/state
[2026-07-23T04:42:17.323Z] GET /alerts
[2026-07-23T04:42:19.438Z] GET /zone/state
[2026-07-23T04:42:19.443Z] GET /alerts
[2026-07-23T04:42:22.431Z] GET /zone/state
[2026-07-23T04:42:22.435Z] GET /alerts
[2026-07-23T04:42:25.432Z] GET /zone/state
[2026-07-23T04:42:25.437Z] GET /alerts
[2026-07-23T04:42:28.431Z] GET /zone/state
[2026-07-23T04:42:28.435Z] GET /alerts
[2026-07-23T04:42:31.425Z] GET /zone/state
[2026-07-23T04:42:31.431Z] GET /alerts
[2026-07-23T04:42:34.426Z] GET /zone/state
[2026-07-23T04:42:34.431Z] GET /alerts
[2026-07-23T04:42:37.439Z] GET /zone/state
[2026-07-23T04:42:37.444Z] GET /alerts
[2026-07-23T04:42:40.431Z] GET /zone/state
[2026-07-23T04:42:40.438Z] GET /alerts
[2026-07-23T04:42:43.430Z] GET /zone/state
[2026-07-23T04:42:43.436Z] GET /alerts
[2026-07-23T04:42:46.434Z] GET /zone/state
[2026-07-23T04:42:46.441Z] GET /alerts
[2026-07-23T04:42:49.432Z] GET /zone/state
[2026-07-23T04:42:49.437Z] GET /alerts
[2026-07-23T04:42:52.429Z] GET /zone/state
[2026-07-23T04:42:52.435Z] GET /alerts
[2026-07-23T04:42:55.439Z] GET /zone/state
[2026-07-23T04:42:55.445Z] GET /alerts
[2026-07-23T04:42:58.429Z] GET /zone/state
[2026-07-23T04:42:58.436Z] GET /alerts
[2026-07-23T04:43:01.438Z] GET /zone/state
[2026-07-23T04:43:01.443Z] GET /alerts
[2026-07-23T04:43:04.429Z] GET /zone/state
[2026-07-23T04:43:04.436Z] GET /alerts
[2026-07-23T04:43:07.437Z] GET /zone/state
[2026-07-23T04:43:07.444Z] GET /alerts
[2026-07-23T04:43:10.426Z] GET /zone/state
[2026-07-23T04:43:10.431Z] GET /alerts
[2026-07-23T04:43:13.435Z] GET /zone/state
[2026-07-23T04:43:13.440Z] GET /alerts
[2026-07-23T04:43:16.427Z] GET /zone/state
[2026-07-23T04:43:16.431Z] GET /alerts
[2026-07-23T04:43:19.435Z] GET /zone/state
[2026-07-23T04:43:19.441Z] GET /alerts
[2026-07-23T04:43:22.440Z] GET /zone/state
[2026-07-23T04:43:22.444Z] GET /alerts
[2026-07-23T04:43:25.433Z] GET /zone/state
[2026-07-23T04:43:25.439Z] GET /alerts
[2026-07-23T04:43:28.434Z] GET /zone/state
[2026-07-23T04:43:28.439Z] GET /alerts
[2026-07-23T04:43:31.434Z] GET /zone/state
[2026-07-23T04:43:31.440Z] GET /alerts
[2026-07-23T04:43:34.426Z] GET /zone/state
[2026-07-23T04:43:34.432Z] GET /alerts
[2026-07-23T04:43:37.433Z] GET /zone/state
[2026-07-23T04:43:37.438Z] GET /alerts
[2026-07-23T04:43:40.429Z] GET /zone/state
[2026-07-23T04:43:40.434Z] GET /alerts
[2026-07-23T04:43:43.437Z] GET /zone/state
[2026-07-23T04:43:43.449Z] GET /alerts
[2026-07-23T04:43:46.492Z] GET /zone/state
[2026-07-23T04:43:46.499Z] GET /alerts
[2026-07-23T04:43:49.437Z] GET /zone/state
[2026-07-23T04:43:49.455Z] GET /alerts
[2026-07-23T04:43:52.426Z] GET /zone/state
[2026-07-23T04:43:52.433Z] GET /alerts
[2026-07-23T04:43:55.425Z] GET /zone/state
[2026-07-23T04:43:55.429Z] GET /alerts
[2026-07-23T04:43:58.439Z] GET /zone/state
[2026-07-23T04:43:58.443Z] GET /alerts
[2026-07-23T04:44:01.436Z] GET /zone/state
[2026-07-23T04:44:01.441Z] GET /alerts
[2026-07-23T04:44:04.426Z] GET /zone/state
[2026-07-23T04:44:04.430Z] GET /alerts
[2026-07-23T04:44:07.780Z] GET /zone/state
[2026-07-23T04:44:07.830Z] GET /alerts
[2026-07-23T04:44:11.337Z] GET /zone/state
[2026-07-23T04:44:11.348Z] GET /alerts
[2026-07-23T04:44:13.780Z] GET /zone/state
[2026-07-23T04:44:13.792Z] GET /alerts
[2026-07-23T04:44:16.779Z] GET /zone/state
[2026-07-23T04:44:16.795Z] GET /alerts
[2026-07-23T04:44:19.796Z] GET /zone/state
[2026-07-23T04:44:19.803Z] GET /alerts
[2026-07-23T04:44:22.779Z] GET /zone/state
[2026-07-23T04:44:22.788Z] GET /alerts
[2026-07-23T04:44:25.778Z] GET /zone/state
[2026-07-23T04:44:25.785Z] GET /alerts
[2026-07-23T04:44:28.786Z] GET /zone/state
[2026-07-23T04:44:28.793Z] GET /alerts
[2026-07-23T04:44:31.771Z] GET /zone/state
[2026-07-23T04:44:31.778Z] GET /alerts
[2026-07-23T04:44:34.778Z] GET /zone/state
[2026-07-23T04:44:34.790Z] GET /alerts
[2026-07-23T04:44:37.783Z] GET /zone/state
[2026-07-23T04:44:37.790Z] GET /alerts
[2026-07-23T04:44:40.776Z] GET /zone/state
[2026-07-23T04:44:40.782Z] GET /alerts
[2026-07-23T04:44:43.785Z] GET /zone/state
[2026-07-23T04:44:43.802Z] GET /alerts
[2026-07-23T04:44:46.771Z] GET /zone/state
[2026-07-23T04:44:46.779Z] GET /alerts
[2026-07-23T04:44:49.781Z] GET /zone/state
[2026-07-23T04:44:49.792Z] GET /alerts
[2026-07-23T04:44:52.777Z] GET /zone/state
[2026-07-23T04:44:52.783Z] GET /alerts
[2026-07-23T04:44:55.781Z] GET /zone/state
[2026-07-23T04:44:55.793Z] GET /alerts
[2026-07-23T04:44:58.801Z] GET /zone/state
[2026-07-23T04:44:58.810Z] GET /alerts
[2026-07-23T04:45:01.772Z] GET /zone/state
[2026-07-23T04:45:01.778Z] GET /alerts
[2026-07-23T04:45:04.769Z] GET /zone/state
[2026-07-23T04:45:04.779Z] GET /alerts
[2026-07-23T04:46:02.784Z] GET /zone/state
[2026-07-23T04:46:02.798Z] GET /alerts
[2026-07-23T04:47:02.786Z] GET /zone/state
[2026-07-23T04:47:02.797Z] GET /alerts
[2026-07-23T04:47:06.703Z] GET /zone/state
[2026-07-23T04:47:06.754Z] GET /alerts
[2026-07-23T04:47:07.426Z] GET /zone/state
[2026-07-23T04:47:07.430Z] GET /alerts
[2026-07-23T04:47:10.778Z] GET /zone/state
[2026-07-23T04:47:10.790Z] GET /alerts
[2026-07-23T04:47:13.778Z] GET /zone/state
[2026-07-23T04:47:13.783Z] GET /alerts
[2026-07-23T04:47:16.773Z] GET /zone/state
[2026-07-23T04:47:16.777Z] GET /alerts
[2026-07-23T04:47:19.780Z] GET /zone/state
[2026-07-23T04:47:19.794Z] GET /alerts
[2026-07-23T04:47:22.770Z] GET /zone/state
[2026-07-23T04:47:22.782Z] GET /alerts
[2026-07-23T04:47:25.775Z] GET /zone/state
[2026-07-23T04:47:25.781Z] GET /alerts
[2026-07-23T04:47:28.769Z] GET /zone/state
[2026-07-23T04:47:28.773Z] GET /alerts
[2026-07-23T04:47:31.777Z] GET /zone/state
[2026-07-23T04:47:31.783Z] GET /alerts
[2026-07-23T04:47:34.777Z] GET /zone/state
[2026-07-23T04:47:34.782Z] GET /alerts
[2026-07-23T04:47:37.783Z] GET /zone/state
[2026-07-23T04:47:37.794Z] GET /alerts
[2026-07-23T04:47:40.772Z] GET /zone/state
[2026-07-23T04:47:40.788Z] GET /alerts
[2026-07-23T04:47:43.780Z] GET /zone/state
[2026-07-23T04:47:43.789Z] GET /alerts
[2026-07-23T04:47:46.786Z] GET /zone/state
[2026-07-23T04:47:46.810Z] GET /alerts
[2026-07-23T04:47:49.770Z] GET /zone/state
[2026-07-23T04:47:49.781Z] GET /alerts
[2026-07-23T04:47:52.776Z] GET /zone/state
[2026-07-23T04:47:52.790Z] GET /alerts
[2026-07-23T04:47:55.780Z] GET /zone/state
[2026-07-23T04:47:55.788Z] GET /alerts
[2026-07-23T04:47:58.770Z] GET /zone/state
[2026-07-23T04:47:58.775Z] GET /alerts
[2026-07-23T04:48:01.778Z] GET /zone/state
[2026-07-23T04:48:01.783Z] GET /alerts
[2026-07-23T04:48:04.777Z] GET /zone/state
[2026-07-23T04:48:04.784Z] GET /alerts
[2026-07-23T04:49:02.777Z] GET /zone/state
[2026-07-23T04:49:02.789Z] GET /alerts
[2026-07-23T04:50:02.787Z] GET /zone/state
[2026-07-23T04:50:02.794Z] GET /alerts
[2026-07-23T04:51:02.775Z] GET /zone/state
[2026-07-23T04:51:02.784Z] GET /alerts
[2026-07-23T04:52:02.784Z] GET /zone/state
[2026-07-23T04:52:02.791Z] GET /alerts
[2026-07-23T04:53:02.781Z] GET /zone/state
[2026-07-23T04:53:02.789Z] GET /alerts
[2026-07-23T04:54:02.786Z] GET /zone/state
[2026-07-23T04:54:02.793Z] GET /alerts
[2026-07-23T04:55:02.788Z] GET /zone/state
[2026-07-23T04:55:02.795Z] GET /alerts
[2026-07-23T04:56:02.781Z] GET /zone/state
[2026-07-23T04:56:02.796Z] GET /alerts
[2026-07-23T04:57:02.778Z] GET /zone/state
[2026-07-23T04:57:02.785Z] GET /alerts
[2026-07-23T04:58:02.772Z] GET /zone/state
[2026-07-23T04:58:02.783Z] GET /alerts
[2026-07-23T04:59:02.778Z] GET /zone/state
[2026-07-23T04:59:02.787Z] GET /alerts
[2026-07-23T05:00:02.778Z] GET /zone/state
[2026-07-23T05:00:02.787Z] GET /alerts
[2026-07-23T05:01:02.793Z] GET /zone/state
[2026-07-23T05:01:02.813Z] GET /alerts
[2026-07-23T05:02:02.778Z] GET /zone/state
[2026-07-23T05:02:02.785Z] GET /alerts
[2026-07-23T05:03:02.773Z] GET /zone/state
[2026-07-23T05:03:02.783Z] GET /alerts
[2026-07-23T05:04:02.778Z] GET /zone/state
[2026-07-23T05:04:02.791Z] GET /alerts
[2026-07-23T05:17:56.431Z] GET /zone/state
[2026-07-23T05:17:56.451Z] GET /alerts
[2026-07-23T05:18:02.779Z] GET /zone/state
[2026-07-23T05:18:02.790Z] GET /alerts
[2026-07-23T05:19:02.770Z] GET /zone/state
[2026-07-23T05:19:02.784Z] GET /alerts
[2026-07-23T05:20:02.780Z] GET /zone/state
[2026-07-23T05:20:02.790Z] GET /alerts
[2026-07-23T05:21:02.780Z] GET /zone/state
[2026-07-23T05:21:02.786Z] GET /alerts
[2026-07-23T05:22:02.777Z] GET /zone/state
[2026-07-23T05:22:02.783Z] GET /alerts
[2026-07-23T05:23:03.095Z] GET /zone/state
[2026-07-23T05:23:03.526Z] GET /alerts
[2026-07-23T05:24:02.779Z] GET /zone/state
[2026-07-23T05:24:02.790Z] GET /alerts
[2026-07-23T05:25:02.778Z] GET /zone/state
[2026-07-23T05:25:02.796Z] GET /alerts
[2026-07-23T05:26:02.779Z] GET /zone/state
[2026-07-23T05:26:02.796Z] GET /alerts
[2026-07-23T05:27:02.774Z] GET /zone/state
[2026-07-23T05:27:02.787Z] GET /alerts
[2026-07-23T05:28:02.776Z] GET /zone/state
[2026-07-23T05:28:02.786Z] GET /alerts
[2026-07-23T05:29:02.783Z] GET /zone/state
[2026-07-23T05:29:02.790Z] GET /alerts
[2026-07-23T05:30:02.773Z] GET /zone/state
[2026-07-23T05:30:02.785Z] GET /alerts
[2026-07-23T05:31:02.788Z] GET /zone/state
[2026-07-23T05:31:02.796Z] GET /alerts
[2026-07-23T05:32:02.773Z] GET /zone/state
[2026-07-23T05:32:02.779Z] GET /alerts
[2026-07-23T05:33:02.779Z] GET /zone/state
[2026-07-23T05:33:02.788Z] GET /alerts
[2026-07-23T05:34:02.785Z] GET /zone/state
[2026-07-23T05:34:02.795Z] GET /alerts
[2026-07-23T05:35:02.778Z] GET /zone/state
[2026-07-23T05:35:02.791Z] GET /alerts
[2026-07-23T05:36:02.787Z] GET /zone/state
[2026-07-23T05:36:02.796Z] GET /alerts
[2026-07-23T05:37:02.784Z] GET /zone/state
[2026-07-23T05:37:02.792Z] GET /alerts
[2026-07-23T05:38:02.784Z] GET /zone/state
[2026-07-23T05:38:02.798Z] GET /alerts
[2026-07-23T05:39:02.780Z] GET /zone/state
[2026-07-23T05:39:02.786Z] GET /alerts
[2026-07-23T05:40:02.771Z] GET /zone/state
[2026-07-23T05:40:02.778Z] GET /alerts
[2026-07-23T05:40:57.423Z] GET /zone/state
[2026-07-23T05:40:57.861Z] GET /alerts
[2026-07-23T05:40:58.831Z] GET /zone/state
[2026-07-23T05:40:58.843Z] GET /alerts
[2026-07-23T05:41:01.778Z] GET /zone/state
[2026-07-23T05:41:01.789Z] GET /alerts
[2026-07-23T05:41:04.783Z] GET /zone/state
[2026-07-23T05:41:04.816Z] GET /alerts
[2026-07-23T05:41:07.830Z] GET /zone/state
[2026-07-23T05:41:07.901Z] GET /alerts
[2026-07-23T05:41:10.775Z] GET /zone/state
[2026-07-23T05:41:10.797Z] GET /alerts
[2026-07-23T05:41:13.838Z] GET /zone/state
[2026-07-23T05:41:13.846Z] GET /alerts
[2026-07-23T05:41:16.813Z] GET /zone/state
[2026-07-23T05:41:16.827Z] GET /alerts
[2026-07-23T05:41:19.767Z] GET /zone/state
[2026-07-23T05:41:19.778Z] GET /alerts
[2026-07-23T05:41:22.771Z] GET /zone/state
[2026-07-23T05:41:22.776Z] GET /alerts
[2026-07-23T05:41:25.782Z] GET /zone/state
[2026-07-23T05:41:25.787Z] GET /alerts
[2026-07-23T05:41:28.781Z] GET /zone/state
[2026-07-23T05:41:28.786Z] GET /alerts
[2026-07-23T05:41:31.772Z] GET /zone/state
[2026-07-23T05:41:31.777Z] GET /alerts
[2026-07-23T05:41:34.775Z] GET /zone/state
[2026-07-23T05:41:34.782Z] GET /alerts
[2026-07-23T05:41:37.779Z] GET /zone/state
[2026-07-23T05:41:37.787Z] GET /alerts
[2026-07-23T05:41:40.774Z] GET /zone/state
[2026-07-23T05:41:40.783Z] GET /alerts
[2026-07-23T05:41:43.782Z] GET /zone/state
[2026-07-23T05:41:43.788Z] GET /alerts
[2026-07-23T05:41:46.778Z] GET /zone/state
[2026-07-23T05:41:46.783Z] GET /alerts
[2026-07-23T05:41:49.772Z] GET /zone/state
[2026-07-23T05:41:49.778Z] GET /alerts
[2026-07-23T05:41:52.767Z] GET /zone/state
[2026-07-23T05:41:52.776Z] GET /alerts
[2026-07-23T05:41:55.770Z] GET /zone/state
[2026-07-23T05:41:55.778Z] GET /alerts
[2026-07-23T05:42:02.787Z] GET /zone/state
[2026-07-23T05:42:02.823Z] GET /alerts
[2026-07-23T05:43:02.778Z] GET /zone/state
[2026-07-23T05:43:02.787Z] GET /alerts
[2026-07-23T05:44:02.788Z] GET /zone/state
[2026-07-23T05:44:02.793Z] GET /alerts
[2026-07-23T05:45:02.778Z] GET /zone/state
[2026-07-23T05:45:02.793Z] GET /alerts
[2026-07-23T05:46:02.795Z] GET /zone/state
[2026-07-23T05:46:02.808Z] GET /alerts
[2026-07-23T05:47:02.786Z] GET /zone/state
[2026-07-23T05:47:02.792Z] GET /alerts
[2026-07-23T05:48:02.777Z] GET /zone/state
[2026-07-23T05:48:02.805Z] GET /alerts
[2026-07-23T05:49:02.977Z] GET /zone/state
[2026-07-23T05:49:03.045Z] GET /alerts
[2026-07-23T05:50:02.804Z] GET /zone/state
[2026-07-23T05:50:02.820Z] GET /alerts
[2026-07-23T05:51:02.780Z] GET /zone/state
[2026-07-23T05:51:02.791Z] GET /alerts
[2026-07-23T05:52:02.786Z] GET /zone/state
[2026-07-23T05:52:02.800Z] GET /alerts
[2026-07-23T05:53:02.784Z] GET /zone/state
[2026-07-23T05:53:02.792Z] GET /alerts
[2026-07-23T05:54:02.779Z] GET /zone/state
[2026-07-23T05:54:02.786Z] GET /alerts
[2026-07-23T05:55:02.793Z] GET /zone/state
[2026-07-23T05:55:02.808Z] GET /alerts
[2026-07-23T06:39:53.979Z] GET /zone/state
[2026-07-23T06:39:54.072Z] GET /zone/state
[2026-07-23T06:39:54.082Z] GET /alerts
[2026-07-23T06:39:54.176Z] GET /alerts
[2026-07-23T06:39:57.920Z] GET /zone/state
[2026-07-23T06:39:57.931Z] GET /alerts
[2026-07-23T06:40:00.802Z] GET /zone/state
[2026-07-23T06:40:00.813Z] GET /alerts
[2026-07-23T06:40:03.814Z] GET /zone/state
[2026-07-23T06:40:03.859Z] GET /alerts
[2026-07-23T06:40:06.769Z] GET /zone/state
[2026-07-23T06:40:06.783Z] GET /alerts
[2026-07-23T06:40:09.813Z] GET /zone/state
[2026-07-23T06:40:09.824Z] GET /alerts
[2026-07-23T06:40:12.771Z] GET /zone/state
[2026-07-23T06:40:12.780Z] GET /alerts
[2026-07-23T06:40:15.771Z] GET /zone/state
[2026-07-23T06:40:15.789Z] GET /alerts
[2026-07-23T06:40:18.799Z] GET /zone/state
[2026-07-23T06:40:18.832Z] GET /alerts
[2026-07-23T06:40:21.811Z] GET /zone/state
[2026-07-23T06:40:21.821Z] GET /alerts
[2026-07-23T06:40:24.787Z] GET /zone/state
[2026-07-23T06:40:24.797Z] GET /alerts
[2026-07-23T06:40:27.767Z] GET /zone/state
[2026-07-23T06:40:27.774Z] GET /alerts
[2026-07-23T06:40:30.787Z] GET /zone/state
[2026-07-23T06:40:30.812Z] GET /alerts
[2026-07-23T06:40:33.768Z] GET /zone/state
[2026-07-23T06:40:33.784Z] GET /alerts
[2026-07-23T06:40:36.780Z] GET /zone/state
[2026-07-23T06:40:36.786Z] GET /alerts
[2026-07-23T06:40:39.783Z] GET /zone/state
[2026-07-23T06:40:39.791Z] GET /alerts
[2026-07-23T06:40:42.784Z] GET /zone/state
[2026-07-23T06:40:42.794Z] GET /alerts
[2026-07-23T06:40:45.770Z] GET /zone/state
[2026-07-23T06:40:45.783Z] GET /alerts
[2026-07-23T06:40:48.815Z] GET /zone/state
[2026-07-23T06:40:48.825Z] GET /alerts
[2026-07-23T06:40:51.789Z] GET /zone/state
[2026-07-23T06:40:51.803Z] GET /alerts
[2026-07-23T06:40:54.774Z] GET /zone/state
[2026-07-23T06:40:54.791Z] GET /alerts
[2026-07-23T06:41:02.806Z] GET /zone/state
[2026-07-23T06:41:02.820Z] GET /alerts
[2026-07-23T06:42:02.790Z] GET /zone/state
[2026-07-23T06:42:02.798Z] GET /alerts
[2026-07-23T06:43:02.794Z] GET /zone/state
[2026-07-23T06:43:02.805Z] GET /alerts
[2026-07-23T06:44:46.929Z] GET /zone/state
[2026-07-23T06:44:47.454Z] GET /alerts
[2026-07-23T06:45:03.095Z] GET /zone/state
[2026-07-23T06:45:03.127Z] GET /alerts
[2026-07-23T06:46:02.810Z] GET /zone/state
[2026-07-23T06:46:02.821Z] GET /alerts
[2026-07-23T06:47:02.789Z] GET /zone/state
[2026-07-23T06:47:02.825Z] GET /alerts
[2026-07-23T06:48:02.812Z] GET /zone/state
[2026-07-23T06:48:02.826Z] GET /alerts
[2026-07-23T06:55:02.791Z] GET /zone/state
[2026-07-23T06:55:03.062Z] GET /alerts
[2026-07-23T06:56:02.813Z] GET /zone/state
[2026-07-23T06:56:02.820Z] GET /alerts
[2026-07-23T06:57:02.773Z] GET /zone/state
[2026-07-23T06:57:02.785Z] GET /alerts
[2026-07-23T06:58:02.871Z] GET /zone/state
[2026-07-23T06:58:02.909Z] GET /alerts
[2026-07-23T06:59:02.796Z] GET /zone/state
[2026-07-23T06:59:02.806Z] GET /alerts
[2026-07-23T07:00:04.406Z] GET /zone/state
[2026-07-23T07:00:04.734Z] GET /alerts
[2026-07-23T07:01:02.914Z] GET /zone/state
[2026-07-23T07:01:02.933Z] GET /alerts
[2026-07-23T07:07:54.992Z] GET /zone/state
[2026-07-23T07:07:57.493Z] GET /alerts
[2026-07-23T07:08:02.788Z] GET /zone/state
[2026-07-23T07:08:02.798Z] GET /alerts
[2026-07-23T07:09:02.782Z] GET /zone/state
[2026-07-23T07:09:02.792Z] GET /alerts
[2026-07-23T07:10:02.808Z] GET /zone/state
[2026-07-23T07:10:02.831Z] GET /alerts
[2026-07-23T07:11:02.814Z] GET /zone/state
[2026-07-23T07:11:02.830Z] GET /alerts
[2026-07-23T07:12:02.816Z] GET /zone/state
[2026-07-23T07:12:02.832Z] GET /alerts
[2026-07-23T07:13:02.833Z] GET /zone/state
[2026-07-23T07:13:02.843Z] GET /alerts
[2026-07-23T07:14:02.796Z] GET /zone/state
[2026-07-23T07:14:02.815Z] GET /alerts
[2026-07-23T07:15:02.805Z] GET /zone/state
[2026-07-23T07:15:02.839Z] GET /alerts
[2026-07-23T07:16:02.819Z] GET /zone/state
[2026-07-23T07:16:02.826Z] GET /alerts
[2026-07-23T07:17:02.819Z] GET /zone/state
[2026-07-23T07:17:02.844Z] GET /alerts
[2026-07-23T07:18:02.835Z] GET /zone/state
[2026-07-23T07:18:02.847Z] GET /alerts
[2026-07-23T07:19:02.812Z] GET /zone/state
[2026-07-23T07:19:02.826Z] GET /alerts
[2026-07-23T07:20:02.832Z] GET /zone/state
[2026-07-23T07:20:02.850Z] GET /alerts
[2026-07-23T07:20:21.099Z] GET /zone/state
[2026-07-23T07:20:21.105Z] GET /alerts
[2026-07-23T07:21:46.758Z] GET /zone/state
[2026-07-23T07:21:46.765Z] GET /zone/state
[2026-07-23T07:21:46.772Z] GET /alerts
[2026-07-23T07:21:46.779Z] GET /alerts
[2026-07-23T07:21:52.008Z] POST /api/flood/execute
[2026-07-23T07:21:54.807Z] GET /api/signals
[2026-07-23T07:21:54.819Z] GET /api/signals
[2026-07-23T07:22:10.508Z] GET /zone/state
[2026-07-23T07:22:10.524Z] GET /zone/state
[2026-07-23T07:22:10.545Z] GET /alerts
[2026-07-23T07:22:10.588Z] GET /alerts
[2026-07-23T07:22:19.615Z] GET /zone/state
[2026-07-23T07:22:19.619Z] GET /zone/state
[2026-07-23T07:22:19.637Z] GET /alerts
[2026-07-23T07:22:19.649Z] GET /alerts
[2026-07-23T10:56:25.876Z] GET /api/signals
[2026-07-23T10:56:25.891Z] GET /api/signals
[2026-07-23T11:00:12.798Z] GET /api/incidents
[2026-07-23T11:00:12.938Z] GET /favicon.ico
[2026-07-23T11:00:15.857Z] GET /api/incidents
[2026-07-23T11:03:07.924Z] GET /incidents
[2026-07-23T11:03:07.930Z] GET /incidents
[2026-07-23T11:19:24.801Z] GET /api/incidents
[2026-07-23T11:20:20.197Z] GET /api/runtime/flood-scenario
[2026-07-23T11:24:29.792Z] GET /zone/state
[2026-07-23T11:24:29.823Z] GET /zone/state
[2026-07-23T11:24:29.839Z] GET /alerts
[2026-07-23T11:24:29.851Z] GET /alerts
[2026-07-23T11:24:32.791Z] GET /zone/state
[2026-07-23T11:24:32.797Z] GET /alerts
[2026-07-23T11:26:21.951Z] GET /zone/state
[2026-07-23T11:26:21.967Z] GET /zone/state
[2026-07-23T11:26:21.991Z] GET /alerts
[2026-07-23T11:26:22.000Z] GET /alerts
[2026-07-23T11:26:46.765Z] GET /zone/state
[2026-07-23T11:26:46.775Z] GET /zone/state
[2026-07-23T11:26:46.789Z] GET /alerts
[2026-07-23T11:26:46.821Z] GET /alerts
[2026-07-23T11:26:56.953Z] GET /zone/state
[2026-07-23T11:26:56.971Z] GET /zone/state
[2026-07-23T11:26:57.007Z] GET /alerts
[2026-07-23T11:26:57.012Z] GET /alerts
[2026-07-23T11:27:49.091Z] GET /zone/state
[2026-07-23T11:27:49.094Z] GET /zone/state
[2026-07-23T11:27:49.127Z] GET /alerts
[2026-07-23T11:27:49.173Z] GET /alerts
[2026-07-23T11:28:42.780Z] GET /zone/state
[2026-07-23T11:28:42.784Z] GET /zone/state
[2026-07-23T11:28:42.791Z] GET /alerts
[2026-07-23T11:28:42.801Z] GET /alerts
[2026-07-23T11:28:49.371Z] GET /api/telemetry
[2026-07-23T11:28:49.379Z] GET /api/telemetry
[2026-07-23T11:28:50.116Z] GET /api/signals
[2026-07-23T11:28:50.126Z] GET /api/signals
[2026-07-23T11:44:11.728Z] GET /zone/state
[2026-07-23T11:44:11.735Z] GET /zone/state
[2026-07-23T11:44:11.767Z] GET /alerts
[2026-07-23T11:44:11.773Z] GET /alerts
[2026-07-23T11:45:35.822Z] GET /zone/state
[2026-07-23T11:45:35.831Z] GET /zone/state
[2026-07-23T11:45:35.902Z] GET /alerts
[2026-07-23T11:45:35.922Z] GET /alerts
[2026-07-23T12:41:47.100Z] GET /api/health
[2026-07-23T12:41:47.117Z] GET /api/health
[2026-07-23T12:41:47.188Z] GET /api/dashboard
[2026-07-23T12:41:47.456Z] GET /api/dashboard
[2026-07-23T12:41:47.462Z] GET /api/incidents
[2026-07-23T12:41:47.484Z] GET /api/incidents
[2026-07-23T12:50:42.360Z] GET /zone/state
[2026-07-23T12:50:42.373Z] GET /zone/state
[2026-07-23T12:50:42.389Z] GET /alerts
[2026-07-23T12:50:42.402Z] GET /alerts
[2026-07-23T12:50:43.495Z] GET /api/health
[2026-07-23T12:50:43.500Z] GET /api/health
[2026-07-23T12:50:43.620Z] GET /api/dashboard
[2026-07-23T12:50:43.627Z] GET /api/dashboard
[2026-07-23T12:50:43.650Z] GET /api/incidents
[2026-07-23T12:50:43.655Z] GET /api/incidents
[2026-07-23T17:56:09.825Z] GET /alerts
[2026-07-23T17:56:09.850Z] GET /alerts
[2026-07-23T17:56:13.669Z] GET /zone/state
[2026-07-23T17:56:13.679Z] GET /alerts
[2026-07-23T17:56:16.666Z] GET /zone/state
[2026-07-23T17:56:16.673Z] GET /alerts
[2026-07-23T17:56:19.661Z] GET /zone/state
[2026-07-23T17:56:19.670Z] GET /alerts
[2026-07-23T17:56:22.680Z] GET /zone/state
[2026-07-23T17:56:22.695Z] GET /alerts
[2026-07-23T17:56:25.667Z] GET /zone/state
[2026-07-23T17:56:25.674Z] GET /alerts
[2026-07-23T17:56:28.661Z] GET /zone/state
[2026-07-23T17:56:28.674Z] GET /alerts
[2026-07-23T17:56:31.669Z] GET /zone/state
[2026-07-23T17:56:31.679Z] GET /alerts
[2026-07-23T17:56:34.671Z] GET /zone/state
[2026-07-23T17:56:34.690Z] GET /alerts
[2026-07-23T17:56:37.665Z] GET /zone/state
[2026-07-23T17:56:37.680Z] GET /alerts
[2026-07-23T17:56:40.670Z] GET /zone/state
[2026-07-23T17:56:40.678Z] GET /alerts
[2026-07-23T17:56:43.661Z] GET /zone/state
[2026-07-23T17:56:43.668Z] GET /alerts
[2026-07-23T17:56:46.665Z] GET /zone/state
[2026-07-23T17:56:46.680Z] GET /alerts
[2026-07-23T17:56:49.660Z] GET /zone/state
[2026-07-23T17:56:49.671Z] GET /alerts
[2026-07-23T17:56:52.666Z] GET /zone/state
[2026-07-23T17:56:52.680Z] GET /alerts
[2026-07-23T17:56:55.667Z] GET /zone/state
[2026-07-23T17:56:55.688Z] GET /alerts
[2026-07-23T17:56:58.662Z] GET /zone/state
[2026-07-23T17:56:58.670Z] GET /alerts
[2026-07-23T17:57:01.657Z] GET /zone/state
[2026-07-23T17:57:01.665Z] GET /alerts
[2026-07-23T17:57:04.669Z] GET /zone/state
[2026-07-23T17:57:04.686Z] GET /alerts
[2026-07-23T17:57:07.668Z] GET /zone/state
[2026-07-23T17:57:07.674Z] GET /alerts
[2026-07-23T17:57:10.671Z] GET /zone/state
[2026-07-23T17:57:10.677Z] GET /alerts
[2026-07-23T17:58:02.673Z] GET /zone/state
[2026-07-23T17:58:02.683Z] GET /alerts
[2026-07-23T17:59:02.670Z] GET /zone/state
[2026-07-23T17:59:02.685Z] GET /alerts
[2026-07-23T18:00:02.675Z] GET /zone/state
[2026-07-23T18:00:02.691Z] GET /alerts
[2026-07-23T18:01:02.675Z] GET /zone/state
[2026-07-23T18:01:02.685Z] GET /alerts
[2026-07-23T18:02:02.662Z] GET /zone/state
[2026-07-23T18:02:02.670Z] GET /alerts
[2026-07-23T18:03:02.674Z] GET /zone/state
[2026-07-23T18:03:02.681Z] GET /alerts
[2026-07-23T18:04:02.667Z] GET /zone/state
[2026-07-23T18:04:02.682Z] GET /alerts
[2026-07-23T18:04:56.128Z] GET /zone/state
[2026-07-23T18:04:56.172Z] GET /alerts
[2026-07-23T18:04:57.728Z] GET /zone/state
[2026-07-23T18:04:57.733Z] GET /alerts
[2026-07-23T18:06:03.645Z] GET /zone/state
[2026-07-23T18:06:03.649Z] GET /zone/state
[2026-07-23T18:06:03.707Z] GET /alerts
[2026-07-23T18:06:03.710Z] GET /alerts
[2026-07-23T18:06:06.640Z] GET /zone/state
[2026-07-23T18:06:06.643Z] GET /alerts
[2026-07-23T18:06:07.148Z] GET /api/dashboard
[2026-07-23T18:06:07.167Z] GET /api/dashboard
[2026-07-23T18:06:14.948Z] POST /api/execute-signal
[2026-07-23T18:09:50.069Z] GET /zone/state
[2026-07-23T18:09:50.089Z] GET /zone/state
[2026-07-23T18:09:50.101Z] GET /alerts
[2026-07-23T18:09:50.108Z] GET /alerts
[2026-07-23T18:09:51.282Z] GET /api/dashboard
[2026-07-23T18:09:51.298Z] GET /api/dashboard
[2026-07-23T18:25:31.684Z] GET /api/dashboard
[2026-07-23T18:35:34.453Z] GET /zone/state
[2026-07-23T18:35:34.457Z] GET /zone/state
[2026-07-23T18:35:34.470Z] GET /alerts
[2026-07-23T18:35:34.476Z] GET /alerts
[2026-07-23T18:35:36.450Z] GET /api/dashboard
[2026-07-23T18:35:36.455Z] GET /api/dashboard
[2026-07-23T18:35:45.595Z] POST /api/execute-signal
[2026-07-23T18:37:44.233Z] GET /zone/state
[2026-07-23T18:37:44.238Z] GET /zone/state
[2026-07-23T18:37:44.251Z] GET /alerts
[2026-07-23T18:37:44.254Z] GET /alerts
[2026-07-23T18:37:46.249Z] GET /api/dashboard
[2026-07-23T18:37:46.255Z] GET /api/dashboard
[2026-07-23T18:39:01.794Z] GET /zone/state
[2026-07-23T18:39:01.797Z] GET /zone/state
[2026-07-23T18:39:01.810Z] GET /alerts
[2026-07-23T18:39:01.817Z] GET /alerts
[2026-07-23T18:39:02.926Z] GET /api/dashboard
[2026-07-23T18:39:02.931Z] GET /api/dashboard
[2026-07-23T18:42:36.329Z] GET /api/health
[2026-07-23T18:42:36.346Z] GET /api/health
[2026-07-23T18:42:36.394Z] GET /api/dashboard
[2026-07-23T18:42:36.406Z] GET /api/dashboard
[2026-07-23T18:42:36.410Z] GET /api/incidents
[2026-07-23T18:42:36.428Z] GET /api/incidents
[2026-07-23T18:42:37.818Z] GET /api/dashboard
[2026-07-23T18:42:37.824Z] GET /api/dashboard
[2026-07-23T19:17:27.810Z] GET /zone/state
[2026-07-23T19:17:27.859Z] GET /zone/state
[2026-07-23T19:17:27.879Z] GET /alerts
[2026-07-23T19:17:27.883Z] GET /alerts
[2026-07-23T19:17:29.376Z] GET /api/dashboard
[2026-07-23T19:17:29.393Z] GET /api/dashboard
[2026-07-23T19:19:16.979Z] GET /zone/state
[2026-07-23T19:19:16.983Z] GET /zone/state
[2026-07-23T19:19:16.988Z] GET /alerts
[2026-07-23T19:19:16.997Z] GET /alerts
[2026-07-23T19:19:18.481Z] GET /api/dashboard
[2026-07-23T19:19:18.487Z] GET /api/dashboard
[2026-07-23T19:20:05.908Z] GET /zone/state
[2026-07-23T19:20:05.955Z] GET /zone/state
[2026-07-23T19:20:05.967Z] GET /alerts
[2026-07-23T19:20:05.972Z] GET /alerts
[2026-07-23T19:20:08.054Z] GET /api/dashboard
[2026-07-23T19:20:08.072Z] GET /api/dashboard
[2026-07-23T19:20:42.687Z] GET /zone/state
[2026-07-23T19:20:42.704Z] GET /zone/state
[2026-07-23T19:20:42.742Z] GET /alerts
[2026-07-23T19:20:42.763Z] GET /alerts
[2026-07-23T19:20:43.770Z] GET /api/dashboard
[2026-07-23T19:20:43.777Z] GET /api/dashboard
[2026-07-23T19:20:47.595Z] POST /api/execute-signal
[2026-07-23T19:24:04.602Z] GET /zone/state
[2026-07-23T19:24:04.646Z] GET /zone/state
[2026-07-23T19:24:04.665Z] GET /alerts
[2026-07-23T19:24:04.669Z] GET /alerts
[2026-07-23T19:24:05.847Z] GET /api/dashboard
[2026-07-23T19:24:05.863Z] GET /api/dashboard
[2026-07-23T19:25:02.180Z] GET /api/dashboard
[2026-07-23T19:26:07.332Z] GET /api/dashboard
[2026-07-23T19:26:28.535Z] GET /api/dashboard
[2026-07-23T19:26:31.041Z] GET /zone/state
[2026-07-23T19:26:31.051Z] GET /zone/state
[2026-07-23T19:26:31.079Z] GET /alerts
[2026-07-23T19:26:31.092Z] GET /alerts
[2026-07-23T19:26:33.171Z] GET /api/dashboard
[2026-07-23T19:26:33.178Z] GET /api/dashboard
[2026-07-23T19:38:10.742Z] GET /zone/state
[2026-07-23T19:38:10.798Z] GET /zone/state
[2026-07-23T19:38:10.809Z] GET /alerts
[2026-07-23T19:38:10.861Z] GET /alerts
[2026-07-23T19:38:11.870Z] GET /api/dashboard
[2026-07-23T19:38:11.900Z] GET /api/dashboard
[2026-07-23T19:40:40.110Z] GET /zone/state
[2026-07-23T19:40:40.129Z] GET /zone/state
[2026-07-23T19:40:40.147Z] GET /alerts
[2026-07-23T19:40:40.180Z] GET /alerts
[2026-07-23T19:40:41.363Z] GET /api/dashboard
[2026-07-23T19:40:41.383Z] GET /api/dashboard
[2026-07-23T19:54:54.890Z] GET /zone/state
[2026-07-23T19:54:54.899Z] GET /zone/state
[2026-07-23T19:54:54.933Z] GET /alerts
[2026-07-23T19:54:54.941Z] GET /alerts
[2026-07-23T19:54:55.941Z] GET /api/dashboard
[2026-07-23T19:54:55.944Z] GET /api/dashboard
[2026-07-23T19:55:31.808Z] GET /zone/state
[2026-07-23T19:55:31.813Z] GET /zone/state
[2026-07-23T19:55:31.834Z] GET /alerts
[2026-07-23T19:55:31.853Z] GET /alerts
[2026-07-23T19:55:32.979Z] GET /api/dashboard
[2026-07-23T19:55:32.989Z] GET /api/dashboard
[2026-07-23T19:55:58.827Z] GET /zone/state
[2026-07-23T19:55:58.873Z] GET /zone/state
[2026-07-23T19:55:58.895Z] GET /alerts
[2026-07-23T19:55:58.906Z] GET /alerts
[2026-07-23T19:55:59.623Z] GET /api/dashboard
[2026-07-23T19:55:59.704Z] GET /api/dashboard
[2026-07-23T20:05:45.440Z] GET /zone/state
[2026-07-23T20:05:45.448Z] GET /zone/state
[2026-07-23T20:05:45.467Z] GET /alerts
[2026-07-23T20:05:45.479Z] GET /alerts
[2026-07-23T20:05:46.558Z] GET /api/dashboard
[2026-07-23T20:05:46.571Z] GET /api/dashboard
[2026-07-24T04:40:21.856Z] GET /zone/state
[2026-07-24T04:40:21.881Z] GET /zone/state
[2026-07-24T04:40:21.912Z] GET /alerts
[2026-07-24T04:40:21.927Z] GET /alerts
[2026-07-24T04:40:24.852Z] GET /zone/state
[2026-07-24T04:40:24.864Z] GET /alerts
[2026-07-24T04:40:27.870Z] GET /zone/state
[2026-07-24T04:40:27.878Z] GET /alerts
[2026-07-24T04:40:30.846Z] GET /zone/state
[2026-07-24T04:40:30.854Z] GET /alerts
[2026-07-24T04:40:33.858Z] GET /zone/state
[2026-07-24T04:40:33.865Z] GET /alerts
[2026-07-24T04:40:36.853Z] GET /zone/state
[2026-07-24T04:40:36.866Z] GET /alerts
[2026-07-24T04:40:39.850Z] GET /zone/state
[2026-07-24T04:40:39.857Z] GET /alerts
[2026-07-24T04:40:42.852Z] GET /zone/state
[2026-07-24T04:40:42.861Z] GET /alerts
[2026-07-24T04:40:45.851Z] GET /zone/state
[2026-07-24T04:40:45.858Z] GET /alerts
[2026-07-24T04:40:48.859Z] GET /zone/state
[2026-07-24T04:40:48.867Z] GET /alerts
[2026-07-24T04:40:51.846Z] GET /zone/state
[2026-07-24T04:40:51.854Z] GET /alerts
[2026-07-24T04:40:54.859Z] GET /zone/state
[2026-07-24T04:40:54.867Z] GET /alerts
[2026-07-24T04:40:57.858Z] GET /zone/state
[2026-07-24T04:40:57.864Z] GET /alerts
[2026-07-24T04:41:00.850Z] GET /zone/state
[2026-07-24T04:41:00.858Z] GET /alerts
[2026-07-24T04:41:03.859Z] GET /zone/state
[2026-07-24T04:41:03.866Z] GET /alerts
[2026-07-24T04:41:06.855Z] GET /zone/state
[2026-07-24T04:41:06.863Z] GET /alerts
[2026-07-24T04:41:09.856Z] GET /zone/state
[2026-07-24T04:41:09.863Z] GET /alerts
[2026-07-24T04:41:12.860Z] GET /zone/state
[2026-07-24T04:41:12.869Z] GET /alerts
[2026-07-24T04:41:15.858Z] GET /zone/state
[2026-07-24T04:41:15.863Z] GET /alerts
[2026-07-24T04:41:18.846Z] GET /zone/state
[2026-07-24T04:41:18.856Z] GET /alerts
[2026-07-24T04:41:21.845Z] GET /zone/state
[2026-07-24T04:41:21.851Z] GET /alerts
[2026-07-24T04:41:24.850Z] GET /zone/state
[2026-07-24T04:41:24.857Z] GET /alerts
[2026-07-24T04:41:27.853Z] GET /zone/state
[2026-07-24T04:41:27.859Z] GET /alerts
[2026-07-24T04:41:30.854Z] GET /zone/state
[2026-07-24T04:41:30.863Z] GET /alerts
[2026-07-24T04:41:33.850Z] GET /zone/state
[2026-07-24T04:41:33.857Z] GET /alerts
[2026-07-24T04:41:36.848Z] GET /zone/state
[2026-07-24T04:41:36.854Z] GET /alerts
[2026-07-24T04:41:39.861Z] GET /zone/state
[2026-07-24T04:41:39.870Z] GET /alerts
[2026-07-24T04:41:42.866Z] GET /zone/state
[2026-07-24T04:41:42.878Z] GET /alerts
[2026-07-24T04:41:45.848Z] GET /zone/state
[2026-07-24T04:41:45.885Z] GET /alerts
[2026-07-24T04:41:48.859Z] GET /zone/state
[2026-07-24T04:41:48.869Z] GET /alerts
[2026-07-24T04:41:51.853Z] GET /zone/state
[2026-07-24T04:41:51.862Z] GET /alerts
[2026-07-24T04:41:54.856Z] GET /zone/state
[2026-07-24T04:41:54.864Z] GET /alerts
[2026-07-24T04:41:57.877Z] GET /zone/state
[2026-07-24T04:41:57.887Z] GET /alerts
[2026-07-24T04:41:58.918Z] GET /api/dashboard
[2026-07-24T04:41:59.435Z] GET /api/dashboard
[2026-07-24T07:43:58.056Z] GET /api/runtime/summary
[2026-07-24T07:43:58.064Z] GET /api/runtime/summary
[2026-07-24T07:43:58.096Z] GET /api/runtime/summary
[2026-07-24T07:43:58.101Z] GET /api/runtime/summary
[2026-07-24T07:44:08.042Z] GET /api/runtime/summary
[2026-07-24T07:44:08.043Z] GET /api/runtime/summary
[2026-07-24T07:44:18.060Z] GET /api/runtime/summary
[2026-07-24T07:44:18.062Z] GET /api/runtime/summary
[2026-07-24T07:44:28.057Z] GET /api/runtime/summary
[2026-07-24T07:44:28.059Z] GET /api/runtime/summary
[2026-07-24T07:44:38.045Z] GET /api/runtime/summary
[2026-07-24T07:44:38.046Z] GET /api/runtime/summary
[2026-07-24T07:44:48.047Z] GET /api/runtime/summary
[2026-07-24T07:44:48.051Z] GET /api/runtime/summary
[2026-07-24T07:44:58.055Z] GET /api/runtime/summary
[2026-07-24T07:44:58.056Z] GET /api/runtime/summary
[2026-07-24T07:45:08.048Z] GET /api/runtime/summary
[2026-07-24T07:45:08.052Z] GET /api/runtime/summary
[2026-07-24T07:45:18.049Z] GET /api/runtime/summary
[2026-07-24T07:45:18.051Z] GET /api/runtime/summary
[2026-07-24T07:45:28.051Z] GET /api/runtime/summary
[2026-07-24T07:45:28.055Z] GET /api/runtime/summary
[2026-07-24T07:45:38.048Z] GET /api/runtime/summary
[2026-07-24T07:45:38.050Z] GET /api/runtime/summary
[2026-07-24T07:45:48.047Z] GET /api/runtime/summary
[2026-07-24T07:45:48.049Z] GET /api/runtime/summary
[2026-07-24T07:45:58.041Z] GET /api/runtime/summary
[2026-07-24T07:45:58.043Z] GET /api/runtime/summary
[2026-07-24T07:46:08.050Z] GET /api/runtime/summary
[2026-07-24T07:46:08.052Z] GET /api/runtime/summary
[2026-07-24T07:46:18.048Z] GET /api/runtime/summary
[2026-07-24T07:46:18.049Z] GET /api/runtime/summary
[2026-07-24T07:46:28.045Z] GET /api/runtime/summary
[2026-07-24T07:46:28.046Z] GET /api/runtime/summary
[2026-07-24T07:46:38.046Z] GET /api/runtime/summary
[2026-07-24T07:46:38.047Z] GET /api/runtime/summary
[2026-07-24T07:46:48.048Z] GET /api/runtime/summary
[2026-07-24T07:46:48.050Z] GET /api/runtime/summary
[2026-07-24T07:46:58.037Z] GET /api/runtime/summary
[2026-07-24T07:46:58.038Z] GET /api/runtime/summary
[2026-07-24T07:48:16.898Z] GET /api/runtime/summary
[2026-07-24T07:48:16.900Z] GET /api/runtime/summary
[2026-07-24T07:58:19.922Z] GET /api/runtime/summary
[2026-07-24T07:58:19.924Z] GET /api/runtime/summary
[2026-07-24T08:01:17.526Z] GET /zone/state
[2026-07-24T08:01:17.553Z] GET /zone/state
[2026-07-24T08:01:17.597Z] GET /zone/state
[2026-07-24T08:01:17.599Z] GET /zone/state
[2026-07-24T08:01:17.628Z] GET /alerts
[2026-07-24T08:01:17.634Z] GET /alerts
[2026-07-24T08:01:17.644Z] GET /alerts
[2026-07-24T08:01:17.646Z] GET /alerts
[2026-07-24T08:01:18.579Z] GET /api/runtime/summary
[2026-07-24T08:01:18.582Z] GET /api/runtime/summary
[2026-07-24T08:01:18.590Z] GET /api/runtime/summary
[2026-07-24T08:01:18.592Z] GET /api/runtime/summary
[2026-07-24T08:01:40.619Z] GET /api/runtime/summary
[2026-07-24T08:01:40.623Z] GET /api/runtime/summary
[2026-07-24T08:15:07.811Z] GET /api/runtime/summary
[2026-07-24T08:15:07.813Z] GET /api/runtime/summary
[2026-07-24T08:15:35.449Z] GET /api/runtime/summary
[2026-07-24T08:15:35.451Z] GET /api/runtime/summary
[2026-07-24T08:15:38.633Z] GET /zone/state
[2026-07-24T08:15:38.637Z] GET /zone/state
[2026-07-24T08:15:38.656Z] GET /zone/state
[2026-07-24T08:15:38.659Z] GET /zone/state
[2026-07-24T08:15:38.673Z] GET /alerts
[2026-07-24T08:15:38.674Z] GET /alerts
[2026-07-24T08:15:38.693Z] GET /alerts
[2026-07-24T08:15:38.707Z] GET /alerts
[2026-07-24T08:15:40.007Z] GET /api/runtime/summary
[2026-07-24T08:15:40.009Z] GET /api/runtime/summary
[2026-07-24T08:15:40.021Z] GET /api/runtime/summary
[2026-07-24T08:15:40.022Z] GET /api/runtime/summary
[2026-07-24T08:15:50.028Z] GET /api/runtime/summary
[2026-07-24T08:15:50.029Z] GET /api/runtime/summary
[2026-07-24T08:16:00.022Z] GET /api/runtime/summary
[2026-07-24T08:16:00.025Z] GET /api/runtime/summary
[2026-07-24T08:16:10.029Z] GET /api/runtime/summary
[2026-07-24T08:16:10.031Z] GET /api/runtime/summary
[2026-07-24T08:16:20.022Z] GET /api/runtime/summary
[2026-07-24T08:16:20.023Z] GET /api/runtime/summary
[2026-07-24T08:16:30.027Z] GET /api/runtime/summary
[2026-07-24T08:16:30.028Z] GET /api/runtime/summary
[2026-07-24T08:16:40.019Z] GET /api/runtime/summary
[2026-07-24T08:16:40.020Z] GET /api/runtime/summary
[2026-07-24T08:16:50.017Z] GET /api/runtime/summary
[2026-07-24T08:16:50.018Z] GET /api/runtime/summary
[2026-07-24T08:17:00.023Z] GET /api/runtime/summary
[2026-07-24T08:17:00.024Z] GET /api/runtime/summary
[2026-07-24T08:17:10.014Z] GET /api/runtime/summary
[2026-07-24T08:17:10.015Z] GET /api/runtime/summary
[2026-07-24T08:17:20.782Z] GET /api/runtime/summary
[2026-07-24T08:17:20.783Z] GET /api/runtime/summary
[2026-07-24T08:21:24.796Z] GET /api/runtime/summary
[2026-07-24T08:21:24.799Z] GET /api/runtime/summary
[2026-07-24T08:21:25.939Z] GET /zone/state
[2026-07-24T08:21:25.940Z] GET /zone/state
[2026-07-24T08:21:25.948Z] GET /zone/state
[2026-07-24T08:21:25.949Z] GET /zone/state
[2026-07-24T08:21:25.954Z] GET /alerts
[2026-07-24T08:21:25.954Z] GET /alerts
[2026-07-24T08:21:25.972Z] GET /alerts
[2026-07-24T08:21:25.973Z] GET /alerts
[2026-07-24T08:21:27.211Z] GET /api/runtime/summary
[2026-07-24T08:21:27.212Z] GET /api/runtime/summary
[2026-07-24T08:21:27.217Z] GET /api/runtime/summary
[2026-07-24T08:21:27.218Z] GET /api/runtime/summary
[2026-07-24T08:21:37.583Z] GET /api/runtime/summary
[2026-07-24T08:21:37.585Z] GET /api/runtime/summary
[2026-07-24T08:21:37.590Z] GET /api/runtime/summary
[2026-07-24T08:21:37.591Z] GET /api/runtime/summary
[2026-07-24T08:21:47.775Z] GET /api/runtime/summary
[2026-07-24T08:21:47.777Z] GET /api/runtime/summary
[2026-07-24T08:21:57.780Z] GET /api/runtime/summary
[2026-07-24T08:21:57.781Z] GET /api/runtime/summary
[2026-07-24T08:22:07.793Z] GET /api/runtime/summary
[2026-07-24T08:22:07.794Z] GET /api/runtime/summary
[2026-07-24T08:22:07.802Z] GET /api/runtime/summary
[2026-07-24T08:22:07.802Z] GET /api/runtime/summary
[2026-07-24T08:22:17.775Z] GET /api/runtime/summary
[2026-07-24T08:22:17.777Z] GET /api/runtime/summary
[2026-07-24T08:22:27.782Z] GET /api/runtime/summary
[2026-07-24T08:22:27.783Z] GET /api/runtime/summary
[2026-07-24T08:22:37.773Z] GET /api/runtime/summary
[2026-07-24T08:22:37.774Z] GET /api/runtime/summary
[2026-07-24T08:23:07.776Z] GET /api/runtime/summary
[2026-07-24T08:23:07.777Z] GET /api/runtime/summary
[2026-07-24T08:23:07.783Z] GET /api/runtime/summary
[2026-07-24T08:23:07.785Z] GET /api/runtime/summary
[2026-07-24T08:24:07.784Z] GET /api/runtime/summary
[2026-07-24T08:24:07.786Z] GET /api/runtime/summary
[2026-07-24T08:24:07.790Z] GET /api/runtime/summary
[2026-07-24T08:24:07.791Z] GET /api/runtime/summary
[2026-07-24T08:25:07.781Z] GET /api/runtime/summary
[2026-07-24T08:25:07.782Z] GET /api/runtime/summary
[2026-07-24T08:25:07.787Z] GET /api/runtime/summary
[2026-07-24T08:25:07.788Z] GET /api/runtime/summary
[2026-07-24T08:26:07.788Z] GET /api/runtime/summary
[2026-07-24T08:26:07.789Z] GET /api/runtime/summary
[2026-07-24T08:26:07.793Z] GET /api/runtime/summary
[2026-07-24T08:26:07.795Z] GET /api/runtime/summary
[2026-07-24T08:27:07.791Z] GET /api/runtime/summary
[2026-07-24T08:27:07.792Z] GET /api/runtime/summary
[2026-07-24T08:27:07.797Z] GET /api/runtime/summary
[2026-07-24T08:27:07.798Z] GET /api/runtime/summary
[2026-07-24T08:28:01.798Z] GET /api/runtime/summary
[2026-07-24T08:28:01.799Z] GET /api/runtime/summary
[2026-07-24T08:28:01.806Z] GET /api/runtime/summary
[2026-07-24T08:28:01.808Z] GET /api/runtime/summary
[2026-07-24T08:28:07.795Z] GET /api/runtime/summary
[2026-07-24T08:28:07.797Z] GET /api/runtime/summary
[2026-07-24T08:28:12.776Z] GET /api/runtime/summary
[2026-07-24T08:28:12.777Z] GET /api/runtime/summary
[2026-07-24T08:28:22.773Z] GET /api/runtime/summary
[2026-07-24T08:28:22.774Z] GET /api/runtime/summary
[2026-07-24T08:28:32.779Z] GET /api/runtime/summary
[2026-07-24T08:28:32.780Z] GET /api/runtime/summary
[2026-07-24T08:28:42.787Z] GET /api/runtime/summary
[2026-07-24T08:28:42.789Z] GET /api/runtime/summary
[2026-07-24T08:28:52.775Z] GET /api/runtime/summary
[2026-07-24T08:28:52.777Z] GET /api/runtime/summary
[2026-07-24T08:29:07.787Z] GET /api/runtime/summary
[2026-07-24T08:29:07.788Z] GET /api/runtime/summary
[2026-07-24T08:29:07.793Z] GET /api/runtime/summary
[2026-07-24T08:29:07.793Z] GET /api/runtime/summary
[2026-07-24T08:30:07.787Z] GET /api/runtime/summary
[2026-07-24T08:30:07.788Z] GET /api/runtime/summary
[2026-07-24T08:30:07.792Z] GET /api/runtime/summary
[2026-07-24T08:30:07.793Z] GET /api/runtime/summary
[2026-07-24T08:31:07.786Z] GET /api/runtime/summary
[2026-07-24T08:31:07.787Z] GET /api/runtime/summary
[2026-07-24T08:31:07.794Z] GET /api/runtime/summary
[2026-07-24T08:31:07.794Z] GET /api/runtime/summary
[2026-07-24T08:32:07.792Z] GET /api/runtime/summary
[2026-07-24T08:32:07.793Z] GET /api/runtime/summary
[2026-07-24T08:32:07.797Z] GET /api/runtime/summary
[2026-07-24T08:32:07.798Z] GET /api/runtime/summary
[2026-07-24T08:33:07.791Z] GET /api/runtime/summary
[2026-07-24T08:33:07.794Z] GET /api/runtime/summary
[2026-07-24T08:33:07.805Z] GET /api/runtime/summary
[2026-07-24T08:33:07.808Z] GET /api/runtime/summary
[2026-07-24T08:34:07.782Z] GET /api/runtime/summary
[2026-07-24T08:34:07.783Z] GET /api/runtime/summary
[2026-07-24T08:34:07.791Z] GET /api/runtime/summary
[2026-07-24T08:34:07.792Z] GET /api/runtime/summary
[2026-07-24T08:35:07.785Z] GET /api/runtime/summary
[2026-07-24T08:35:07.786Z] GET /api/runtime/summary
[2026-07-24T08:35:07.790Z] GET /api/runtime/summary
[2026-07-24T08:35:07.791Z] GET /api/runtime/summary
[2026-07-24T08:36:07.797Z] GET /api/runtime/summary
[2026-07-24T08:36:07.801Z] GET /api/runtime/summary
[2026-07-24T08:36:07.820Z] GET /api/runtime/summary
[2026-07-24T08:36:07.821Z] GET /api/runtime/summary
[2026-07-24T08:36:12.479Z] GET /api/runtime/summary
[2026-07-24T08:36:12.480Z] GET /api/runtime/summary
[2026-07-24T08:36:14.744Z] GET /zone/state
[2026-07-24T08:36:14.745Z] GET /zone/state
[2026-07-24T08:36:14.753Z] GET /zone/state
[2026-07-24T08:36:14.754Z] GET /zone/state
[2026-07-24T08:36:14.765Z] GET /alerts
[2026-07-24T08:36:14.766Z] GET /alerts
[2026-07-24T08:36:14.777Z] GET /alerts
[2026-07-24T08:36:14.778Z] GET /alerts
[2026-07-24T08:36:16.087Z] GET /api/runtime/summary
[2026-07-24T08:36:16.088Z] GET /api/runtime/summary
[2026-07-24T08:36:16.097Z] GET /api/runtime/summary
[2026-07-24T08:36:16.098Z] GET /api/runtime/summary
[2026-07-24T08:36:26.097Z] GET /api/runtime/summary
[2026-07-24T08:36:26.099Z] GET /api/runtime/summary
[2026-07-24T08:36:36.775Z] GET /api/runtime/summary
[2026-07-24T08:36:36.777Z] GET /api/runtime/summary
[2026-07-24T08:36:46.783Z] GET /api/runtime/summary
[2026-07-24T08:36:46.785Z] GET /api/runtime/summary
[2026-07-24T08:36:56.779Z] GET /api/runtime/summary
[2026-07-24T08:36:56.780Z] GET /api/runtime/summary
[2026-07-24T08:37:06.783Z] GET /api/runtime/summary
[2026-07-24T08:37:06.784Z] GET /api/runtime/summary
[2026-07-24T08:37:07.780Z] GET /api/runtime/summary
[2026-07-24T08:37:07.782Z] GET /api/runtime/summary
[2026-07-24T08:37:16.788Z] GET /api/runtime/summary
[2026-07-24T08:37:16.789Z] GET /api/runtime/summary
[2026-07-24T08:37:19.880Z] GET /api/runtime/summary
[2026-07-24T08:37:19.881Z] GET /api/runtime/summary
[2026-07-24T08:37:19.960Z] GET /favicon.ico
[2026-07-24T08:37:19.961Z] GET /favicon.ico
[2026-07-24T08:37:26.771Z] GET /api/runtime/summary
[2026-07-24T08:37:26.771Z] GET /api/runtime/summary
[2026-07-24T08:38:07.791Z] GET /api/runtime/summary
[2026-07-24T08:38:07.792Z] GET /api/runtime/summary
[2026-07-24T08:38:07.800Z] GET /api/runtime/summary
[2026-07-24T08:38:07.802Z] GET /api/runtime/summary
[2026-07-24T08:39:07.782Z] GET /api/runtime/summary
[2026-07-24T08:39:07.783Z] GET /api/runtime/summary
[2026-07-24T08:39:07.794Z] GET /api/runtime/summary
[2026-07-24T08:39:07.795Z] GET /api/runtime/summary
[2026-07-24T08:40:07.785Z] GET /api/runtime/summary
[2026-07-24T08:40:07.786Z] GET /api/runtime/summary
[2026-07-24T08:40:07.795Z] GET /api/runtime/summary
[2026-07-24T08:40:07.796Z] GET /api/runtime/summary
[2026-07-24T08:41:07.788Z] GET /api/runtime/summary
[2026-07-24T08:41:07.789Z] GET /api/runtime/summary
[2026-07-24T08:41:07.800Z] GET /api/runtime/summary
[2026-07-24T08:41:07.802Z] GET /api/runtime/summary
[2026-07-24T08:42:07.781Z] GET /api/runtime/summary
[2026-07-24T08:42:07.782Z] GET /api/runtime/summary
[2026-07-24T08:42:07.796Z] GET /api/runtime/summary
[2026-07-24T08:42:07.798Z] GET /api/runtime/summary
[2026-07-24T08:43:07.790Z] GET /api/runtime/summary
[2026-07-24T08:43:07.791Z] GET /api/runtime/summary
[2026-07-24T08:43:07.803Z] GET /api/runtime/summary
[2026-07-24T08:43:07.805Z] GET /api/runtime/summary
[2026-07-24T08:44:07.784Z] GET /api/runtime/summary
[2026-07-24T08:44:07.786Z] GET /api/runtime/summary
[2026-07-24T08:44:07.796Z] GET /api/runtime/summary
[2026-07-24T08:44:07.798Z] GET /api/runtime/summary
[2026-07-24T08:44:29.143Z] GET /api/runtime/summary
[2026-07-24T08:44:29.147Z] GET /api/runtime/summary
[2026-07-24T08:44:29.207Z] GET /favicon.ico
[2026-07-24T08:44:29.209Z] GET /favicon.ico
[2026-07-24T08:44:32.138Z] GET /api/runtime/summary
[2026-07-24T08:44:32.140Z] GET /api/runtime/summary
[2026-07-24T08:44:34.214Z] GET /api/runtime/summary
[2026-07-24T08:44:34.215Z] GET /api/runtime/summary
[2026-07-24T08:44:34.290Z] GET /favicon.ico
[2026-07-24T08:44:34.292Z] GET /favicon.ico
[2026-07-24T08:44:35.779Z] GET /api/runtime/summary
[2026-07-24T08:44:35.780Z] GET /api/runtime/summary
[2026-07-24T08:44:45.776Z] GET /api/runtime/summary
[2026-07-24T08:44:45.777Z] GET /api/runtime/summary
[2026-07-24T08:44:55.783Z] GET /api/runtime/summary
[2026-07-24T08:44:55.784Z] GET /api/runtime/summary
[2026-07-24T08:45:05.774Z] GET /api/runtime/summary
[2026-07-24T08:45:05.775Z] GET /api/runtime/summary
[2026-07-24T08:45:07.777Z] GET /api/runtime/summary
[2026-07-24T08:45:07.778Z] GET /api/runtime/summary
[2026-07-24T08:45:15.783Z] GET /api/runtime/summary
[2026-07-24T08:45:15.784Z] GET /api/runtime/summary
[2026-07-24T08:45:25.780Z] GET /api/runtime/summary
[2026-07-24T08:45:25.780Z] GET /api/runtime/summary
[2026-07-24T08:46:07.785Z] GET /api/runtime/summary
[2026-07-24T08:46:07.786Z] GET /api/runtime/summary
[2026-07-24T08:46:07.789Z] GET /api/runtime/summary
[2026-07-24T08:46:07.789Z] GET /api/runtime/summary
[2026-07-24T08:47:07.789Z] GET /api/runtime/summary
[2026-07-24T08:47:07.790Z] GET /api/runtime/summary
[2026-07-24T08:47:07.794Z] GET /api/runtime/summary
[2026-07-24T08:47:07.795Z] GET /api/runtime/summary
[2026-07-24T08:48:07.792Z] GET /api/runtime/summary
[2026-07-24T08:48:07.793Z] GET /api/runtime/summary
[2026-07-24T08:48:07.797Z] GET /api/runtime/summary
[2026-07-24T08:48:07.799Z] GET /api/runtime/summary
[2026-07-24T08:49:07.787Z] GET /api/runtime/summary
[2026-07-24T08:49:07.789Z] GET /api/runtime/summary
[2026-07-24T08:49:07.793Z] GET /api/runtime/summary
[2026-07-24T08:49:07.794Z] GET /api/runtime/summary
[2026-07-24T08:50:07.783Z] GET /api/runtime/summary
[2026-07-24T08:50:07.784Z] GET /api/runtime/summary
[2026-07-24T08:50:07.788Z] GET /api/runtime/summary
[2026-07-24T08:50:07.789Z] GET /api/runtime/summary
[2026-07-24T08:51:07.793Z] GET /api/runtime/summary
[2026-07-24T08:51:07.795Z] GET /api/runtime/summary
[2026-07-24T08:51:07.800Z] GET /api/runtime/summary
[2026-07-24T08:51:07.801Z] GET /api/runtime/summary
[2026-07-24T08:51:19.378Z] GET /api/runtime/summary
[2026-07-24T08:51:19.383Z] GET /api/runtime/summary
[2026-07-24T08:51:22.872Z] GET /zone/state
[2026-07-24T08:51:22.873Z] GET /zone/state
[2026-07-24T08:51:22.880Z] GET /zone/state
[2026-07-24T08:51:22.881Z] GET /zone/state
[2026-07-24T08:51:22.894Z] GET /alerts
[2026-07-24T08:51:22.895Z] GET /alerts
[2026-07-24T08:51:22.903Z] GET /alerts
[2026-07-24T08:51:22.905Z] GET /alerts
[2026-07-24T08:51:25.096Z] GET /api/runtime/summary
[2026-07-24T08:51:25.098Z] GET /api/runtime/summary
[2026-07-24T08:51:25.103Z] GET /api/runtime/summary
[2026-07-24T08:51:25.104Z] GET /api/runtime/summary
[2026-07-24T08:51:34.951Z] GET /api/runtime/summary
[2026-07-24T08:51:34.952Z] GET /api/runtime/summary
[2026-07-24T08:51:34.995Z] GET /favicon.ico
[2026-07-24T08:51:34.997Z] GET /favicon.ico
[2026-07-24T08:51:35.622Z] GET /api/runtime/summary
[2026-07-24T08:51:35.625Z] GET /api/runtime/summary
[2026-07-24T08:51:35.665Z] GET /favicon.ico
[2026-07-24T08:51:35.666Z] GET /favicon.ico
[2026-07-24T08:51:35.788Z] GET /api/runtime/summary
[2026-07-24T08:51:35.788Z] GET /api/runtime/summary
[2026-07-24T08:51:35.793Z] GET /api/runtime/summary
[2026-07-24T08:51:35.794Z] GET /api/runtime/summary
[2026-07-24T08:51:35.834Z] GET /favicon.ico
[2026-07-24T08:51:35.835Z] GET /favicon.ico
[2026-07-24T08:51:36.071Z] GET /api/runtime/summary
[2026-07-24T08:51:36.072Z] GET /api/runtime/summary
[2026-07-24T08:51:36.108Z] GET /favicon.ico
[2026-07-24T08:51:36.109Z] GET /favicon.ico
[2026-07-24T08:51:38.114Z] GET /api/runtime/summary
[2026-07-24T08:51:38.115Z] GET /api/runtime/summary
[2026-07-24T08:51:45.791Z] GET /api/runtime/summary
[2026-07-24T08:51:45.793Z] GET /api/runtime/summary
[2026-07-24T08:51:45.799Z] GET /api/runtime/summary
[2026-07-24T08:51:45.800Z] GET /api/runtime/summary
[2026-07-24T08:51:55.780Z] GET /api/runtime/summary
[2026-07-24T08:51:55.782Z] GET /api/runtime/summary
[2026-07-24T08:51:55.791Z] GET /api/runtime/summary
[2026-07-24T08:51:55.793Z] GET /api/runtime/summary
[2026-07-24T08:52:05.791Z] GET /api/runtime/summary
[2026-07-24T08:52:05.792Z] GET /api/runtime/summary
[2026-07-24T08:52:05.797Z] GET /api/runtime/summary
[2026-07-24T08:52:05.799Z] GET /api/runtime/summary
[2026-07-24T08:52:15.793Z] GET /api/runtime/summary
[2026-07-24T08:52:15.794Z] GET /api/runtime/summary
[2026-07-24T08:52:15.800Z] GET /api/runtime/summary
[2026-07-24T08:52:15.801Z] GET /api/runtime/summary
[2026-07-24T08:52:27.239Z] GET /api/runtime/summary
[2026-07-24T08:52:27.241Z] GET /api/runtime/summary
[2026-07-24T08:52:27.245Z] GET /api/runtime/summary
[2026-07-24T08:52:27.246Z] GET /api/runtime/summary
[2026-07-24T08:52:35.777Z] GET /api/runtime/summary
[2026-07-24T08:52:35.779Z] GET /api/runtime/summary
[2026-07-24T08:52:54.110Z] GET /api/runtime/summary
[2026-07-24T08:52:54.111Z] GET /api/runtime/summary
[2026-07-24T08:52:55.102Z] GET /api/runtime/summary
[2026-07-24T08:52:55.104Z] GET /api/runtime/summary
[2026-07-24T08:53:05.795Z] GET /api/runtime/summary
[2026-07-24T08:53:05.797Z] GET /api/runtime/summary
[2026-07-24T08:53:07.787Z] GET /api/runtime/summary
[2026-07-24T08:53:07.788Z] GET /api/runtime/summary
[2026-07-24T08:53:15.780Z] GET /api/runtime/summary
[2026-07-24T08:53:15.781Z] GET /api/runtime/summary
[2026-07-24T08:53:25.116Z] GET /api/runtime/summary
[2026-07-24T08:53:25.117Z] GET /api/runtime/summary
[2026-07-24T08:53:30.221Z] GET /api/api/runtime/summary
[2026-07-24T08:53:30.222Z] GET /api/api/runtime/summary
[2026-07-24T08:53:30.229Z] GET /api/api/runtime/summary
[2026-07-24T08:53:30.230Z] GET /api/api/runtime/summary
[2026-07-24T08:53:39.651Z] GET /api/runtime
[2026-07-24T08:53:39.652Z] GET /api/runtime
[2026-07-24T08:53:39.688Z] GET /api/runtime
[2026-07-24T08:53:39.689Z] GET /api/runtime
[2026-07-24T08:53:42.171Z] GET /api/api/runtime/summary
[2026-07-24T08:53:42.173Z] GET /api/api/runtime/summary
[2026-07-24T08:53:42.175Z] GET /api/api/runtime/summary
[2026-07-24T08:53:42.176Z] GET /api/api/runtime/summary
[2026-07-24T08:53:44.858Z] GET /api/runtime/summary
[2026-07-24T08:53:44.858Z] GET /api/runtime/summary
[2026-07-24T08:53:44.861Z] GET /api/runtime/summary
[2026-07-24T08:53:44.862Z] GET /api/runtime/summary
[2026-07-24T08:53:55.783Z] GET /api/runtime/summary
[2026-07-24T08:53:55.784Z] GET /api/runtime/summary
[2026-07-24T08:53:59.270Z] GET /api/runtime/summary
[2026-07-24T08:53:59.274Z] GET /api/runtime/summary
[2026-07-24T08:53:59.653Z] GET /api/runtime/summary
[2026-07-24T08:53:59.654Z] GET /api/runtime/summary
[2026-07-24T08:53:59.730Z] GET /favicon.ico
[2026-07-24T08:53:59.731Z] GET /favicon.ico
[2026-07-24T08:54:05.782Z] GET /api/runtime/summary
[2026-07-24T08:54:05.784Z] GET /api/runtime/summary
[2026-07-24T08:54:07.788Z] GET /api/runtime/summary
[2026-07-24T08:54:07.789Z] GET /api/runtime/summary
[2026-07-24T08:54:15.786Z] GET /api/runtime/summary
[2026-07-24T08:54:15.788Z] GET /api/runtime/summary
[2026-07-24T08:54:25.781Z] GET /api/runtime/summary
[2026-07-24T08:54:25.783Z] GET /api/runtime/summary
[2026-07-24T08:54:35.788Z] GET /api/runtime/summary
[2026-07-24T08:54:35.789Z] GET /api/runtime/summary
[2026-07-24T08:54:45.783Z] GET /api/runtime/summary
[2026-07-24T08:54:45.784Z] GET /api/runtime/summary
[2026-07-24T08:55:07.778Z] GET /api/runtime/summary
[2026-07-24T08:55:07.780Z] GET /api/runtime/summary
[2026-07-24T08:55:07.783Z] GET /api/runtime/summary
[2026-07-24T08:55:07.785Z] GET /api/runtime/summary
[2026-07-24T08:56:07.782Z] GET /api/runtime/summary
[2026-07-24T08:56:07.783Z] GET /api/runtime/summary
[2026-07-24T08:56:07.787Z] GET /api/runtime/summary
[2026-07-24T08:56:07.787Z] GET /api/runtime/summary
[2026-07-24T08:57:07.793Z] GET /api/runtime/summary
[2026-07-24T08:57:07.794Z] GET /api/runtime/summary
[2026-07-24T08:57:07.797Z] GET /api/runtime/summary
[2026-07-24T08:57:07.798Z] GET /api/runtime/summary
[2026-07-24T08:58:07.787Z] GET /api/runtime/summary
[2026-07-24T08:58:07.788Z] GET /api/runtime/summary
[2026-07-24T08:58:07.792Z] GET /api/runtime/summary
[2026-07-24T08:58:07.794Z] GET /api/runtime/summary
[2026-07-24T08:59:07.784Z] GET /api/runtime/summary
[2026-07-24T08:59:07.784Z] GET /api/runtime/summary
[2026-07-24T08:59:07.788Z] GET /api/runtime/summary
[2026-07-24T08:59:07.789Z] GET /api/runtime/summary
[2026-07-24T09:00:07.783Z] GET /api/runtime/summary
[2026-07-24T09:00:07.784Z] GET /api/runtime/summary
[2026-07-24T09:00:07.788Z] GET /api/runtime/summary
[2026-07-24T09:00:07.790Z] GET /api/runtime/summary
[2026-07-24T09:01:07.790Z] GET /api/runtime/summary
[2026-07-24T09:01:07.791Z] GET /api/runtime/summary
[2026-07-24T09:01:07.795Z] GET /api/runtime/summary
[2026-07-24T09:01:07.795Z] GET /api/runtime/summary
[2026-07-24T09:02:07.788Z] GET /api/runtime/summary
[2026-07-24T09:02:07.790Z] GET /api/runtime/summary
[2026-07-24T09:02:07.794Z] GET /api/runtime/summary
[2026-07-24T09:02:07.796Z] GET /api/runtime/summary
[2026-07-24T09:03:07.785Z] GET /api/runtime/summary
[2026-07-24T09:03:07.786Z] GET /api/runtime/summary
[2026-07-24T09:03:07.791Z] GET /api/runtime/summary
[2026-07-24T09:03:07.792Z] GET /api/runtime/summary
[2026-07-24T09:03:41.866Z] GET /api/runtime/summary
[2026-07-24T09:03:41.870Z] GET /api/runtime/summary
[2026-07-24T09:03:41.953Z] GET /favicon.ico
[2026-07-24T09:03:41.954Z] GET /favicon.ico
[2026-07-24T09:03:46.555Z] GET /api/runtime/summary
[2026-07-24T09:03:46.556Z] GET /api/runtime/summary
[2026-07-24T09:03:55.789Z] GET /api/runtime/summary
[2026-07-24T09:03:55.790Z] GET /api/runtime/summary
[2026-07-24T09:04:05.776Z] GET /api/runtime/summary
[2026-07-24T09:04:05.778Z] GET /api/runtime/summary
[2026-07-24T09:04:07.792Z] GET /api/runtime/summary
[2026-07-24T09:04:07.794Z] GET /api/runtime/summary
[2026-07-24T09:04:15.780Z] GET /api/runtime/summary
[2026-07-24T09:04:15.781Z] GET /api/runtime/summary
[2026-07-24T09:04:25.790Z] GET /api/runtime/summary
[2026-07-24T09:04:25.791Z] GET /api/runtime/summary
[2026-07-24T09:04:35.778Z] GET /api/runtime/summary
[2026-07-24T09:04:35.780Z] GET /api/runtime/summary
[2026-07-24T09:04:45.777Z] GET /api/runtime/summary
[2026-07-24T09:04:45.779Z] GET /api/runtime/summary
[2026-07-24T09:05:07.793Z] GET /api/runtime/summary
[2026-07-24T09:05:07.794Z] GET /api/runtime/summary
[2026-07-24T09:05:07.797Z] GET /api/runtime/summary
[2026-07-24T09:05:07.798Z] GET /api/runtime/summary
[2026-07-24T09:05:58.000Z] GET /api/runtime/summary
[2026-07-24T09:05:58.008Z] GET /api/runtime/summary
[2026-07-24T09:05:58.062Z] GET /favicon.ico
[2026-07-24T09:05:58.063Z] GET /favicon.ico
[2026-07-24T09:06:02.151Z] GET /api/runtime/summary
[2026-07-24T09:06:02.152Z] GET /api/runtime/summary
[2026-07-24T09:06:04.869Z] GET /api/runtime/summary
[2026-07-24T09:06:04.871Z] GET /api/runtime/summary
[2026-07-24T09:06:07.779Z] GET /api/runtime/summary
[2026-07-24T09:06:07.780Z] GET /api/runtime/summary
[2026-07-24T09:06:15.477Z] GET /api/runtime/summary
[2026-07-24T09:06:15.479Z] GET /api/runtime/summary
[2026-07-24T09:06:15.779Z] GET /api/runtime/summary
[2026-07-24T09:06:15.781Z] GET /api/runtime/summary
[2026-07-24T09:06:25.484Z] GET /api/runtime/summary
[2026-07-24T09:06:25.485Z] GET /api/runtime/summary
[2026-07-24T09:06:25.786Z] GET /api/runtime/summary
[2026-07-24T09:06:25.788Z] GET /api/runtime/summary
[2026-07-24T09:06:35.779Z] GET /api/runtime/summary
[2026-07-24T09:06:35.780Z] GET /api/runtime/summary
[2026-07-24T09:06:35.783Z] GET /api/runtime/summary
[2026-07-24T09:06:35.784Z] GET /api/runtime/summary
[2026-07-24T09:06:45.788Z] GET /api/runtime/summary
[2026-07-24T09:06:45.790Z] GET /api/runtime/summary
[2026-07-24T09:06:45.795Z] GET /api/runtime/summary
[2026-07-24T09:06:45.796Z] GET /api/runtime/summary
[2026-07-24T09:06:55.776Z] GET /api/runtime/summary
[2026-07-24T09:06:55.776Z] GET /api/runtime/summary
[2026-07-24T09:06:55.779Z] GET /api/runtime/summary
[2026-07-24T09:06:55.780Z] GET /api/runtime/summary
[2026-07-24T09:07:05.793Z] GET /api/runtime/summary
[2026-07-24T09:07:05.795Z] GET /api/runtime/summary
[2026-07-24T09:07:05.800Z] GET /api/runtime/summary
[2026-07-24T09:07:05.802Z] GET /api/runtime/summary
[2026-07-24T09:07:15.777Z] GET /api/runtime/summary
[2026-07-24T09:07:15.779Z] GET /api/runtime/summary
[2026-07-24T09:07:25.786Z] GET /api/runtime/summary
[2026-07-24T09:07:25.787Z] GET /api/runtime/summary
[2026-07-24T09:08:07.780Z] GET /api/runtime/summary
[2026-07-24T09:08:07.782Z] GET /api/runtime/summary
[2026-07-24T09:08:07.785Z] GET /api/runtime/summary
[2026-07-24T09:08:07.786Z] GET /api/runtime/summary
[2026-07-24T09:09:07.792Z] GET /api/runtime/summary
[2026-07-24T09:09:07.793Z] GET /api/runtime/summary
[2026-07-24T09:09:07.797Z] GET /api/runtime/summary
[2026-07-24T09:09:07.799Z] GET /api/runtime/summary
[2026-07-24T09:10:07.781Z] GET /api/runtime/summary
[2026-07-24T09:10:07.782Z] GET /api/runtime/summary
[2026-07-24T09:10:07.785Z] GET /api/runtime/summary
[2026-07-24T09:10:07.786Z] GET /api/runtime/summary
[2026-07-24T09:10:25.789Z] GET /api/runtime/summary
[2026-07-24T09:10:25.790Z] GET /api/runtime/summary
[2026-07-24T09:10:25.793Z] GET /api/runtime/summary
[2026-07-24T09:10:25.794Z] GET /api/runtime/summary
[2026-07-24T09:10:35.791Z] GET /api/runtime/summary
[2026-07-24T09:10:35.792Z] GET /api/runtime/summary
[2026-07-24T09:10:35.795Z] GET /api/runtime/summary
[2026-07-24T09:10:35.796Z] GET /api/runtime/summary
[2026-07-24T09:10:45.793Z] GET /api/runtime/summary
[2026-07-24T09:10:45.793Z] GET /api/runtime/summary
[2026-07-24T09:10:55.792Z] GET /api/runtime/summary
[2026-07-24T09:10:55.793Z] GET /api/runtime/summary
[2026-07-24T09:11:06.774Z] GET /api/runtime/summary
[2026-07-24T09:11:06.775Z] GET /api/runtime/summary
[2026-07-24T09:11:07.775Z] GET /api/runtime/summary
[2026-07-24T09:11:07.777Z] GET /api/runtime/summary
[2026-07-24T09:11:16.784Z] GET /api/runtime/summary
[2026-07-24T09:11:16.785Z] GET /api/runtime/summary
[2026-07-24T09:11:26.781Z] GET /api/runtime/summary
[2026-07-24T09:11:26.782Z] GET /api/runtime/summary
[2026-07-24T09:11:36.783Z] GET /api/runtime/summary
[2026-07-24T09:11:36.784Z] GET /api/runtime/summary
[2026-07-24T09:11:46.790Z] GET /api/runtime/summary
[2026-07-24T09:11:46.791Z] GET /api/runtime/summary
[2026-07-24T09:11:56.785Z] GET /api/runtime/summary
[2026-07-24T09:11:56.786Z] GET /api/runtime/summary
[2026-07-24T09:12:07.794Z] GET /api/runtime/summary
[2026-07-24T09:12:07.796Z] GET /api/runtime/summary
[2026-07-24T09:12:07.802Z] GET /api/runtime/summary
[2026-07-24T09:12:07.805Z] GET /api/runtime/summary
[2026-07-24T09:13:07.795Z] GET /api/runtime/summary
[2026-07-24T09:13:07.796Z] GET /api/runtime/summary
[2026-07-24T09:13:07.805Z] GET /api/runtime/summary
[2026-07-24T09:13:07.808Z] GET /api/runtime/summary
[2026-07-24T09:13:44.809Z] GET /api/runtime/summary
[2026-07-24T09:13:44.810Z] GET /api/runtime/summary
[2026-07-24T09:13:55.787Z] GET /api/runtime/summary
[2026-07-24T09:13:55.788Z] GET /api/runtime/summary
[2026-07-24T09:14:05.777Z] GET /api/runtime/summary
[2026-07-24T09:14:05.777Z] GET /api/runtime/summary
[2026-07-24T09:14:07.788Z] GET /api/runtime/summary
[2026-07-24T09:14:07.790Z] GET /api/runtime/summary
[2026-07-24T09:14:15.787Z] GET /api/runtime/summary
[2026-07-24T09:14:15.788Z] GET /api/runtime/summary
[2026-07-24T09:14:25.787Z] GET /api/runtime/summary
[2026-07-24T09:14:25.788Z] GET /api/runtime/summary
[2026-07-24T09:14:35.779Z] GET /api/runtime/summary
[2026-07-24T09:14:35.780Z] GET /api/runtime/summary
[2026-07-24T09:15:07.790Z] GET /api/runtime/summary
[2026-07-24T09:15:07.791Z] GET /api/runtime/summary
[2026-07-24T09:15:07.796Z] GET /api/runtime/summary
[2026-07-24T09:15:07.797Z] GET /api/runtime/summary
[2026-07-24T09:16:07.784Z] GET /api/runtime/summary
[2026-07-24T09:16:07.785Z] GET /api/runtime/summary
[2026-07-24T09:16:07.791Z] GET /api/runtime/summary
[2026-07-24T09:16:07.793Z] GET /api/runtime/summary
[2026-07-24T09:16:14.880Z] GET /api/runtime/summary
[2026-07-24T09:16:14.880Z] GET /api/runtime/summary
[2026-07-24T09:16:24.809Z] GET /api/runtime/summary
[2026-07-24T09:16:24.810Z] GET /api/runtime/summary
[2026-07-24T09:16:35.782Z] GET /api/runtime/summary
[2026-07-24T09:16:35.783Z] GET /api/runtime/summary
[2026-07-24T09:16:45.775Z] GET /api/runtime/summary
[2026-07-24T09:16:45.776Z] GET /api/runtime/summary
[2026-07-24T09:16:55.780Z] GET /api/runtime/summary
[2026-07-24T09:16:55.781Z] GET /api/runtime/summary
[2026-07-24T09:17:05.775Z] GET /api/runtime/summary
[2026-07-24T09:17:05.777Z] GET /api/runtime/summary
[2026-07-24T09:17:07.789Z] GET /api/runtime/summary
[2026-07-24T09:17:07.790Z] GET /api/runtime/summary
[2026-07-24T09:17:15.781Z] GET /api/runtime/summary
[2026-07-24T09:17:15.783Z] GET /api/runtime/summary
[2026-07-24T09:17:25.789Z] GET /api/runtime/summary
[2026-07-24T09:17:25.790Z] GET /api/runtime/summary
[2026-07-24T09:18:07.783Z] GET /api/runtime/summary
[2026-07-24T09:18:07.784Z] GET /api/runtime/summary
[2026-07-24T09:18:07.789Z] GET /api/runtime/summary
[2026-07-24T09:18:07.792Z] GET /api/runtime/summary
[2026-07-24T09:19:07.777Z] GET /api/runtime/summary
[2026-07-24T09:19:07.778Z] GET /api/runtime/summary
[2026-07-24T09:19:07.782Z] GET /api/runtime/summary
[2026-07-24T09:19:07.782Z] GET /api/runtime/summary
[2026-07-24T09:20:07.788Z] GET /api/runtime/summary
[2026-07-24T09:20:07.789Z] GET /api/runtime/summary
[2026-07-24T09:20:07.793Z] GET /api/runtime/summary
[2026-07-24T09:20:07.793Z] GET /api/runtime/summary
[2026-07-24T09:21:07.781Z] GET /api/runtime/summary
[2026-07-24T09:21:07.782Z] GET /api/runtime/summary
[2026-07-24T09:21:07.786Z] GET /api/runtime/summary
[2026-07-24T09:21:07.787Z] GET /api/runtime/summary
[2026-07-24T09:22:07.788Z] GET /api/runtime/summary
[2026-07-24T09:22:07.789Z] GET /api/runtime/summary
[2026-07-24T09:22:07.793Z] GET /api/runtime/summary
[2026-07-24T09:22:07.793Z] GET /api/runtime/summary
[2026-07-24T09:23:07.789Z] GET /api/runtime/summary
[2026-07-24T09:23:07.790Z] GET /api/runtime/summary
[2026-07-24T09:23:07.793Z] GET /api/runtime/summary
[2026-07-24T09:23:07.794Z] GET /api/runtime/summary
[2026-07-24T09:24:07.802Z] GET /api/runtime/summary
[2026-07-24T09:24:07.805Z] GET /api/runtime/summary
[2026-07-24T09:24:07.810Z] GET /api/runtime/summary
[2026-07-24T09:24:07.811Z] GET /api/runtime/summary
[2026-07-24T09:25:07.787Z] GET /api/runtime/summary
[2026-07-24T09:25:07.788Z] GET /api/runtime/summary
[2026-07-24T09:25:07.792Z] GET /api/runtime/summary
[2026-07-24T09:25:07.793Z] GET /api/runtime/summary
[2026-07-24T09:26:07.784Z] GET /api/runtime/summary
[2026-07-24T09:26:07.785Z] GET /api/runtime/summary
[2026-07-24T09:26:07.789Z] GET /api/runtime/summary
[2026-07-24T09:26:07.790Z] GET /api/runtime/summary
[2026-07-24T09:27:07.780Z] GET /api/runtime/summary
[2026-07-24T09:27:07.782Z] GET /api/runtime/summary
[2026-07-24T09:27:07.786Z] GET /api/runtime/summary
[2026-07-24T09:27:07.787Z] GET /api/runtime/summary
[2026-07-24T09:28:07.790Z] GET /api/runtime/summary
[2026-07-24T09:28:07.791Z] GET /api/runtime/summary
[2026-07-24T09:28:07.795Z] GET /api/runtime/summary
[2026-07-24T09:28:07.796Z] GET /api/runtime/summary
[2026-07-24T09:29:07.780Z] GET /api/runtime/summary
[2026-07-24T09:29:07.781Z] GET /api/runtime/summary
[2026-07-24T09:29:07.785Z] GET /api/runtime/summary
[2026-07-24T09:29:07.786Z] GET /api/runtime/summary
[2026-07-24T09:30:07.796Z] GET /api/runtime/summary
[2026-07-24T09:30:07.799Z] GET /api/runtime/summary
[2026-07-24T09:30:07.806Z] GET /api/runtime/summary
[2026-07-24T09:30:07.809Z] GET /api/runtime/summary
[2026-07-24T09:31:07.785Z] GET /api/runtime/summary
[2026-07-24T09:31:07.787Z] GET /api/runtime/summary
[2026-07-24T09:31:07.790Z] GET /api/runtime/summary
[2026-07-24T09:31:07.791Z] GET /api/runtime/summary
[2026-07-24T09:32:07.781Z] GET /api/runtime/summary
[2026-07-24T09:32:07.783Z] GET /api/runtime/summary
[2026-07-24T09:32:07.790Z] GET /api/runtime/summary
[2026-07-24T09:32:07.791Z] GET /api/runtime/summary
[2026-07-24T09:33:07.781Z] GET /api/runtime/summary
[2026-07-24T09:33:07.781Z] GET /api/runtime/summary
[2026-07-24T09:33:07.786Z] GET /api/runtime/summary
[2026-07-24T09:33:07.787Z] GET /api/runtime/summary
[2026-07-24T09:34:07.791Z] GET /api/runtime/summary
[2026-07-24T09:34:07.792Z] GET /api/runtime/summary
[2026-07-24T09:34:07.795Z] GET /api/runtime/summary
[2026-07-24T09:34:07.796Z] GET /api/runtime/summary
[2026-07-24T09:34:16.740Z] GET /api/runtime/summary
[2026-07-24T09:34:16.741Z] GET /api/runtime/summary
[2026-07-24T09:34:16.766Z] GET /api/runtime/summary
[2026-07-24T09:34:16.767Z] GET /api/runtime/summary
[2026-07-24T09:34:26.794Z] GET /api/runtime/summary
[2026-07-24T09:34:26.795Z] GET /api/runtime/summary
[2026-07-24T09:34:36.779Z] GET /api/runtime/summary
[2026-07-24T09:34:36.780Z] GET /api/runtime/summary
[2026-07-24T09:34:46.778Z] GET /api/runtime/summary
[2026-07-24T09:34:46.779Z] GET /api/runtime/summary
[2026-07-24T09:34:56.778Z] GET /api/runtime/summary
[2026-07-24T09:34:56.779Z] GET /api/runtime/summary
[2026-07-24T09:35:06.776Z] GET /api/runtime/summary
[2026-07-24T09:35:06.777Z] GET /api/runtime/summary
[2026-07-24T09:35:07.779Z] GET /api/runtime/summary
[2026-07-24T09:35:07.780Z] GET /api/runtime/summary
[2026-07-24T09:35:16.774Z] GET /api/runtime/summary
[2026-07-24T09:35:16.774Z] GET /api/runtime/summary
[2026-07-24T09:36:07.786Z] GET /api/runtime/summary
[2026-07-24T09:36:07.787Z] GET /api/runtime/summary
[2026-07-24T09:36:07.791Z] GET /api/runtime/summary
[2026-07-24T09:36:07.792Z] GET /api/runtime/summary
[2026-07-24T09:37:07.783Z] GET /api/runtime/summary
[2026-07-24T09:37:07.784Z] GET /api/runtime/summary
[2026-07-24T09:37:07.788Z] GET /api/runtime/summary
[2026-07-24T09:37:07.788Z] GET /api/runtime/summary
[2026-07-24T09:37:13.229Z] GET /api/runtime/summary
[2026-07-24T09:37:13.230Z] GET /api/runtime/summary
[2026-07-24T09:37:13.233Z] GET /api/runtime/summary
[2026-07-24T09:37:13.234Z] GET /api/runtime/summary
[2026-07-24T09:37:15.037Z] GET /api/runtime/summary
[2026-07-24T09:37:15.038Z] GET /api/runtime/summary
[2026-07-24T09:37:15.042Z] GET /api/runtime/summary
[2026-07-24T09:37:15.043Z] GET /api/runtime/summary
[2026-07-24T09:37:25.777Z] GET /api/runtime/summary
[2026-07-24T09:37:25.778Z] GET /api/runtime/summary
[2026-07-24T09:37:35.783Z] GET /api/runtime/summary
[2026-07-24T09:37:35.784Z] GET /api/runtime/summary
[2026-07-24T09:37:45.773Z] GET /api/runtime/summary
[2026-07-24T09:37:45.774Z] GET /api/runtime/summary
[2026-07-24T09:37:55.785Z] GET /api/runtime/summary
[2026-07-24T09:37:55.786Z] GET /api/runtime/summary
[2026-07-24T09:38:05.782Z] GET /api/runtime/summary
[2026-07-24T09:38:05.785Z] GET /api/runtime/summary
[2026-07-24T09:38:07.789Z] GET /api/runtime/summary
[2026-07-24T09:38:07.790Z] GET /api/runtime/summary
[2026-07-24T09:38:15.786Z] GET /api/runtime/summary
[2026-07-24T09:38:15.787Z] GET /api/runtime/summary
[2026-07-24T09:40:52.142Z] GET /api/runtime/summary
[2026-07-24T09:40:52.143Z] GET /api/runtime/summary
[2026-07-24T09:40:52.151Z] GET /api/runtime/summary
[2026-07-24T09:40:52.152Z] GET /api/runtime/summary
[2026-07-24T09:40:52.484Z] GET /api/runtime/summary
[2026-07-24T09:40:52.485Z] GET /api/runtime/summary
[2026-07-24T09:40:52.489Z] GET /api/runtime/summary
[2026-07-24T09:40:52.490Z] GET /api/runtime/summary
[2026-07-24T09:41:02.788Z] GET /api/runtime/summary
[2026-07-24T09:41:02.790Z] GET /api/runtime/summary
[2026-07-24T09:41:07.790Z] GET /api/runtime/summary
[2026-07-24T09:41:07.791Z] GET /api/runtime/summary
[2026-07-24T09:41:12.772Z] GET /api/runtime/summary
[2026-07-24T09:41:12.773Z] GET /api/runtime/summary
[2026-07-24T09:41:22.788Z] GET /api/runtime/summary
[2026-07-24T09:41:22.791Z] GET /api/runtime/summary
[2026-07-24T09:41:32.793Z] GET /api/runtime/summary
[2026-07-24T09:41:32.794Z] GET /api/runtime/summary
[2026-07-24T09:41:41.962Z] GET /api/runtime/summary
[2026-07-24T09:41:41.963Z] GET /api/runtime/summary
[2026-07-24T09:41:42.005Z] GET /favicon.ico
[2026-07-24T09:41:42.006Z] GET /favicon.ico
[2026-07-24T09:41:42.780Z] GET /api/runtime/summary
[2026-07-24T09:41:42.781Z] GET /api/runtime/summary
[2026-07-24T09:41:46.132Z] GET /api/runtime/summary
[2026-07-24T09:41:46.133Z] GET /api/runtime/summary
[2026-07-24T09:41:52.779Z] GET /api/runtime/summary
[2026-07-24T09:41:52.780Z] GET /api/runtime/summary
[2026-07-24T09:41:55.784Z] GET /api/runtime/summary
[2026-07-24T09:41:55.785Z] GET /api/runtime/summary
[2026-07-24T09:42:05.780Z] GET /api/runtime/summary
[2026-07-24T09:42:05.781Z] GET /api/runtime/summary
[2026-07-24T09:42:07.776Z] GET /api/runtime/summary
[2026-07-24T09:42:07.777Z] GET /api/runtime/summary
[2026-07-24T09:42:15.784Z] GET /api/runtime/summary
[2026-07-24T09:42:15.785Z] GET /api/runtime/summary
[2026-07-24T09:42:25.775Z] GET /api/runtime/summary
[2026-07-24T09:42:25.776Z] GET /api/runtime/summary
[2026-07-24T09:42:35.792Z] GET /api/runtime/summary
[2026-07-24T09:42:35.794Z] GET /api/runtime/summary
[2026-07-24T09:42:45.775Z] GET /api/runtime/summary
[2026-07-24T09:42:45.776Z] GET /api/runtime/summary
[2026-07-24T09:43:07.789Z] GET /api/runtime/summary
[2026-07-24T09:43:07.791Z] GET /api/runtime/summary
[2026-07-24T09:43:07.795Z] GET /api/runtime/summary
[2026-07-24T09:43:07.796Z] GET /api/runtime/summary
[2026-07-24T09:44:07.780Z] GET /api/runtime/summary
[2026-07-24T09:44:07.781Z] GET /api/runtime/summary
[2026-07-24T09:44:07.784Z] GET /api/runtime/summary
[2026-07-24T09:44:07.785Z] GET /api/runtime/summary
[2026-07-24T09:45:07.781Z] GET /api/runtime/summary
[2026-07-24T09:45:07.782Z] GET /api/runtime/summary
[2026-07-24T09:45:07.787Z] GET /api/runtime/summary
[2026-07-24T09:45:07.788Z] GET /api/runtime/summary
[2026-07-24T09:46:07.794Z] GET /api/runtime/summary
[2026-07-24T09:46:07.795Z] GET /api/runtime/summary
[2026-07-24T09:46:07.801Z] GET /api/runtime/summary
[2026-07-24T09:46:07.802Z] GET /api/runtime/summary
[2026-07-24T09:47:07.780Z] GET /api/runtime/summary
[2026-07-24T09:47:07.781Z] GET /api/runtime/summary
[2026-07-24T09:47:07.786Z] GET /api/runtime/summary
[2026-07-24T09:47:07.788Z] GET /api/runtime/summary
[2026-07-24T09:47:17.889Z] GET /api/runtime/summary
[2026-07-24T09:47:17.890Z] GET /api/runtime/summary
[2026-07-24T09:47:24.809Z] GET /api/runtime/summary
[2026-07-24T09:47:24.810Z] GET /api/runtime/summary
[2026-07-24T09:47:35.777Z] GET /api/runtime/summary
[2026-07-24T09:47:35.778Z] GET /api/runtime/summary
[2026-07-24T09:47:45.788Z] GET /api/runtime/summary
[2026-07-24T09:47:45.788Z] GET /api/runtime/summary
[2026-07-24T09:47:55.783Z] GET /api/runtime/summary
[2026-07-24T09:47:55.785Z] GET /api/runtime/summary
[2026-07-24T09:48:05.788Z] GET /api/runtime/summary
[2026-07-24T09:48:05.789Z] GET /api/runtime/summary
[2026-07-24T09:48:07.788Z] GET /api/runtime/summary
[2026-07-24T09:48:07.789Z] GET /api/runtime/summary
[2026-07-24T09:48:15.780Z] GET /api/runtime/summary
[2026-07-24T09:48:15.781Z] GET /api/runtime/summary
[2026-07-24T09:48:25.787Z] GET /api/runtime/summary
[2026-07-24T09:48:25.788Z] GET /api/runtime/summary
[2026-07-24T09:49:07.781Z] GET /api/runtime/summary
[2026-07-24T09:49:07.782Z] GET /api/runtime/summary
[2026-07-24T09:49:07.785Z] GET /api/runtime/summary
[2026-07-24T09:49:07.786Z] GET /api/runtime/summary
[2026-07-24T09:50:07.777Z] GET /api/runtime/summary
[2026-07-24T09:50:07.778Z] GET /api/runtime/summary
[2026-07-24T09:50:07.781Z] GET /api/runtime/summary
[2026-07-24T09:50:07.782Z] GET /api/runtime/summary
[2026-07-24T09:51:07.787Z] GET /api/runtime/summary
[2026-07-24T09:51:07.788Z] GET /api/runtime/summary
[2026-07-24T09:51:07.793Z] GET /api/runtime/summary
[2026-07-24T09:51:07.794Z] GET /api/runtime/summary
[2026-07-24T09:52:07.786Z] GET /api/runtime/summary
[2026-07-24T09:52:07.786Z] GET /api/runtime/summary
[2026-07-24T09:52:07.790Z] GET /api/runtime/summary
[2026-07-24T09:52:07.791Z] GET /api/runtime/summary
[2026-07-24T09:53:07.789Z] GET /api/runtime/summary
[2026-07-24T09:53:07.790Z] GET /api/runtime/summary
[2026-07-24T09:53:07.799Z] GET /api/runtime/summary
[2026-07-24T09:53:07.802Z] GET /api/runtime/summary
[2026-07-24T09:54:07.783Z] GET /api/runtime/summary
[2026-07-24T09:54:07.784Z] GET /api/runtime/summary
[2026-07-24T09:54:07.787Z] GET /api/runtime/summary
[2026-07-24T09:54:07.788Z] GET /api/runtime/summary
[2026-07-24T09:55:07.785Z] GET /api/runtime/summary
[2026-07-24T09:55:07.786Z] GET /api/runtime/summary
[2026-07-24T09:55:07.789Z] GET /api/runtime/summary
[2026-07-24T09:55:07.790Z] GET /api/runtime/summary
[2026-07-24T09:56:07.790Z] GET /api/runtime/summary
[2026-07-24T09:56:07.790Z] GET /api/runtime/summary
[2026-07-24T09:56:07.793Z] GET /api/runtime/summary
[2026-07-24T09:56:07.794Z] GET /api/runtime/summary
[2026-07-24T09:56:46.519Z] GET /api/runtime/summary
[2026-07-24T09:56:46.522Z] GET /api/runtime/summary
[2026-07-24T09:56:50.512Z] GET /zone/state
[2026-07-24T09:56:50.513Z] GET /zone/state
[2026-07-24T09:56:50.519Z] GET /zone/state
[2026-07-24T09:56:50.521Z] GET /zone/state
[2026-07-24T09:56:50.533Z] GET /alerts
[2026-07-24T09:56:50.534Z] GET /alerts
[2026-07-24T09:56:50.540Z] GET /alerts
[2026-07-24T09:56:50.541Z] GET /alerts
[2026-07-24T09:56:52.331Z] GET /api/runtime/summary
[2026-07-24T09:56:52.332Z] GET /api/runtime/summary
[2026-07-24T09:56:52.336Z] GET /api/runtime/summary
[2026-07-24T09:56:52.338Z] GET /api/runtime/summary
[2026-07-24T09:57:02.337Z] GET /api/runtime/summary
[2026-07-24T09:57:02.338Z] GET /api/runtime/summary
[2026-07-24T09:57:07.784Z] GET /api/runtime/summary
[2026-07-24T09:57:07.786Z] GET /api/runtime/summary
[2026-07-24T09:57:12.774Z] GET /api/runtime/summary
[2026-07-24T09:57:12.776Z] GET /api/runtime/summary
[2026-07-24T09:57:15.927Z] GET /api/runtime/summary
[2026-07-24T09:57:15.928Z] GET /api/runtime/summary
[2026-07-24T09:57:15.976Z] GET /favicon.ico
[2026-07-24T09:57:15.977Z] GET /favicon.ico
[2026-07-24T09:57:20.019Z] GET /api/runtime/summary
[2026-07-24T09:57:20.021Z] GET /api/runtime/summary
[2026-07-24T09:57:22.342Z] GET /api/runtime/summary
[2026-07-24T09:57:22.346Z] GET /api/runtime/summary
[2026-07-24T09:57:22.777Z] GET /api/runtime/summary
[2026-07-24T09:57:22.779Z] GET /api/runtime/summary
[2026-07-24T09:57:32.789Z] GET /api/runtime/summary
[2026-07-24T09:57:32.790Z] GET /api/runtime/summary
[2026-07-24T09:57:32.794Z] GET /api/runtime/summary
[2026-07-24T09:57:32.795Z] GET /api/runtime/summary
[2026-07-24T09:57:42.784Z] GET /api/runtime/summary
[2026-07-24T09:57:42.786Z] GET /api/runtime/summary
[2026-07-24T09:57:42.792Z] GET /api/runtime/summary
[2026-07-24T09:57:42.793Z] GET /api/runtime/summary
[2026-07-24T09:57:52.785Z] GET /api/runtime/summary
[2026-07-24T09:57:52.786Z] GET /api/runtime/summary
[2026-07-24T09:57:52.789Z] GET /api/runtime/summary
[2026-07-24T09:57:52.790Z] GET /api/runtime/summary
[2026-07-24T09:58:02.776Z] GET /api/runtime/summary
[2026-07-24T09:58:02.778Z] GET /api/runtime/summary
[2026-07-24T09:58:12.785Z] GET /api/runtime/summary
[2026-07-24T09:58:12.787Z] GET /api/runtime/summary
[2026-07-24T09:58:22.781Z] GET /api/runtime/summary
[2026-07-24T09:58:22.783Z] GET /api/runtime/summary
[2026-07-24T09:58:32.777Z] GET /api/runtime/summary
[2026-07-24T09:58:32.778Z] GET /api/runtime/summary
[2026-07-24T09:58:42.772Z] GET /api/runtime/summary
[2026-07-24T09:58:42.774Z] GET /api/runtime/summary
[2026-07-24T09:58:52.776Z] GET /api/runtime/summary
[2026-07-24T09:58:52.777Z] GET /api/runtime/summary
[2026-07-24T09:59:02.785Z] GET /api/runtime/summary
[2026-07-24T09:59:02.785Z] GET /api/runtime/summary
[2026-07-24T09:59:12.786Z] GET /api/runtime/summary
[2026-07-24T09:59:12.788Z] GET /api/runtime/summary
[2026-07-24T09:59:22.789Z] GET /api/runtime/summary
[2026-07-24T09:59:22.791Z] GET /api/runtime/summary
[2026-07-24T09:59:32.777Z] GET /api/runtime/summary
[2026-07-24T09:59:32.779Z] GET /api/runtime/summary
[2026-07-24T09:59:42.783Z] GET /api/runtime/summary
[2026-07-24T09:59:42.784Z] GET /api/runtime/summary
[2026-07-24T09:59:52.775Z] GET /api/runtime/summary
[2026-07-24T09:59:52.777Z] GET /api/runtime/summary
[2026-07-24T10:00:02.784Z] GET /api/runtime/summary
[2026-07-24T10:00:02.785Z] GET /api/runtime/summary
[2026-07-24T10:00:12.788Z] GET /api/runtime/summary
[2026-07-24T10:00:12.789Z] GET /api/runtime/summary
[2026-07-24T10:00:22.778Z] GET /api/runtime/summary
[2026-07-24T10:00:22.779Z] GET /api/runtime/summary
[2026-07-24T10:00:32.784Z] GET /api/runtime/summary
[2026-07-24T10:00:32.785Z] GET /api/runtime/summary
[2026-07-24T10:00:42.771Z] GET /api/runtime/summary
[2026-07-24T10:00:42.772Z] GET /api/runtime/summary
[2026-07-24T10:00:52.787Z] GET /api/runtime/summary
[2026-07-24T10:00:52.788Z] GET /api/runtime/summary
[2026-07-24T10:01:02.777Z] GET /api/runtime/summary
[2026-07-24T10:01:02.779Z] GET /api/runtime/summary
[2026-07-24T10:01:12.782Z] GET /api/runtime/summary
[2026-07-24T10:01:12.783Z] GET /api/runtime/summary
[2026-07-24T10:01:22.790Z] GET /api/runtime/summary
[2026-07-24T10:01:22.791Z] GET /api/runtime/summary
[2026-07-24T10:01:32.781Z] GET /api/runtime/summary
[2026-07-24T10:01:32.782Z] GET /api/runtime/summary
[2026-07-24T10:01:42.796Z] GET /api/runtime/summary
[2026-07-24T10:01:42.797Z] GET /api/runtime/summary
[2026-07-24T10:01:52.777Z] GET /api/runtime/summary
[2026-07-24T10:01:52.779Z] GET /api/runtime/summary
[2026-07-24T10:02:02.785Z] GET /api/runtime/summary
[2026-07-24T10:02:02.787Z] GET /api/runtime/summary
[2026-07-24T10:02:12.776Z] GET /api/runtime/summary
[2026-07-24T10:02:12.776Z] GET /api/runtime/summary
[2026-07-24T10:03:07.785Z] GET /api/runtime/summary
[2026-07-24T10:03:07.787Z] GET /api/runtime/summary
[2026-07-24T10:03:12.893Z] GET /zone/state
[2026-07-24T10:03:12.894Z] GET /zone/state
[2026-07-24T10:03:12.902Z] GET /zone/state
[2026-07-24T10:03:12.903Z] GET /zone/state
[2026-07-24T10:03:12.919Z] GET /alerts
[2026-07-24T10:03:12.920Z] GET /alerts
[2026-07-24T10:03:12.924Z] GET /alerts
[2026-07-24T10:03:12.925Z] GET /alerts
[2026-07-24T10:03:15.896Z] GET /zone/state
[2026-07-24T10:03:15.897Z] GET /zone/state
[2026-07-24T10:03:15.901Z] GET /alerts
[2026-07-24T10:03:15.901Z] GET /alerts
[2026-07-24T10:03:18.908Z] GET /zone/state
[2026-07-24T10:03:18.910Z] GET /zone/state
[2026-07-24T10:03:18.917Z] GET /alerts
[2026-07-24T10:03:18.919Z] GET /alerts
[2026-07-24T10:03:21.900Z] GET /zone/state
[2026-07-24T10:03:21.901Z] GET /zone/state
[2026-07-24T10:03:21.905Z] GET /alerts
[2026-07-24T10:03:21.906Z] GET /alerts
[2026-07-24T10:03:24.894Z] GET /zone/state
[2026-07-24T10:03:24.896Z] GET /zone/state
[2026-07-24T10:03:24.902Z] GET /alerts
[2026-07-24T10:03:24.903Z] GET /alerts
[2026-07-24T10:03:25.972Z] GET /api/runtime/summary
[2026-07-24T10:03:25.973Z] GET /api/runtime/summary
[2026-07-24T10:03:25.977Z] GET /api/runtime/summary
[2026-07-24T10:03:25.979Z] GET /api/runtime/summary
[2026-07-24T10:03:35.983Z] GET /api/runtime/summary
[2026-07-24T10:03:35.984Z] GET /api/runtime/summary
[2026-07-24T10:03:46.775Z] GET /api/runtime/summary
[2026-07-24T10:03:46.776Z] GET /api/runtime/summary
[2026-07-24T10:03:56.781Z] GET /api/runtime/summary
[2026-07-24T10:03:56.782Z] GET /api/runtime/summary
[2026-07-24T10:04:06.787Z] GET /api/runtime/summary
[2026-07-24T10:04:06.788Z] GET /api/runtime/summary
[2026-07-24T10:04:07.793Z] GET /api/runtime/summary
[2026-07-24T10:04:07.796Z] GET /api/runtime/summary
[2026-07-24T10:04:16.779Z] GET /api/runtime/summary
[2026-07-24T10:04:16.780Z] GET /api/runtime/summary
[2026-07-24T10:04:24.806Z] GET /api/runtime/summary
[2026-07-24T10:04:24.807Z] GET /api/runtime/summary
[2026-07-24T10:04:24.814Z] GET /api/runtime/summary
[2026-07-24T10:04:24.817Z] GET /api/runtime/summary
[2026-07-24T10:04:27.489Z] GET /zone/state
[2026-07-24T10:04:27.490Z] GET /zone/state
[2026-07-24T10:04:27.493Z] GET /zone/state
[2026-07-24T10:04:27.494Z] GET /zone/state
[2026-07-24T10:04:27.522Z] GET /alerts
[2026-07-24T10:04:27.524Z] GET /alerts
[2026-07-24T10:04:27.527Z] GET /alerts
[2026-07-24T10:04:27.528Z] GET /alerts
[2026-07-24T10:04:30.495Z] GET /zone/state
[2026-07-24T10:04:30.497Z] GET /zone/state
[2026-07-24T10:04:30.502Z] GET /alerts
[2026-07-24T10:04:30.503Z] GET /alerts
[2026-07-24T10:04:32.900Z] GET /api/runtime/summary
[2026-07-24T10:04:32.901Z] GET /api/runtime/summary
[2026-07-24T10:04:32.905Z] GET /api/runtime/summary
[2026-07-24T10:04:32.907Z] GET /api/runtime/summary
[2026-07-24T10:04:42.915Z] GET /api/runtime/summary
[2026-07-24T10:04:42.916Z] GET /api/runtime/summary
[2026-07-24T10:04:53.776Z] GET /api/runtime/summary
[2026-07-24T10:04:53.777Z] GET /api/runtime/summary
[2026-07-24T10:05:03.780Z] GET /api/runtime/summary
[2026-07-24T10:05:03.781Z] GET /api/runtime/summary
[2026-07-24T10:05:07.791Z] GET /api/runtime/summary
[2026-07-24T10:05:07.792Z] GET /api/runtime/summary
[2026-07-24T10:05:13.792Z] GET /api/runtime/summary
[2026-07-24T10:05:13.793Z] GET /api/runtime/summary
[2026-07-24T10:05:23.777Z] GET /api/runtime/summary
[2026-07-24T10:05:23.778Z] GET /api/runtime/summary
[2026-07-24T10:05:33.795Z] GET /api/runtime/summary
[2026-07-24T10:05:33.797Z] GET /api/runtime/summary
[2026-07-24T10:05:43.775Z] GET /api/runtime/summary
[2026-07-24T10:05:43.777Z] GET /api/runtime/summary
[2026-07-24T10:06:07.786Z] GET /api/runtime/summary
[2026-07-24T10:06:07.787Z] GET /api/runtime/summary
[2026-07-24T10:06:07.792Z] GET /api/runtime/summary
[2026-07-24T10:06:07.793Z] GET /api/runtime/summary
[2026-07-24T10:07:07.791Z] GET /api/runtime/summary
[2026-07-24T10:07:07.792Z] GET /api/runtime/summary
[2026-07-24T10:07:07.795Z] GET /api/runtime/summary
[2026-07-24T10:07:07.796Z] GET /api/runtime/summary
[2026-07-24T10:08:07.798Z] GET /api/runtime/summary
[2026-07-24T10:08:07.800Z] GET /api/runtime/summary
[2026-07-24T10:08:07.807Z] GET /api/runtime/summary
[2026-07-24T10:08:07.808Z] GET /api/runtime/summary
[2026-07-24T10:09:07.783Z] GET /api/runtime/summary
[2026-07-24T10:09:07.784Z] GET /api/runtime/summary
[2026-07-24T10:09:07.789Z] GET /api/runtime/summary
[2026-07-24T10:09:07.791Z] GET /api/runtime/summary
[2026-07-24T10:10:07.795Z] GET /api/runtime/summary
[2026-07-24T10:10:07.796Z] GET /api/runtime/summary
[2026-07-24T10:10:07.800Z] GET /api/runtime/summary
[2026-07-24T10:10:07.801Z] GET /api/runtime/summary
[2026-07-24T10:11:07.786Z] GET /api/runtime/summary
[2026-07-24T10:11:07.787Z] GET /api/runtime/summary
[2026-07-24T10:11:07.801Z] GET /api/runtime/summary
[2026-07-24T10:11:07.801Z] GET /api/runtime/summary
[2026-07-24T10:12:07.782Z] GET /api/runtime/summary
[2026-07-24T10:12:07.784Z] GET /api/runtime/summary
[2026-07-24T10:12:07.788Z] GET /api/runtime/summary
[2026-07-24T10:12:07.789Z] GET /api/runtime/summary
[2026-07-24T10:13:07.780Z] GET /api/runtime/summary
[2026-07-24T10:13:07.781Z] GET /api/runtime/summary
[2026-07-24T10:13:07.785Z] GET /api/runtime/summary
[2026-07-24T10:13:07.786Z] GET /api/runtime/summary
[2026-07-24T10:14:08.552Z] GET /api/runtime/summary
[2026-07-24T10:14:08.555Z] GET /api/runtime/summary
[2026-07-24T10:14:08.580Z] GET /api/runtime/summary
[2026-07-24T10:14:08.581Z] GET /api/runtime/summary
[2026-07-24T10:14:12.774Z] GET /api/runtime/summary
[2026-07-24T10:14:12.775Z] GET /api/runtime/summary
[2026-07-24T10:14:12.910Z] GET /api/runtime/summary
[2026-07-24T10:14:12.912Z] GET /api/runtime/summary
[2026-07-24T10:14:22.785Z] GET /api/runtime/summary
[2026-07-24T10:14:22.787Z] GET /api/runtime/summary
[2026-07-24T10:14:22.906Z] GET /api/runtime/summary
[2026-07-24T10:14:22.907Z] GET /api/runtime/summary
[2026-07-24T10:14:32.779Z] GET /api/runtime/summary
[2026-07-24T10:14:32.781Z] GET /api/runtime/summary
[2026-07-24T10:14:32.904Z] GET /api/runtime/summary
[2026-07-24T10:14:32.905Z] GET /api/runtime/summary
[2026-07-24T10:14:34.788Z] GET /zone/state
[2026-07-24T10:14:34.789Z] GET /zone/state
[2026-07-24T10:14:34.798Z] GET /zone/state
[2026-07-24T10:14:34.799Z] GET /zone/state
[2026-07-24T10:14:34.812Z] GET /alerts
[2026-07-24T10:14:34.813Z] GET /alerts
[2026-07-24T10:14:34.819Z] GET /alerts
[2026-07-24T10:14:34.820Z] GET /alerts
[2026-07-24T10:14:37.789Z] GET /zone/state
[2026-07-24T10:14:37.790Z] GET /zone/state
[2026-07-24T10:14:37.799Z] GET /alerts
[2026-07-24T10:14:37.799Z] GET /alerts
[2026-07-24T10:14:40.791Z] GET /zone/state
[2026-07-24T10:14:40.792Z] GET /zone/state
[2026-07-24T10:14:40.800Z] GET /alerts
[2026-07-24T10:14:40.801Z] GET /alerts
[2026-07-24T10:14:42.775Z] GET /api/runtime/summary
[2026-07-24T10:14:42.776Z] GET /api/runtime/summary
[2026-07-24T10:14:43.788Z] GET /zone/state
[2026-07-24T10:14:43.789Z] GET /zone/state
[2026-07-24T10:14:43.801Z] GET /alerts
[2026-07-24T10:14:43.802Z] GET /alerts
[2026-07-24T10:14:44.153Z] GET /api/runtime/summary
[2026-07-24T10:14:44.155Z] GET /api/runtime/summary
[2026-07-24T10:14:44.163Z] GET /api/runtime/summary
[2026-07-24T10:14:44.164Z] GET /api/runtime/summary
[2026-07-24T10:14:52.780Z] GET /api/runtime/summary
[2026-07-24T10:14:52.782Z] GET /api/runtime/summary
[2026-07-24T10:14:54.166Z] GET /api/runtime/summary
[2026-07-24T10:14:54.167Z] GET /api/runtime/summary
[2026-07-24T10:15:02.787Z] GET /api/runtime/summary
[2026-07-24T10:15:02.789Z] GET /api/runtime/summary
[2026-07-24T10:15:04.168Z] GET /api/runtime/summary
[2026-07-24T10:15:04.169Z] GET /api/runtime/summary
[2026-07-24T10:15:12.777Z] GET /api/runtime/summary
[2026-07-24T10:15:12.779Z] GET /api/runtime/summary
[2026-07-24T10:15:14.171Z] GET /api/runtime/summary
[2026-07-24T10:15:14.173Z] GET /api/runtime/summary
[2026-07-24T10:15:22.783Z] GET /api/runtime/summary
[2026-07-24T10:15:22.785Z] GET /api/runtime/summary
[2026-07-24T10:15:24.781Z] GET /api/runtime/summary
[2026-07-24T10:15:24.784Z] GET /api/runtime/summary
[2026-07-24T10:15:34.788Z] GET /api/runtime/summary
[2026-07-24T10:15:34.789Z] GET /api/runtime/summary
[2026-07-24T10:15:44.784Z] GET /api/runtime/summary
[2026-07-24T10:15:44.787Z] GET /api/runtime/summary
[2026-07-24T10:15:54.792Z] GET /api/runtime/summary
[2026-07-24T10:15:54.793Z] GET /api/runtime/summary
[2026-07-24T10:16:04.781Z] GET /api/runtime/summary
[2026-07-24T10:16:04.782Z] GET /api/runtime/summary
[2026-07-24T10:16:14.777Z] GET /api/runtime/summary
[2026-07-24T10:16:14.778Z] GET /api/runtime/summary
[2026-07-24T10:16:24.778Z] GET /api/runtime/summary
[2026-07-24T10:16:24.780Z] GET /api/runtime/summary
[2026-07-24T10:17:07.802Z] GET /api/runtime/summary
[2026-07-24T10:17:07.803Z] GET /api/runtime/summary
[2026-07-24T10:17:24.805Z] GET /api/runtime/summary
[2026-07-24T10:17:24.806Z] GET /api/runtime/summary
[2026-07-24T10:17:24.808Z] GET /api/runtime/trace-ids
[2026-07-24T10:17:24.809Z] GET /api/runtime/trace-ids
[2026-07-24T10:17:24.815Z] GET /api/health
[2026-07-24T10:17:24.816Z] GET /api/replay
[2026-07-24T10:17:24.817Z] GET /api/health
[2026-07-24T10:17:24.818Z] GET /api/replay
[2026-07-24T10:17:34.822Z] GET /api/runtime/summary
[2026-07-24T10:17:34.823Z] GET /api/runtime/trace-ids
[2026-07-24T10:17:34.823Z] GET /api/health
[2026-07-24T10:17:34.824Z] GET /api/replay
[2026-07-24T10:17:34.825Z] GET /api/runtime/summary
[2026-07-24T10:17:34.827Z] GET /api/runtime/trace-ids
[2026-07-24T10:17:34.828Z] GET /api/health
[2026-07-24T10:17:34.829Z] GET /api/replay
[2026-07-24T10:17:45.792Z] GET /api/runtime/summary
[2026-07-24T10:17:45.793Z] GET /api/runtime/summary
[2026-07-24T10:17:45.796Z] GET /api/runtime/trace-ids
[2026-07-24T10:17:45.797Z] GET /api/runtime/trace-ids
[2026-07-24T10:17:45.798Z] GET /api/health
[2026-07-24T10:17:45.799Z] GET /api/replay
[2026-07-24T10:17:45.800Z] GET /api/health
[2026-07-24T10:17:45.801Z] GET /api/replay
[2026-07-24T10:17:55.791Z] GET /api/runtime/summary
[2026-07-24T10:17:55.794Z] GET /api/runtime/trace-ids
[2026-07-24T10:17:55.795Z] GET /api/runtime/summary
[2026-07-24T10:17:55.796Z] GET /api/health
[2026-07-24T10:17:55.797Z] GET /api/runtime/trace-ids
[2026-07-24T10:17:55.798Z] GET /api/replay
[2026-07-24T10:17:55.799Z] GET /api/health
[2026-07-24T10:17:55.801Z] GET /api/replay
[2026-07-24T10:18:05.782Z] GET /api/runtime/summary
[2026-07-24T10:18:05.784Z] GET /api/runtime/summary
[2026-07-24T10:18:05.788Z] GET /api/runtime/trace-ids
[2026-07-24T10:18:05.790Z] GET /api/health
[2026-07-24T10:18:05.792Z] GET /api/replay
[2026-07-24T10:18:05.793Z] GET /api/runtime/trace-ids
[2026-07-24T10:18:05.795Z] GET /api/health
[2026-07-24T10:18:05.796Z] GET /api/replay
[2026-07-24T10:18:15.786Z] GET /api/runtime/summary
[2026-07-24T10:18:15.787Z] GET /api/runtime/summary
[2026-07-24T10:18:15.789Z] GET /api/runtime/trace-ids
[2026-07-24T10:18:15.790Z] GET /api/health
[2026-07-24T10:18:15.790Z] GET /api/runtime/trace-ids
[2026-07-24T10:18:15.791Z] GET /api/replay
[2026-07-24T10:18:15.792Z] GET /api/health
[2026-07-24T10:18:15.793Z] GET /api/replay
[2026-07-24T10:18:25.783Z] GET /api/runtime/summary
[2026-07-24T10:18:25.784Z] GET /api/runtime/trace-ids
[2026-07-24T10:18:25.786Z] GET /api/runtime/summary
[2026-07-24T10:18:25.788Z] GET /api/runtime/trace-ids
[2026-07-24T10:18:25.791Z] GET /api/health
[2026-07-24T10:18:25.792Z] GET /api/replay
[2026-07-24T10:18:25.794Z] GET /api/health
[2026-07-24T10:18:25.796Z] GET /api/replay
[2026-07-24T10:18:35.791Z] GET /api/runtime/summary
[2026-07-24T10:18:35.794Z] GET /api/runtime/trace-ids
[2026-07-24T10:18:35.795Z] GET /api/replay
[2026-07-24T10:18:35.798Z] GET /api/health
[2026-07-24T10:18:35.799Z] GET /api/runtime/summary
[2026-07-24T10:18:35.802Z] GET /api/runtime/trace-ids
[2026-07-24T10:18:35.804Z] GET /api/replay
[2026-07-24T10:18:35.806Z] GET /api/health
[2026-07-24T10:18:45.278Z] GET /api/runtime/summary
[2026-07-24T10:18:45.280Z] GET /api/runtime/trace-ids
[2026-07-24T10:18:45.281Z] GET /api/runtime/summary
[2026-07-24T10:18:45.283Z] GET /api/health
[2026-07-24T10:18:45.284Z] GET /api/replay
[2026-07-24T10:18:45.286Z] GET /api/runtime/trace-ids
[2026-07-24T10:18:45.291Z] GET /api/health
[2026-07-24T10:18:45.294Z] GET /api/replay
[2026-07-24T10:18:53.161Z] GET /api/dashboard
[2026-07-24T10:18:53.161Z] GET /api/dashboard
[2026-07-24T10:18:53.177Z] GET /api/dashboard
[2026-07-24T10:18:53.177Z] GET /api/dashboard
[2026-07-24T10:18:57.636Z] GET /api/health
[2026-07-24T10:18:57.637Z] GET /api/health
[2026-07-24T10:18:57.647Z] GET /api/health
[2026-07-24T10:18:57.648Z] GET /api/health
[2026-07-24T10:18:57.690Z] GET /api/dashboard
[2026-07-24T10:18:57.691Z] GET /api/dashboard
[2026-07-24T10:18:57.699Z] GET /api/dashboard
[2026-07-24T10:18:57.700Z] GET /api/dashboard
[2026-07-24T10:18:57.706Z] GET /api/incidents
[2026-07-24T10:18:57.707Z] GET /api/incidents
[2026-07-24T10:18:57.724Z] GET /api/incidents
[2026-07-24T10:18:57.725Z] GET /api/incidents
[2026-07-24T10:19:02.443Z] GET /api/dashboard
[2026-07-24T10:19:02.444Z] GET /api/dashboard
[2026-07-24T10:19:02.451Z] GET /api/dashboard
[2026-07-24T10:19:02.452Z] GET /api/dashboard
[2026-07-24T10:19:07.209Z] GET /api/runtime/summary
[2026-07-24T10:19:07.212Z] GET /api/runtime/trace-ids
[2026-07-24T10:19:07.212Z] GET /api/health
[2026-07-24T10:19:07.213Z] GET /api/runtime/summary
[2026-07-24T10:19:07.215Z] GET /api/replay
[2026-07-24T10:19:07.217Z] GET /api/runtime/trace-ids
[2026-07-24T10:19:07.219Z] GET /api/health
[2026-07-24T10:19:07.222Z] GET /api/replay
[2026-07-24T10:19:07.228Z] GET /api/runtime/trace-ids
[2026-07-24T10:19:07.230Z] GET /api/runtime/summary
[2026-07-24T10:19:07.231Z] GET /api/health
[2026-07-24T10:19:07.233Z] GET /api/replay
[2026-07-24T10:19:07.234Z] GET /api/runtime/trace-ids
[2026-07-24T10:19:07.236Z] GET /api/runtime/summary
[2026-07-24T10:19:07.238Z] GET /api/health
[2026-07-24T10:19:07.241Z] GET /api/replay
[2026-07-24T10:19:10.564Z] GET /zone/state
[2026-07-24T10:19:10.565Z] GET /zone/state
[2026-07-24T10:19:10.573Z] GET /zone/state
[2026-07-24T10:19:10.574Z] GET /zone/state
[2026-07-24T10:19:10.583Z] GET /alerts
[2026-07-24T10:19:10.584Z] GET /alerts
[2026-07-24T10:19:10.599Z] GET /alerts
[2026-07-24T10:19:10.600Z] GET /alerts
[2026-07-24T10:19:12.507Z] GET /api/runtime/summary
[2026-07-24T10:19:12.508Z] GET /api/runtime/trace-ids
[2026-07-24T10:19:12.509Z] GET /api/health
[2026-07-24T10:19:12.510Z] GET /api/replay
[2026-07-24T10:19:12.511Z] GET /api/runtime/summary
[2026-07-24T10:19:12.512Z] GET /api/runtime/trace-ids
[2026-07-24T10:19:12.515Z] GET /api/health
[2026-07-24T10:19:12.516Z] GET /api/replay
[2026-07-24T10:19:12.520Z] GET /api/runtime/summary
[2026-07-24T10:19:12.521Z] GET /api/runtime/summary
[2026-07-24T10:19:12.524Z] GET /api/runtime/trace-ids
[2026-07-24T10:19:12.525Z] GET /api/health
[2026-07-24T10:19:12.526Z] GET /api/replay
[2026-07-24T10:19:12.528Z] GET /api/runtime/trace-ids
[2026-07-24T10:19:12.530Z] GET /api/health
[2026-07-24T10:19:12.532Z] GET /api/replay
[2026-07-24T10:19:22.512Z] GET /api/runtime/summary
[2026-07-24T10:19:22.513Z] GET /api/runtime/summary
[2026-07-24T10:19:22.516Z] GET /api/runtime/trace-ids
[2026-07-24T10:19:22.522Z] GET /api/health
[2026-07-24T10:19:22.525Z] GET /api/replay
[2026-07-24T10:19:22.534Z] GET /api/runtime/trace-ids
[2026-07-24T10:19:22.536Z] GET /api/health
[2026-07-24T10:19:22.538Z] GET /api/replay
[2026-07-24T10:19:32.529Z] GET /api/runtime/summary
[2026-07-24T10:19:32.531Z] GET /api/runtime/trace-ids
[2026-07-24T10:19:32.533Z] GET /api/health
[2026-07-24T10:19:32.537Z] GET /api/replay
[2026-07-24T10:19:32.539Z] GET /api/runtime/summary
[2026-07-24T10:19:32.543Z] GET /api/runtime/trace-ids
[2026-07-24T10:19:32.546Z] GET /api/health
[2026-07-24T10:19:32.551Z] GET /api/replay
[2026-07-24T10:19:42.519Z] GET /api/runtime/summary
[2026-07-24T10:19:42.520Z] GET /api/runtime/trace-ids
[2026-07-24T10:19:42.521Z] GET /api/health
[2026-07-24T10:19:42.522Z] GET /api/replay
[2026-07-24T10:19:42.523Z] GET /api/runtime/summary
[2026-07-24T10:19:42.525Z] GET /api/runtime/trace-ids
[2026-07-24T10:19:42.528Z] GET /api/health
[2026-07-24T10:19:42.530Z] GET /api/replay
[2026-07-24T10:19:52.516Z] GET /api/runtime/summary
[2026-07-24T10:19:52.518Z] GET /api/runtime/trace-ids
[2026-07-24T10:19:52.519Z] GET /api/runtime/summary
[2026-07-24T10:19:52.526Z] GET /api/health
[2026-07-24T10:19:52.529Z] GET /api/replay
[2026-07-24T10:19:52.531Z] GET /api/runtime/trace-ids
[2026-07-24T10:19:52.536Z] GET /api/health
[2026-07-24T10:19:52.538Z] GET /api/replay
[2026-07-24T10:20:02.515Z] GET /api/runtime/summary
[2026-07-24T10:20:02.516Z] GET /api/runtime/trace-ids
[2026-07-24T10:20:02.517Z] GET /api/runtime/summary
[2026-07-24T10:20:02.519Z] GET /api/runtime/trace-ids
[2026-07-24T10:20:02.520Z] GET /api/health
[2026-07-24T10:20:02.521Z] GET /api/replay
[2026-07-24T10:20:02.522Z] GET /api/health
[2026-07-24T10:20:02.523Z] GET /api/replay
[2026-07-24T10:20:12.513Z] GET /api/runtime/summary
[2026-07-24T10:20:12.514Z] GET /api/runtime/trace-ids
[2026-07-24T10:20:12.517Z] GET /api/health
[2026-07-24T10:20:12.521Z] GET /api/replay
[2026-07-24T10:20:12.523Z] GET /api/runtime/summary
[2026-07-24T10:20:12.524Z] GET /api/runtime/trace-ids
[2026-07-24T10:20:12.525Z] GET /api/health
[2026-07-24T10:20:12.526Z] GET /api/replay
[2026-07-24T10:20:22.516Z] GET /api/runtime/summary
[2026-07-24T10:20:22.517Z] GET /api/runtime/trace-ids
[2026-07-24T10:20:22.518Z] GET /api/health
[2026-07-24T10:20:22.519Z] GET /api/replay
[2026-07-24T10:20:22.521Z] GET /api/runtime/summary
[2026-07-24T10:20:22.522Z] GET /api/runtime/trace-ids
[2026-07-24T10:20:22.523Z] GET /api/health
[2026-07-24T10:20:22.525Z] GET /api/replay
[2026-07-24T10:20:32.523Z] GET /api/runtime/summary
[2026-07-24T10:20:32.525Z] GET /api/runtime/trace-ids
[2026-07-24T10:20:32.527Z] GET /api/health
[2026-07-24T10:20:32.528Z] GET /api/runtime/summary
[2026-07-24T10:20:32.530Z] GET /api/replay
[2026-07-24T10:20:32.531Z] GET /api/runtime/trace-ids
[2026-07-24T10:20:32.533Z] GET /api/health
[2026-07-24T10:20:32.534Z] GET /api/replay
[2026-07-24T10:20:42.517Z] GET /api/runtime/trace-ids
[2026-07-24T10:20:42.518Z] GET /api/runtime/summary
[2026-07-24T10:20:42.521Z] GET /api/health
[2026-07-24T10:20:42.522Z] GET /api/runtime/trace-ids
[2026-07-24T10:20:42.526Z] GET /api/runtime/summary
[2026-07-24T10:20:42.529Z] GET /api/replay
[2026-07-24T10:20:42.533Z] GET /api/health
[2026-07-24T10:20:42.540Z] GET /api/replay
[2026-07-24T10:20:52.521Z] GET /api/runtime/summary
[2026-07-24T10:20:52.522Z] GET /api/runtime/trace-ids
[2026-07-24T10:20:52.523Z] GET /api/health
[2026-07-24T10:20:52.524Z] GET /api/replay
[2026-07-24T10:20:52.526Z] GET /api/runtime/summary
[2026-07-24T10:20:52.527Z] GET /api/runtime/trace-ids
[2026-07-24T10:20:52.530Z] GET /api/health
[2026-07-24T10:20:52.531Z] GET /api/replay
[2026-07-24T10:20:56.653Z] GET /zone/state
[2026-07-24T10:20:56.655Z] GET /zone/state
[2026-07-24T10:20:56.662Z] GET /zone/state
[2026-07-24T10:20:56.663Z] GET /zone/state
[2026-07-24T10:20:56.675Z] GET /alerts
[2026-07-24T10:20:56.676Z] GET /alerts
[2026-07-24T10:20:56.684Z] GET /alerts
[2026-07-24T10:20:56.685Z] GET /alerts
[2026-07-24T10:20:58.473Z] GET /api/runtime/summary
[2026-07-24T10:20:58.473Z] GET /api/runtime/trace-ids
[2026-07-24T10:20:58.474Z] GET /api/health
[2026-07-24T10:20:58.475Z] GET /api/replay
[2026-07-24T10:20:58.476Z] GET /api/runtime/summary
[2026-07-24T10:20:58.477Z] GET /api/runtime/trace-ids
[2026-07-24T10:20:58.479Z] GET /api/health
[2026-07-24T10:20:58.480Z] GET /api/replay
[2026-07-24T10:20:58.490Z] GET /api/runtime/summary
[2026-07-24T10:20:58.491Z] GET /api/runtime/trace-ids
[2026-07-24T10:20:58.492Z] GET /api/health
[2026-07-24T10:20:58.493Z] GET /api/replay
[2026-07-24T10:20:58.494Z] GET /api/runtime/summary
[2026-07-24T10:20:58.494Z] GET /api/runtime/trace-ids
[2026-07-24T10:20:58.496Z] GET /api/health
[2026-07-24T10:20:58.497Z] GET /api/replay
[2026-07-24T10:21:08.479Z] GET /api/runtime/summary
[2026-07-24T10:21:08.481Z] GET /api/health
[2026-07-24T10:21:08.482Z] GET /api/runtime/trace-ids
[2026-07-24T10:21:08.482Z] GET /api/runtime/summary
[2026-07-24T10:21:08.486Z] GET /api/health
[2026-07-24T10:21:08.488Z] GET /api/replay
[2026-07-24T10:21:08.489Z] GET /api/runtime/trace-ids
[2026-07-24T10:21:08.491Z] GET /api/replay
[2026-07-24T10:21:18.481Z] GET /api/runtime/summary
[2026-07-24T10:21:18.483Z] GET /api/runtime/trace-ids
[2026-07-24T10:21:18.486Z] GET /api/health
[2026-07-24T10:21:18.488Z] GET /api/replay
[2026-07-24T10:21:18.489Z] GET /api/runtime/summary
[2026-07-24T10:21:18.491Z] GET /api/runtime/trace-ids
[2026-07-24T10:21:18.492Z] GET /api/health
[2026-07-24T10:21:18.494Z] GET /api/replay
[2026-07-24T10:21:28.796Z] GET /api/runtime/summary
[2026-07-24T10:21:28.798Z] GET /api/runtime/trace-ids
[2026-07-24T10:21:28.799Z] GET /api/health
[2026-07-24T10:21:28.803Z] GET /api/runtime/summary
[2026-07-24T10:21:28.804Z] GET /api/runtime/trace-ids
[2026-07-24T10:21:28.807Z] GET /api/health
[2026-07-24T10:21:28.809Z] GET /api/replay
[2026-07-24T10:21:28.813Z] GET /api/replay
[2026-07-24T10:21:38.779Z] GET /api/runtime/summary
[2026-07-24T10:21:38.781Z] GET /api/runtime/trace-ids
[2026-07-24T10:21:38.782Z] GET /api/runtime/summary
[2026-07-24T10:21:38.785Z] GET /api/health
[2026-07-24T10:21:38.786Z] GET /api/replay
[2026-07-24T10:21:38.787Z] GET /api/runtime/trace-ids
[2026-07-24T10:21:38.788Z] GET /api/health
[2026-07-24T10:21:38.791Z] GET /api/replay
[2026-07-24T10:21:48.794Z] GET /api/runtime/summary
[2026-07-24T10:21:48.795Z] GET /api/runtime/summary
[2026-07-24T10:21:48.801Z] GET /api/runtime/trace-ids
[2026-07-24T10:21:48.802Z] GET /api/health
[2026-07-24T10:21:48.803Z] GET /api/replay
[2026-07-24T10:21:48.805Z] GET /api/runtime/trace-ids
[2026-07-24T10:21:48.807Z] GET /api/health
[2026-07-24T10:21:48.808Z] GET /api/replay
[2026-07-24T10:21:58.783Z] GET /api/runtime/summary
[2026-07-24T10:21:58.785Z] GET /api/runtime/trace-ids
[2026-07-24T10:21:58.786Z] GET /api/health
[2026-07-24T10:21:58.789Z] GET /api/replay
[2026-07-24T10:21:58.791Z] GET /api/runtime/summary
[2026-07-24T10:21:58.792Z] GET /api/runtime/trace-ids
[2026-07-24T10:21:58.793Z] GET /api/health
[2026-07-24T10:21:58.795Z] GET /api/replay
[2026-07-24T10:22:08.786Z] GET /api/runtime/summary
[2026-07-24T10:22:08.787Z] GET /api/runtime/trace-ids
[2026-07-24T10:22:08.787Z] GET /api/runtime/summary
[2026-07-24T10:22:08.790Z] GET /api/health
[2026-07-24T10:22:08.791Z] GET /api/replay
[2026-07-24T10:22:08.792Z] GET /api/runtime/trace-ids
[2026-07-24T10:22:08.796Z] GET /api/health
[2026-07-24T10:22:08.798Z] GET /api/replay
[2026-07-24T10:22:18.785Z] GET /api/runtime/summary
[2026-07-24T10:22:18.787Z] GET /api/runtime/summary
[2026-07-24T10:22:18.790Z] GET /api/runtime/trace-ids
[2026-07-24T10:22:18.794Z] GET /api/health
[2026-07-24T10:22:18.795Z] GET /api/runtime/trace-ids
[2026-07-24T10:22:18.798Z] GET /api/replay
[2026-07-24T10:22:18.799Z] GET /api/health
[2026-07-24T10:22:18.802Z] GET /api/replay
[2026-07-24T10:22:28.480Z] GET /api/runtime/summary
[2026-07-24T10:22:28.481Z] GET /api/runtime/trace-ids
[2026-07-24T10:22:28.486Z] GET /api/health
[2026-07-24T10:22:28.487Z] GET /api/replay
[2026-07-24T10:22:28.487Z] GET /api/runtime/summary
[2026-07-24T10:22:28.489Z] GET /api/runtime/trace-ids
[2026-07-24T10:22:28.491Z] GET /api/health
[2026-07-24T10:22:28.492Z] GET /api/replay
[2026-07-24T10:22:38.786Z] GET /api/runtime/summary
[2026-07-24T10:22:38.787Z] GET /api/runtime/summary
[2026-07-24T10:22:38.789Z] GET /api/runtime/trace-ids
[2026-07-24T10:22:38.791Z] GET /api/runtime/trace-ids
[2026-07-24T10:22:38.794Z] GET /api/health
[2026-07-24T10:22:38.795Z] GET /api/replay
[2026-07-24T10:22:38.798Z] GET /api/health
[2026-07-24T10:22:38.799Z] GET /api/replay
[2026-07-24T10:22:48.787Z] GET /api/runtime/summary
[2026-07-24T10:22:48.788Z] GET /api/runtime/trace-ids
[2026-07-24T10:22:48.789Z] GET /api/runtime/summary
[2026-07-24T10:22:48.790Z] GET /api/runtime/trace-ids
[2026-07-24T10:22:48.792Z] GET /api/health
[2026-07-24T10:22:48.794Z] GET /api/replay
[2026-07-24T10:22:48.797Z] GET /api/health
[2026-07-24T10:22:48.799Z] GET /api/replay
[2026-07-24T10:22:58.794Z] GET /api/runtime/summary
[2026-07-24T10:22:58.795Z] GET /api/runtime/trace-ids
[2026-07-24T10:22:58.796Z] GET /api/health
[2026-07-24T10:22:58.796Z] GET /api/replay
[2026-07-24T10:22:58.797Z] GET /api/runtime/summary
[2026-07-24T10:22:58.799Z] GET /api/runtime/trace-ids
[2026-07-24T10:22:58.801Z] GET /api/health
[2026-07-24T10:22:58.801Z] GET /api/replay
[2026-07-24T10:23:08.777Z] GET /api/runtime/summary
[2026-07-24T10:23:08.780Z] GET /api/runtime/summary
[2026-07-24T10:23:08.783Z] GET /api/runtime/trace-ids
[2026-07-24T10:23:08.784Z] GET /api/health
[2026-07-24T10:23:08.787Z] GET /api/replay
[2026-07-24T10:23:08.788Z] GET /api/runtime/trace-ids
[2026-07-24T10:23:08.790Z] GET /api/health
[2026-07-24T10:23:08.793Z] GET /api/replay
[2026-07-24T10:23:18.790Z] GET /api/runtime/summary
[2026-07-24T10:23:18.791Z] GET /api/runtime/trace-ids
[2026-07-24T10:23:18.792Z] GET /api/runtime/summary
[2026-07-24T10:23:18.793Z] GET /api/runtime/trace-ids
[2026-07-24T10:23:18.795Z] GET /api/health
[2026-07-24T10:23:18.796Z] GET /api/replay
[2026-07-24T10:23:18.799Z] GET /api/health
[2026-07-24T10:23:18.800Z] GET /api/replay
[2026-07-24T10:23:28.781Z] GET /api/runtime/summary
[2026-07-24T10:23:28.783Z] GET /api/runtime/trace-ids
[2026-07-24T10:23:28.784Z] GET /api/runtime/summary
[2026-07-24T10:23:28.786Z] GET /api/runtime/trace-ids
[2026-07-24T10:23:28.790Z] GET /api/health
[2026-07-24T10:23:28.792Z] GET /api/replay
[2026-07-24T10:23:28.794Z] GET /api/health
[2026-07-24T10:23:28.795Z] GET /api/replay
[2026-07-24T10:24:07.791Z] GET /api/runtime/summary
[2026-07-24T10:24:07.792Z] GET /api/runtime/summary
[2026-07-24T10:24:07.794Z] GET /api/runtime/trace-ids
[2026-07-24T10:24:07.794Z] GET /api/runtime/trace-ids
[2026-07-24T10:24:07.797Z] GET /api/health
[2026-07-24T10:24:07.798Z] GET /api/replay
[2026-07-24T10:24:07.798Z] GET /api/health
[2026-07-24T10:24:07.799Z] GET /api/replay
[2026-07-24T10:25:07.790Z] GET /api/runtime/summary
[2026-07-24T10:25:07.791Z] GET /api/runtime/summary
[2026-07-24T10:25:07.803Z] GET /api/runtime/trace-ids
[2026-07-24T10:25:07.805Z] GET /api/health
[2026-07-24T10:25:07.805Z] GET /api/runtime/trace-ids
[2026-07-24T10:25:07.806Z] GET /api/replay
[2026-07-24T10:25:07.807Z] GET /api/health
[2026-07-24T10:25:07.807Z] GET /api/replay
[2026-07-24T10:26:07.793Z] GET /api/runtime/summary
[2026-07-24T10:26:07.799Z] GET /api/runtime/trace-ids
[2026-07-24T10:26:07.801Z] GET /api/health
[2026-07-24T10:26:07.802Z] GET /api/replay
[2026-07-24T10:26:07.803Z] GET /api/runtime/summary
[2026-07-24T10:26:07.811Z] GET /api/runtime/trace-ids
[2026-07-24T10:26:07.815Z] GET /api/health
[2026-07-24T10:26:07.816Z] GET /api/replay
[2026-07-24T10:26:09.132Z] GET /api/runtime/summary
[2026-07-24T10:26:09.134Z] GET /api/runtime/trace-ids
[2026-07-24T10:26:09.135Z] GET /api/health
[2026-07-24T10:26:09.136Z] GET /api/replay
[2026-07-24T10:26:09.138Z] GET /api/runtime/summary
[2026-07-24T10:26:09.140Z] GET /api/runtime/trace-ids
[2026-07-24T10:26:09.142Z] GET /api/health
[2026-07-24T10:26:09.144Z] GET /api/replay
[2026-07-24T10:26:11.561Z] GET /zone/state
[2026-07-24T10:26:11.562Z] GET /zone/state
[2026-07-24T10:26:11.563Z] GET /zone/state
[2026-07-24T10:26:11.565Z] GET /zone/state
[2026-07-24T10:26:11.577Z] GET /alerts
[2026-07-24T10:26:11.578Z] GET /alerts
[2026-07-24T10:26:11.579Z] GET /alerts
[2026-07-24T10:26:11.582Z] GET /alerts
[2026-07-24T10:26:14.540Z] GET /api/runtime/summary
[2026-07-24T10:26:14.541Z] GET /api/runtime/trace-ids
[2026-07-24T10:26:14.542Z] GET /api/health
[2026-07-24T10:26:14.542Z] GET /api/replay
[2026-07-24T10:26:14.543Z] GET /api/runtime/summary
[2026-07-24T10:26:14.545Z] GET /api/runtime/trace-ids
[2026-07-24T10:26:14.547Z] GET /api/health
[2026-07-24T10:26:14.548Z] GET /api/replay
[2026-07-24T10:26:14.554Z] GET /api/runtime/summary
[2026-07-24T10:26:14.557Z] GET /api/runtime/trace-ids
[2026-07-24T10:26:14.559Z] GET /api/health
[2026-07-24T10:26:14.560Z] GET /api/runtime/summary
[2026-07-24T10:26:14.563Z] GET /api/replay
[2026-07-24T10:26:14.564Z] GET /api/runtime/trace-ids
[2026-07-24T10:26:14.565Z] GET /api/health
[2026-07-24T10:26:14.568Z] GET /api/replay
[2026-07-24T10:26:24.559Z] GET /api/runtime/summary
[2026-07-24T10:26:24.560Z] GET /api/runtime/summary
[2026-07-24T10:26:24.563Z] GET /api/runtime/trace-ids
[2026-07-24T10:26:24.570Z] GET /api/health
[2026-07-24T10:26:24.574Z] GET /api/replay
[2026-07-24T10:26:24.575Z] GET /api/runtime/trace-ids
[2026-07-24T10:26:24.577Z] GET /api/health
[2026-07-24T10:26:24.578Z] GET /api/replay
[2026-07-24T10:26:34.794Z] GET /api/runtime/summary
[2026-07-24T10:26:34.796Z] GET /api/runtime/trace-ids
[2026-07-24T10:26:34.797Z] GET /api/health
[2026-07-24T10:26:34.798Z] GET /api/replay
[2026-07-24T10:26:34.800Z] GET /api/runtime/summary
[2026-07-24T10:26:34.802Z] GET /api/runtime/trace-ids
[2026-07-24T10:26:34.804Z] GET /api/health
[2026-07-24T10:26:34.806Z] GET /api/replay
[2026-07-24T10:26:44.784Z] GET /api/runtime/summary
[2026-07-24T10:26:44.788Z] GET /api/runtime/trace-ids
[2026-07-24T10:26:44.791Z] GET /api/health
[2026-07-24T10:26:44.793Z] GET /api/replay
[2026-07-24T10:26:44.796Z] GET /api/runtime/summary
[2026-07-24T10:26:44.800Z] GET /api/runtime/trace-ids
[2026-07-24T10:26:44.802Z] GET /api/health
[2026-07-24T10:26:44.804Z] GET /api/replay
[2026-07-24T10:26:54.787Z] GET /api/runtime/summary
[2026-07-24T10:26:54.788Z] GET /api/runtime/summary
[2026-07-24T10:26:54.791Z] GET /api/runtime/trace-ids
[2026-07-24T10:26:54.793Z] GET /api/health
[2026-07-24T10:26:54.793Z] GET /api/runtime/trace-ids
[2026-07-24T10:26:54.794Z] GET /api/replay
[2026-07-24T10:26:54.795Z] GET /api/health
[2026-07-24T10:26:54.796Z] GET /api/replay
[2026-07-24T10:27:04.776Z] GET /api/runtime/summary
[2026-07-24T10:27:04.777Z] GET /api/runtime/summary
[2026-07-24T10:27:04.780Z] GET /api/runtime/trace-ids
[2026-07-24T10:27:04.782Z] GET /api/health
[2026-07-24T10:27:04.782Z] GET /api/runtime/trace-ids
[2026-07-24T10:27:04.785Z] GET /api/replay
[2026-07-24T10:27:04.787Z] GET /api/health
[2026-07-24T10:27:04.789Z] GET /api/replay
[2026-07-24T10:27:13.799Z] GET /api/runtime/summary
[2026-07-24T10:27:13.801Z] GET /api/runtime/trace-ids
[2026-07-24T10:27:13.803Z] GET /api/health
[2026-07-24T10:27:13.804Z] GET /api/runtime/summary
[2026-07-24T10:27:13.806Z] GET /api/replay
[2026-07-24T10:27:13.806Z] GET /api/runtime/trace-ids
[2026-07-24T10:27:13.808Z] GET /api/health
[2026-07-24T10:27:13.811Z] GET /api/replay
[2026-07-24T10:27:24.443Z] GET /zone/state
[2026-07-24T10:27:24.444Z] GET /zone/state
[2026-07-24T10:27:24.450Z] GET /zone/state
[2026-07-24T10:27:24.451Z] GET /zone/state
[2026-07-24T10:27:24.463Z] GET /alerts
[2026-07-24T10:27:24.464Z] GET /alerts
[2026-07-24T10:27:24.469Z] GET /alerts
[2026-07-24T10:27:24.470Z] GET /alerts
[2026-07-24T10:27:25.242Z] GET /api/runtime/summary
[2026-07-24T10:27:25.243Z] GET /api/runtime/trace-ids
[2026-07-24T10:27:25.244Z] GET /api/health
[2026-07-24T10:27:25.245Z] GET /api/runtime/summary
[2026-07-24T10:27:25.247Z] GET /api/runtime/trace-ids
[2026-07-24T10:27:25.249Z] GET /api/replay
[2026-07-24T10:27:25.250Z] GET /api/health
[2026-07-24T10:27:25.252Z] GET /api/replay
[2026-07-24T10:27:25.255Z] GET /api/runtime/summary
[2026-07-24T10:27:25.257Z] GET /api/runtime/trace-ids
[2026-07-24T10:27:25.258Z] GET /api/runtime/summary
[2026-07-24T10:27:25.261Z] GET /api/health
[2026-07-24T10:27:25.261Z] GET /api/runtime/trace-ids
[2026-07-24T10:27:25.263Z] GET /api/replay
[2026-07-24T10:27:25.263Z] GET /api/health
[2026-07-24T10:27:25.265Z] GET /api/replay
[2026-07-24T10:32:17.803Z] GET /api/v2/task33/runtime/summary
[2026-07-24T10:32:17.804Z] GET /api/v2/task33/runtime/summary
[2026-07-24T10:32:17.814Z] GET /api/v2/task33/runtime/trace-ids
[2026-07-24T10:32:17.814Z] GET /api/v2/task33/health
[2026-07-24T10:32:17.818Z] GET /api/v2/task33/runtime/trace-ids
[2026-07-24T10:32:17.839Z] GET /api/v2/task33/health
[2026-07-24T10:32:17.844Z] GET /api/v2/task33/replay
[2026-07-24T10:32:17.846Z] GET /api/v2/task33/replay
[2026-07-24T10:32:32.179Z] GET /zone/state
[2026-07-24T10:32:32.184Z] GET /zone/state
[2026-07-24T10:32:32.227Z] GET /zone/state
[2026-07-24T10:32:32.231Z] GET /zone/state
[2026-07-24T10:32:32.287Z] GET /alerts
[2026-07-24T10:32:32.288Z] GET /alerts
[2026-07-24T10:32:32.305Z] GET /alerts
[2026-07-24T10:32:32.307Z] GET /alerts
[2026-07-24T10:32:35.176Z] GET /zone/state
[2026-07-24T10:32:35.178Z] GET /zone/state
[2026-07-24T10:32:35.193Z] GET /alerts
[2026-07-24T10:32:35.194Z] GET /alerts
[2026-07-24T10:32:35.363Z] GET /api/v2/task33/runtime/summary
[2026-07-24T10:32:35.365Z] GET /api/v2/task33/runtime/trace-ids
[2026-07-24T10:32:35.369Z] GET /api/v2/task33/runtime/summary
[2026-07-24T10:32:35.378Z] GET /api/v2/task33/runtime/trace-ids
[2026-07-24T10:32:35.413Z] GET /api/v2/task33/health
[2026-07-24T10:32:35.415Z] GET /api/v2/task33/replay
[2026-07-24T10:32:35.426Z] GET /api/v2/task33/health
[2026-07-24T10:32:35.433Z] GET /api/v2/task33/replay
[2026-07-24T10:32:35.465Z] GET /api/v2/task33/runtime/summary
[2026-07-24T10:32:35.467Z] GET /api/v2/task33/runtime/trace-ids
[2026-07-24T10:32:35.471Z] GET /api/v2/task33/health
[2026-07-24T10:32:35.480Z] GET /api/v2/task33/runtime/summary
[2026-07-24T10:32:35.484Z] GET /api/v2/task33/runtime/trace-ids
[2026-07-24T10:32:35.497Z] GET /api/v2/task33/health
[2026-07-24T10:32:35.526Z] GET /api/v2/task33/replay
[2026-07-24T10:32:35.540Z] GET /api/v2/task33/replay
[2026-07-24T10:37:46.176Z] GET /zone/state
[2026-07-24T10:37:46.181Z] GET /zone/state
[2026-07-24T10:37:46.214Z] GET /zone/state
[2026-07-24T10:37:46.215Z] GET /zone/state
[2026-07-24T10:37:46.222Z] GET /alerts
[2026-07-24T10:37:46.224Z] GET /alerts
[2026-07-24T10:37:46.242Z] GET /alerts
[2026-07-24T10:37:46.243Z] GET /alerts
[2026-07-24T10:37:48.943Z] GET /api/v2/task33/runtime/summary
[2026-07-24T10:37:48.944Z] GET /api/v2/task33/runtime/trace-ids
[2026-07-24T10:37:48.946Z] GET /api/v2/task33/health
[2026-07-24T10:37:48.949Z] GET /api/v2/task33/replay
[2026-07-24T10:37:48.949Z] GET /api/v2/task33/runtime/summary
[2026-07-24T10:37:48.953Z] GET /api/v2/task33/runtime/trace-ids
[2026-07-24T10:37:48.962Z] GET /api/v2/task33/health
[2026-07-24T10:37:48.965Z] GET /api/v2/task33/replay
[2026-07-24T10:37:48.985Z] GET /api/v2/task33/health
[2026-07-24T10:37:48.989Z] GET /api/v2/task33/runtime/trace-ids
[2026-07-24T10:37:48.990Z] GET /api/v2/task33/runtime/summary
[2026-07-24T10:37:48.992Z] GET /api/v2/task33/health
[2026-07-24T10:37:49.005Z] GET /api/v2/task33/runtime/trace-ids
[2026-07-24T10:37:49.026Z] GET /api/v2/task33/runtime/summary
[2026-07-24T10:37:49.035Z] GET /api/v2/task33/replay
[2026-07-24T10:37:49.046Z] GET /api/v2/task33/replay
[2026-07-24T10:44:14.695Z] GET /zone/state
[2026-07-24T10:44:14.699Z] GET /zone/state
[2026-07-24T10:44:14.716Z] GET /zone/state
[2026-07-24T10:44:14.719Z] GET /alerts
[2026-07-24T10:44:14.719Z] GET /zone/state
[2026-07-24T10:44:14.725Z] GET /alerts
[2026-07-24T10:44:14.739Z] GET /alerts
[2026-07-24T10:44:14.741Z] GET /alerts
[2026-07-24T10:44:15.773Z] GET /api/v2/task33/runtime/summary
[2026-07-24T10:44:15.774Z] GET /api/v2/task33/replay
[2026-07-24T10:44:15.776Z] GET /api/v2/task33/runtime/trace-ids
[2026-07-24T10:44:15.778Z] GET /api/v2/task33/health
[2026-07-24T10:44:15.779Z] GET /api/v2/task33/runtime/summary
[2026-07-24T10:44:15.784Z] GET /api/v2/task33/replay
[2026-07-24T10:44:15.788Z] GET /api/v2/task33/runtime/trace-ids
[2026-07-24T10:44:15.790Z] GET /api/v2/task33/health
[2026-07-24T10:44:15.797Z] GET /api/v2/task33/health
[2026-07-24T10:44:15.819Z] GET /api/v2/task33/health
[2026-07-24T10:44:15.835Z] GET /api/v2/task33/replay
[2026-07-24T10:44:15.840Z] GET /api/v2/task33/replay
[2026-07-24T10:44:15.863Z] GET /api/v2/task33/runtime/summary
[2026-07-24T10:44:15.870Z] GET /api/v2/task33/runtime/summary
[2026-07-24T10:44:15.874Z] GET /api/v2/task33/runtime/trace-ids
[2026-07-24T10:44:15.876Z] GET /api/v2/task33/runtime/trace-ids
[2026-07-24T12:13:13.657Z] GET /api/dashboard
[2026-07-24T12:13:13.658Z] GET /api/dashboard
[2026-07-24T12:13:13.664Z] GET /api/dashboard
[2026-07-24T12:13:13.665Z] GET /api/dashboard
[2026-07-24T12:13:17.116Z] GET /api/v2/task33/runtime/summary
[2026-07-24T12:13:17.118Z] GET /api/v2/task33/runtime/summary
[2026-07-24T12:13:17.120Z] GET /api/v2/task33/replay
[2026-07-24T12:13:17.121Z] GET /api/v2/task33/runtime/trace-ids
[2026-07-24T12:13:17.122Z] GET /api/v2/task33/health
[2026-07-24T12:13:17.124Z] GET /api/v2/task33/replay
[2026-07-24T12:13:17.126Z] GET /api/v2/task33/runtime/trace-ids
[2026-07-24T12:13:17.127Z] GET /api/v2/task33/health
[2026-07-24T12:13:17.135Z] GET /api/v2/task33/health
[2026-07-24T12:13:17.138Z] GET /api/v2/task33/replay
[2026-07-24T12:13:17.141Z] GET /api/v2/task33/health
[2026-07-24T12:13:17.143Z] GET /api/v2/task33/replay
[2026-07-24T12:13:17.152Z] GET /api/v2/task33/runtime/summary
[2026-07-24T12:13:17.154Z] GET /api/v2/task33/runtime/summary
[2026-07-24T12:13:17.160Z] GET /api/v2/task33/runtime/trace-ids
[2026-07-24T12:13:17.163Z] GET /api/v2/task33/runtime/trace-ids
[2026-07-24T19:42:14.649Z] GET /api/v2/task33/runtime/summary
[2026-07-24T19:42:14.657Z] GET /api/v2/task33/health
[2026-07-24T19:42:14.660Z] GET /api/v2/task33/runtime/trace-ids
[2026-07-24T19:42:14.661Z] GET /api/v2/task33/replay
[2026-07-24T19:42:14.662Z] GET /api/v2/task33/runtime/summary
[2026-07-24T19:42:14.686Z] GET /api/v2/task33/health
[2026-07-24T19:42:14.710Z] GET /api/v2/task33/runtime/trace-ids
[2026-07-24T19:42:14.715Z] GET /api/v2/task33/replay
[2026-07-24T19:42:16.057Z] GET /api/dashboard
[2026-07-24T19:42:16.059Z] GET /api/dashboard
[2026-07-24T19:42:16.076Z] GET /api/dashboard
[2026-07-24T19:42:16.078Z] GET /api/dashboard
[2026-07-25T03:54:15.629Z] GET /zone/state
[2026-07-25T03:54:15.635Z] GET /zone/state
[2026-07-25T03:54:15.657Z] GET /zone/state
[2026-07-25T03:54:15.658Z] GET /zone/state
[2026-07-25T03:54:15.667Z] GET /alerts
[2026-07-25T03:54:15.669Z] GET /alerts
[2026-07-25T03:54:15.680Z] GET /alerts
[2026-07-25T03:54:15.682Z] GET /alerts
[2026-07-25T03:54:18.628Z] GET /zone/state
[2026-07-25T03:54:18.629Z] GET /zone/state
[2026-07-25T03:54:18.633Z] GET /alerts
[2026-07-25T03:54:18.634Z] GET /alerts
[2026-07-25T03:54:21.635Z] GET /zone/state
[2026-07-25T03:54:21.636Z] GET /zone/state
[2026-07-25T03:54:21.642Z] GET /alerts
[2026-07-25T03:54:21.643Z] GET /alerts
[2026-07-25T03:54:24.629Z] GET /zone/state
[2026-07-25T03:54:24.630Z] GET /zone/state
[2026-07-25T03:54:24.635Z] GET /alerts
[2026-07-25T03:54:24.636Z] GET /alerts
[2026-07-25T03:54:27.623Z] GET /zone/state
[2026-07-25T03:54:27.625Z] GET /zone/state
[2026-07-25T03:54:27.630Z] GET /alerts
[2026-07-25T03:54:27.631Z] GET /alerts
[2026-07-25T03:54:30.633Z] GET /zone/state
[2026-07-25T03:54:30.634Z] GET /zone/state
[2026-07-25T03:54:30.638Z] GET /alerts
[2026-07-25T03:54:30.639Z] GET /alerts
[2026-07-25T03:54:33.633Z] GET /zone/state
[2026-07-25T03:54:33.634Z] GET /zone/state
[2026-07-25T03:54:33.638Z] GET /alerts
[2026-07-25T03:54:33.638Z] GET /alerts
[2026-07-25T03:54:36.633Z] GET /zone/state
[2026-07-25T03:54:36.634Z] GET /zone/state
[2026-07-25T03:54:36.639Z] GET /alerts
[2026-07-25T03:54:36.640Z] GET /alerts
[2026-07-25T04:00:42.419Z] GET /zone/state
[2026-07-25T04:00:42.420Z] GET /zone/state
[2026-07-25T04:00:42.461Z] GET /alerts
[2026-07-25T04:00:42.462Z] GET /alerts
[2026-07-25T04:07:03.892Z] GET /zone/state
[2026-07-25T04:07:03.894Z] GET /zone/state
[2026-07-25T04:07:03.977Z] GET /alerts
[2026-07-25T04:07:03.978Z] GET /alerts
[2026-07-25T10:35:48.070Z] GET /zone/state
[2026-07-25T10:35:48.073Z] GET /zone/state
[2026-07-25T10:35:48.325Z] GET /alerts
[2026-07-25T10:35:48.326Z] GET /alerts
[2026-07-25T10:36:07.720Z] GET /zone/state
[2026-07-25T10:36:07.721Z] GET /zone/state
[2026-07-25T10:36:07.735Z] GET /alerts
[2026-07-25T10:36:07.735Z] GET /alerts
[2026-07-25T12:20:57.782Z] GET /zone/state
[2026-07-25T12:20:57.784Z] GET /zone/state
[2026-07-25T12:20:57.800Z] GET /alerts
[2026-07-25T12:20:57.801Z] GET /alerts
[2026-07-25T12:27:26.688Z] GET /zone/state
[2026-07-25T12:27:26.690Z] GET /zone/state
[2026-07-25T12:27:26.929Z] GET /alerts
[2026-07-25T12:27:26.930Z] GET /alerts
[2026-07-25T12:27:27.634Z] GET /zone/state
[2026-07-25T12:27:27.635Z] GET /zone/state
[2026-07-25T12:27:27.723Z] GET /alerts
[2026-07-25T12:27:27.742Z] GET /alerts
[2026-07-25T12:27:30.626Z] GET /zone/state
[2026-07-25T12:27:30.627Z] GET /zone/state
[2026-07-25T12:27:30.648Z] GET /alerts
[2026-07-25T12:27:30.657Z] GET /alerts
[2026-07-25T12:27:33.625Z] GET /zone/state
[2026-07-25T12:27:33.626Z] GET /zone/state
[2026-07-25T12:27:33.637Z] GET /alerts
[2026-07-25T12:27:33.641Z] GET /alerts
[2026-07-25T12:27:36.634Z] GET /zone/state
[2026-07-25T12:27:36.637Z] GET /zone/state
[2026-07-25T12:27:36.772Z] GET /alerts
[2026-07-25T12:27:36.817Z] GET /alerts
[2026-07-25T12:27:39.626Z] GET /zone/state
[2026-07-25T12:27:39.628Z] GET /zone/state
[2026-07-25T12:27:39.637Z] GET /alerts
[2026-07-25T12:27:39.638Z] GET /alerts
[2026-07-25T12:27:42.628Z] GET /zone/state
[2026-07-25T12:27:42.630Z] GET /zone/state
[2026-07-25T12:27:42.643Z] GET /alerts
[2026-07-25T12:27:42.645Z] GET /alerts
[2026-07-25T12:27:45.712Z] GET /zone/state
[2026-07-25T12:27:45.713Z] GET /zone/state
[2026-07-25T12:27:45.724Z] GET /alerts
[2026-07-25T12:27:45.726Z] GET /alerts
[2026-07-25T12:27:48.724Z] GET /zone/state
[2026-07-25T12:27:48.725Z] GET /zone/state
[2026-07-25T12:27:48.744Z] GET /alerts
[2026-07-25T12:27:48.745Z] GET /alerts
[2026-07-25T12:27:51.724Z] GET /zone/state
[2026-07-25T12:27:51.725Z] GET /zone/state
[2026-07-25T12:27:51.759Z] GET /alerts
[2026-07-25T12:27:51.761Z] GET /alerts
[2026-07-25T12:27:54.714Z] GET /zone/state
[2026-07-25T12:27:54.716Z] GET /zone/state
[2026-07-25T12:27:54.726Z] GET /alerts
[2026-07-25T12:27:54.730Z] GET /alerts
[2026-07-25T12:27:57.715Z] GET /zone/state
[2026-07-25T12:27:57.717Z] GET /zone/state
[2026-07-25T12:27:57.729Z] GET /alerts
[2026-07-25T12:27:57.730Z] GET /alerts
[2026-07-25T12:28:00.714Z] GET /zone/state
[2026-07-25T12:28:00.715Z] GET /zone/state
[2026-07-25T12:28:00.726Z] GET /alerts
[2026-07-25T12:28:00.727Z] GET /alerts
[2026-07-25T12:28:03.715Z] GET /zone/state
[2026-07-25T12:28:03.716Z] GET /zone/state
[2026-07-25T12:28:03.726Z] GET /alerts
[2026-07-25T12:28:03.728Z] GET /alerts
[2026-07-25T12:28:06.739Z] GET /zone/state
[2026-07-25T12:28:06.743Z] GET /zone/state
[2026-07-25T12:28:06.808Z] GET /alerts
[2026-07-25T12:28:06.832Z] GET /alerts
[2026-07-25T12:28:09.723Z] GET /zone/state
[2026-07-25T12:28:09.725Z] GET /zone/state
[2026-07-25T12:28:09.741Z] GET /alerts
[2026-07-25T12:28:09.742Z] GET /alerts
[2026-07-25T12:28:12.710Z] GET /zone/state
[2026-07-25T12:28:12.712Z] GET /zone/state
[2026-07-25T12:28:12.722Z] GET /alerts
[2026-07-25T12:28:12.724Z] GET /alerts
[2026-07-25T12:28:15.852Z] GET /zone/state
[2026-07-25T12:28:15.854Z] GET /zone/state
[2026-07-25T12:28:15.862Z] GET /alerts
[2026-07-25T12:28:15.865Z] GET /alerts
[2026-07-25T12:28:21.622Z] GET /zone/state
[2026-07-25T12:28:21.623Z] GET /zone/state
[2026-07-25T12:28:21.654Z] GET /alerts
[2026-07-25T12:28:21.661Z] GET /alerts
[2026-07-25T12:28:24.837Z] GET /zone/state
[2026-07-25T12:28:24.839Z] GET /zone/state
[2026-07-25T12:28:24.850Z] GET /alerts
[2026-07-25T12:28:24.852Z] GET /alerts
[2026-07-25T12:28:28.108Z] GET /zone/state
[2026-07-25T12:28:28.110Z] GET /zone/state
[2026-07-25T12:28:28.185Z] GET /alerts
[2026-07-25T12:28:28.190Z] GET /alerts
[2026-07-25T12:28:30.723Z] GET /zone/state
[2026-07-25T12:28:30.724Z] GET /zone/state
[2026-07-25T12:28:30.733Z] GET /alerts
[2026-07-25T12:28:30.735Z] GET /alerts
[2026-07-25T12:28:33.717Z] GET /zone/state
[2026-07-25T12:28:33.721Z] GET /zone/state
[2026-07-25T12:28:33.764Z] GET /alerts
[2026-07-25T12:28:33.766Z] GET /alerts
[2026-07-25T12:28:36.722Z] GET /zone/state
[2026-07-25T12:28:36.725Z] GET /zone/state
[2026-07-25T12:28:36.736Z] GET /alerts
[2026-07-25T12:28:36.738Z] GET /alerts
[2026-07-25T12:28:39.719Z] GET /zone/state
[2026-07-25T12:28:39.721Z] GET /zone/state
[2026-07-25T12:28:39.730Z] GET /alerts
[2026-07-25T12:28:39.731Z] GET /alerts
[2026-07-25T12:28:42.724Z] GET /zone/state
[2026-07-25T12:28:42.726Z] GET /zone/state
[2026-07-25T12:28:42.758Z] GET /alerts
[2026-07-25T12:28:42.759Z] GET /alerts
[2026-07-25T12:29:07.727Z] GET /zone/state
[2026-07-25T12:29:07.730Z] GET /zone/state
[2026-07-25T12:29:07.738Z] GET /alerts
[2026-07-25T12:29:07.739Z] GET /alerts
[2026-07-25T12:30:07.737Z] GET /zone/state
[2026-07-25T12:30:07.741Z] GET /zone/state
[2026-07-25T12:30:07.749Z] GET /alerts
[2026-07-25T12:30:07.750Z] GET /alerts
[2026-07-25T12:31:07.724Z] GET /zone/state
[2026-07-25T12:31:07.726Z] GET /zone/state
[2026-07-25T12:31:07.745Z] GET /alerts
[2026-07-25T12:31:07.746Z] GET /alerts
[2026-07-25T12:32:07.733Z] GET /zone/state
[2026-07-25T12:32:07.734Z] GET /zone/state
[2026-07-25T12:32:07.740Z] GET /alerts
[2026-07-25T12:32:07.741Z] GET /alerts
[2026-07-25T12:33:07.734Z] GET /zone/state
[2026-07-25T12:33:07.735Z] GET /zone/state
[2026-07-25T12:33:07.743Z] GET /alerts
[2026-07-25T12:33:07.744Z] GET /alerts
[2026-07-25T12:33:10.679Z] GET /zone/state
[2026-07-25T12:33:10.680Z] GET /zone/state
[2026-07-25T12:33:10.767Z] GET /alerts
[2026-07-25T12:33:10.771Z] GET /alerts
[2026-07-25T12:33:12.631Z] GET /zone/state
[2026-07-25T12:33:12.633Z] GET /zone/state
[2026-07-25T12:33:12.639Z] GET /alerts
[2026-07-25T12:33:12.640Z] GET /alerts
[2026-07-25T12:33:15.635Z] GET /zone/state
[2026-07-25T12:33:15.637Z] GET /zone/state
[2026-07-25T12:33:15.644Z] GET /alerts
[2026-07-25T12:33:15.645Z] GET /alerts
[2026-07-25T12:33:18.625Z] GET /zone/state
[2026-07-25T12:33:18.627Z] GET /zone/state
[2026-07-25T12:33:18.638Z] GET /alerts
[2026-07-25T12:33:18.640Z] GET /alerts
[2026-07-25T12:33:21.638Z] GET /zone/state
[2026-07-25T12:33:21.660Z] GET /zone/state
[2026-07-25T12:33:21.672Z] GET /alerts
[2026-07-25T12:33:21.673Z] GET /alerts
[2026-07-25T12:33:24.636Z] GET /zone/state
[2026-07-25T12:33:24.639Z] GET /zone/state
[2026-07-25T12:33:24.667Z] GET /alerts
[2026-07-25T12:33:24.669Z] GET /alerts
[2026-07-25T12:33:27.632Z] GET /zone/state
[2026-07-25T12:33:27.634Z] GET /zone/state
[2026-07-25T12:33:27.640Z] GET /alerts
[2026-07-25T12:33:27.642Z] GET /alerts
[2026-07-25T12:33:30.624Z] GET /zone/state
[2026-07-25T12:33:30.626Z] GET /zone/state
[2026-07-25T12:33:30.633Z] GET /alerts
[2026-07-25T12:33:30.658Z] GET /alerts
[2026-07-25T12:33:33.719Z] GET /zone/state
[2026-07-25T12:33:33.721Z] GET /zone/state
[2026-07-25T12:33:33.728Z] GET /alerts
[2026-07-25T12:33:33.730Z] GET /alerts
[2026-07-25T12:33:36.716Z] GET /zone/state
[2026-07-25T12:33:36.717Z] GET /zone/state
[2026-07-25T12:33:36.724Z] GET /alerts
[2026-07-25T12:33:36.725Z] GET /alerts
[2026-07-25T12:33:39.722Z] GET /zone/state
[2026-07-25T12:33:39.725Z] GET /zone/state
[2026-07-25T12:33:39.732Z] GET /alerts
[2026-07-25T12:33:39.756Z] GET /alerts
[2026-07-25T12:33:42.728Z] GET /zone/state
[2026-07-25T12:33:42.730Z] GET /zone/state
[2026-07-25T12:33:42.736Z] GET /alerts
[2026-07-25T12:33:42.737Z] GET /alerts
[2026-07-25T12:33:45.723Z] GET /zone/state
[2026-07-25T12:33:45.725Z] GET /zone/state
[2026-07-25T12:33:45.732Z] GET /alerts
[2026-07-25T12:33:45.733Z] GET /alerts
[2026-07-25T12:33:48.710Z] GET /zone/state
[2026-07-25T12:33:48.711Z] GET /zone/state
[2026-07-25T12:33:48.720Z] GET /alerts
[2026-07-25T12:33:48.721Z] GET /alerts
[2026-07-25T12:33:51.720Z] GET /zone/state
[2026-07-25T12:33:51.722Z] GET /zone/state
[2026-07-25T12:33:51.730Z] GET /alerts
[2026-07-25T12:33:51.731Z] GET /alerts
[2026-07-25T12:33:54.715Z] GET /zone/state
[2026-07-25T12:33:54.716Z] GET /zone/state
[2026-07-25T12:33:54.722Z] GET /alerts
[2026-07-25T12:33:54.723Z] GET /alerts
[2026-07-25T12:33:57.749Z] GET /zone/state
[2026-07-25T12:33:57.750Z] GET /zone/state
[2026-07-25T12:33:57.756Z] GET /alerts
[2026-07-25T12:33:57.757Z] GET /alerts
[2026-07-25T12:34:00.720Z] GET /zone/state
[2026-07-25T12:34:00.723Z] GET /zone/state
[2026-07-25T12:34:00.732Z] GET /alerts
[2026-07-25T12:34:00.734Z] GET /alerts
[2026-07-25T12:34:03.725Z] GET /zone/state
[2026-07-25T12:34:03.726Z] GET /zone/state
[2026-07-25T12:34:03.734Z] GET /alerts
[2026-07-25T12:34:03.735Z] GET /alerts
[2026-07-25T12:34:06.722Z] GET /zone/state
[2026-07-25T12:34:06.723Z] GET /zone/state
[2026-07-25T12:34:06.761Z] GET /alerts
[2026-07-25T12:34:06.763Z] GET /alerts
[2026-07-25T12:34:09.711Z] GET /zone/state
[2026-07-25T12:34:09.715Z] GET /zone/state
[2026-07-25T12:34:09.721Z] GET /alerts
[2026-07-25T12:34:09.723Z] GET /alerts
[2026-07-25T12:34:12.725Z] GET /zone/state
[2026-07-25T12:34:12.728Z] GET /zone/state
[2026-07-25T12:34:12.735Z] GET /alerts
[2026-07-25T12:34:12.755Z] GET /alerts
[2026-07-25T12:34:15.721Z] GET /zone/state
[2026-07-25T12:34:15.724Z] GET /zone/state
[2026-07-25T12:34:15.731Z] GET /alerts
[2026-07-25T12:34:15.732Z] GET /alerts
[2026-07-25T12:34:18.727Z] GET /zone/state
[2026-07-25T12:34:18.728Z] GET /zone/state
[2026-07-25T12:34:18.736Z] GET /alerts
[2026-07-25T12:34:18.739Z] GET /alerts
[2026-07-25T12:34:21.726Z] GET /zone/state
[2026-07-25T12:34:21.727Z] GET /zone/state
[2026-07-25T12:34:21.734Z] GET /alerts
[2026-07-25T12:34:21.736Z] GET /alerts
[2026-07-25T12:34:24.713Z] GET /zone/state
[2026-07-25T12:34:24.718Z] GET /zone/state
[2026-07-25T12:34:24.748Z] GET /alerts
[2026-07-25T12:34:24.750Z] GET /alerts
[2026-07-25T12:34:27.719Z] GET /zone/state
[2026-07-25T12:34:27.720Z] GET /zone/state
[2026-07-25T12:34:27.727Z] GET /alerts
[2026-07-25T12:34:27.729Z] GET /alerts
[2026-07-25T12:34:30.714Z] GET /zone/state
[2026-07-25T12:34:30.715Z] GET /zone/state
[2026-07-25T12:34:30.721Z] GET /alerts
[2026-07-25T12:34:30.722Z] GET /alerts
[2026-07-25T12:35:07.730Z] GET /zone/state
[2026-07-25T12:35:07.733Z] GET /zone/state
[2026-07-25T12:35:07.752Z] GET /alerts
[2026-07-25T12:35:07.756Z] GET /alerts
[2026-07-25T12:36:07.716Z] GET /zone/state
[2026-07-25T12:36:07.717Z] GET /zone/state
[2026-07-25T12:36:07.724Z] GET /alerts
[2026-07-25T12:36:07.725Z] GET /alerts
[2026-07-25T12:37:07.739Z] GET /zone/state
[2026-07-25T12:37:07.740Z] GET /zone/state
[2026-07-25T12:37:07.750Z] GET /alerts
[2026-07-25T12:37:07.752Z] GET /alerts
[2026-07-25T12:38:07.742Z] GET /zone/state
[2026-07-25T12:38:07.743Z] GET /zone/state
[2026-07-25T12:38:07.749Z] GET /alerts
[2026-07-25T12:38:07.750Z] GET /alerts
[2026-07-25T12:39:07.714Z] GET /zone/state
[2026-07-25T12:39:07.715Z] GET /zone/state
[2026-07-25T12:39:07.723Z] GET /alerts
[2026-07-25T12:39:07.724Z] GET /alerts
[2026-07-25T12:40:07.721Z] GET /zone/state
[2026-07-25T12:40:07.722Z] GET /zone/state
[2026-07-25T12:40:07.750Z] GET /alerts
[2026-07-25T12:40:07.751Z] GET /alerts
[2026-07-25T12:41:07.723Z] GET /zone/state
[2026-07-25T12:41:07.724Z] GET /zone/state
[2026-07-25T12:41:07.731Z] GET /alerts
[2026-07-25T12:41:07.732Z] GET /alerts
[2026-07-25T12:42:07.730Z] GET /zone/state
[2026-07-25T12:42:07.733Z] GET /zone/state
[2026-07-25T12:42:07.755Z] GET /alerts
[2026-07-25T12:42:07.756Z] GET /alerts
[2026-07-25T12:43:09.150Z] GET /zone/state
[2026-07-25T12:43:09.150Z] GET /zone/state
[2026-07-25T12:43:09.287Z] GET /alerts
[2026-07-25T12:43:09.288Z] GET /alerts
[2026-07-25T12:44:07.818Z] GET /zone/state
[2026-07-25T12:44:07.820Z] GET /zone/state
[2026-07-25T12:44:07.846Z] GET /alerts
[2026-07-25T12:44:07.847Z] GET /alerts
[2026-07-25T12:45:07.728Z] GET /zone/state
[2026-07-25T12:45:07.741Z] GET /zone/state
[2026-07-25T12:45:07.751Z] GET /alerts
[2026-07-25T12:45:07.752Z] GET /alerts
[2026-07-25T12:46:07.713Z] GET /zone/state
[2026-07-25T12:46:07.714Z] GET /zone/state
[2026-07-25T12:46:07.721Z] GET /alerts
[2026-07-25T12:46:07.722Z] GET /alerts
[2026-07-25T12:47:07.715Z] GET /zone/state
[2026-07-25T12:47:07.717Z] GET /zone/state
[2026-07-25T12:47:07.726Z] GET /alerts
[2026-07-25T12:47:07.728Z] GET /alerts
[2026-07-25T12:48:07.733Z] GET /zone/state
[2026-07-25T12:48:07.746Z] GET /zone/state
[2026-07-25T12:48:07.754Z] GET /alerts
[2026-07-25T12:48:07.755Z] GET /alerts
[2026-07-25T12:49:07.725Z] GET /zone/state
[2026-07-25T12:49:07.727Z] GET /zone/state
[2026-07-25T12:49:07.735Z] GET /alerts
[2026-07-25T12:49:07.736Z] GET /alerts
[2026-07-25T12:50:07.727Z] GET /zone/state
[2026-07-25T12:50:07.729Z] GET /zone/state
[2026-07-25T12:50:07.739Z] GET /alerts
[2026-07-25T12:50:07.740Z] GET /alerts
[2026-07-25T12:51:07.715Z] GET /zone/state
[2026-07-25T12:51:07.716Z] GET /zone/state
[2026-07-25T12:51:07.739Z] GET /alerts
[2026-07-25T12:51:07.740Z] GET /alerts
[2026-07-25T12:52:07.725Z] GET /zone/state
[2026-07-25T12:52:07.727Z] GET /zone/state
[2026-07-25T12:52:07.734Z] GET /alerts
[2026-07-25T12:52:07.735Z] GET /alerts
[2026-07-25T12:53:07.723Z] GET /zone/state
[2026-07-25T12:53:07.724Z] GET /zone/state
[2026-07-25T12:53:07.731Z] GET /alerts
[2026-07-25T12:53:07.733Z] GET /alerts
[2026-07-25T12:54:07.728Z] GET /zone/state
[2026-07-25T12:54:07.732Z] GET /zone/state
[2026-07-25T12:54:07.752Z] GET /alerts
[2026-07-25T12:54:07.754Z] GET /alerts
[2026-07-25T12:55:07.742Z] GET /zone/state
[2026-07-25T12:55:07.744Z] GET /zone/state
[2026-07-25T12:55:07.754Z] GET /alerts
[2026-07-25T12:55:07.756Z] GET /alerts
[2026-07-25T12:56:07.744Z] GET /zone/state
[2026-07-25T12:56:07.746Z] GET /zone/state
[2026-07-25T12:56:07.756Z] GET /alerts
[2026-07-25T12:56:07.757Z] GET /alerts
[2026-07-25T12:57:07.734Z] GET /zone/state
[2026-07-25T12:57:07.735Z] GET /zone/state
[2026-07-25T12:57:07.748Z] GET /alerts
[2026-07-25T12:57:07.749Z] GET /alerts
[2026-07-25T12:58:07.714Z] GET /zone/state
[2026-07-25T12:58:07.715Z] GET /zone/state
[2026-07-25T12:58:07.723Z] GET /alerts
[2026-07-25T12:58:07.723Z] GET /alerts
[2026-07-25T12:59:07.743Z] GET /zone/state
[2026-07-25T12:59:07.745Z] GET /zone/state
[2026-07-25T12:59:07.757Z] GET /alerts
[2026-07-25T12:59:07.758Z] GET /alerts
[2026-07-25T13:00:07.721Z] GET /zone/state
[2026-07-25T13:00:07.723Z] GET /zone/state
[2026-07-25T13:00:07.731Z] GET /alerts
[2026-07-25T13:00:07.732Z] GET /alerts
[2026-07-25T13:01:07.736Z] GET /zone/state
[2026-07-25T13:01:07.738Z] GET /zone/state
[2026-07-25T13:01:07.745Z] GET /alerts
[2026-07-25T13:01:07.746Z] GET /alerts
[2026-07-25T13:02:07.731Z] GET /zone/state
[2026-07-25T13:02:07.732Z] GET /zone/state
[2026-07-25T13:02:07.753Z] GET /alerts
[2026-07-25T13:02:07.753Z] GET /alerts
[2026-07-25T13:03:07.718Z] GET /zone/state
[2026-07-25T13:03:07.720Z] GET /zone/state
[2026-07-25T13:03:07.747Z] GET /alerts
[2026-07-25T13:03:07.749Z] GET /alerts
[2026-07-25T13:04:07.725Z] GET /zone/state
[2026-07-25T13:04:07.744Z] GET /zone/state
[2026-07-25T13:04:07.754Z] GET /alerts
[2026-07-25T13:04:07.755Z] GET /alerts
[2026-07-25T13:05:07.722Z] GET /zone/state
[2026-07-25T13:05:07.723Z] GET /zone/state
[2026-07-25T13:05:07.732Z] GET /alerts
[2026-07-25T13:05:07.733Z] GET /alerts
[2026-07-25T13:06:07.718Z] GET /zone/state
[2026-07-25T13:06:07.720Z] GET /zone/state
[2026-07-25T13:06:07.729Z] GET /alerts
[2026-07-25T13:06:07.730Z] GET /alerts
[2026-07-25T13:07:07.735Z] GET /zone/state
[2026-07-25T13:07:07.737Z] GET /zone/state
[2026-07-25T13:07:07.746Z] GET /alerts
[2026-07-25T13:07:07.748Z] GET /alerts
[2026-07-25T13:08:07.796Z] GET /zone/state
[2026-07-25T13:08:07.798Z] GET /zone/state
[2026-07-25T13:08:07.810Z] GET /alerts
[2026-07-25T13:08:07.812Z] GET /alerts
[2026-07-25T13:09:07.726Z] GET /zone/state
[2026-07-25T13:09:07.728Z] GET /zone/state
[2026-07-25T13:09:07.738Z] GET /alerts
[2026-07-25T13:09:07.739Z] GET /alerts
[2026-07-25T13:10:07.734Z] GET /zone/state
[2026-07-25T13:10:07.735Z] GET /zone/state
[2026-07-25T13:10:07.748Z] GET /alerts
[2026-07-25T13:10:07.749Z] GET /alerts
[2026-07-25T13:11:07.719Z] GET /zone/state
[2026-07-25T13:11:07.720Z] GET /zone/state
[2026-07-25T13:11:07.730Z] GET /alerts
[2026-07-25T13:11:07.731Z] GET /alerts
[2026-07-25T13:12:07.726Z] GET /zone/state
[2026-07-25T13:12:07.727Z] GET /zone/state
[2026-07-25T13:12:07.739Z] GET /alerts
[2026-07-25T13:12:07.740Z] GET /alerts
[2026-07-25T13:13:07.724Z] GET /zone/state
[2026-07-25T13:13:07.725Z] GET /zone/state
[2026-07-25T13:13:07.734Z] GET /alerts
[2026-07-25T13:13:07.735Z] GET /alerts
[2026-07-25T13:14:07.727Z] GET /zone/state
[2026-07-25T13:14:07.728Z] GET /zone/state
[2026-07-25T13:14:07.744Z] GET /alerts
[2026-07-25T13:14:07.745Z] GET /alerts
[2026-07-25T13:15:07.725Z] GET /zone/state
[2026-07-25T13:15:07.726Z] GET /zone/state
[2026-07-25T13:15:07.736Z] GET /alerts
[2026-07-25T13:15:07.737Z] GET /alerts
[2026-07-25T13:16:07.717Z] GET /zone/state
[2026-07-25T13:16:07.718Z] GET /zone/state
[2026-07-25T13:16:07.727Z] GET /alerts
[2026-07-25T13:16:07.728Z] GET /alerts
[2026-07-25T13:17:07.723Z] GET /zone/state
[2026-07-25T13:17:07.724Z] GET /zone/state
[2026-07-25T13:17:07.739Z] GET /alerts
[2026-07-25T13:17:07.740Z] GET /alerts
[2026-07-25T13:18:07.706Z] GET /zone/state
[2026-07-25T13:18:07.707Z] GET /zone/state
[2026-07-25T13:18:07.717Z] GET /alerts
[2026-07-25T13:18:07.718Z] GET /alerts
[2026-07-25T13:19:07.690Z] GET /zone/state
[2026-07-25T13:19:07.690Z] GET /zone/state
[2026-07-25T13:19:07.700Z] GET /alerts
[2026-07-25T13:19:07.701Z] GET /alerts
[2026-07-25T13:20:07.712Z] GET /zone/state
[2026-07-25T13:20:07.713Z] GET /zone/state
[2026-07-25T13:20:07.723Z] GET /alerts
[2026-07-25T13:20:07.725Z] GET /alerts
[2026-07-25T13:21:07.677Z] GET /zone/state
[2026-07-25T13:21:07.681Z] GET /zone/state
[2026-07-25T13:21:07.687Z] GET /alerts
[2026-07-25T13:21:07.689Z] GET /alerts
[2026-07-25T13:22:07.670Z] GET /zone/state
[2026-07-25T13:22:07.671Z] GET /zone/state
[2026-07-25T13:22:07.692Z] GET /alerts
[2026-07-25T13:22:07.694Z] GET /alerts
[2026-07-25T13:23:07.653Z] GET /zone/state
[2026-07-25T13:23:07.655Z] GET /zone/state
[2026-07-25T13:23:07.667Z] GET /alerts
[2026-07-25T13:23:07.667Z] GET /alerts
[2026-07-25T13:24:07.647Z] GET /zone/state
[2026-07-25T13:24:07.650Z] GET /zone/state
[2026-07-25T13:24:07.658Z] GET /alerts
[2026-07-25T13:24:07.658Z] GET /alerts
[2026-07-25T13:25:07.642Z] GET /zone/state
[2026-07-25T13:25:07.643Z] GET /zone/state
[2026-07-25T13:25:07.651Z] GET /alerts
[2026-07-25T13:25:07.652Z] GET /alerts
[2026-07-25T13:26:07.625Z] GET /zone/state
[2026-07-25T13:26:07.627Z] GET /zone/state
[2026-07-25T13:26:07.643Z] GET /alerts
[2026-07-25T13:26:07.644Z] GET /alerts
[2026-07-25T13:27:07.609Z] GET /zone/state
[2026-07-25T13:27:07.610Z] GET /zone/state
[2026-07-25T13:27:07.622Z] GET /alerts
[2026-07-25T13:27:07.623Z] GET /alerts
[2026-07-25T13:28:07.616Z] GET /zone/state
[2026-07-25T13:28:07.617Z] GET /zone/state
[2026-07-25T13:28:07.624Z] GET /alerts
[2026-07-25T13:28:07.625Z] GET /alerts
[2026-07-25T13:29:07.587Z] GET /zone/state
[2026-07-25T13:29:07.589Z] GET /zone/state
[2026-07-25T13:29:07.597Z] GET /alerts
[2026-07-25T13:29:07.598Z] GET /alerts
[2026-07-25T13:30:07.581Z] GET /zone/state
[2026-07-25T13:30:07.583Z] GET /zone/state
[2026-07-25T13:30:07.635Z] GET /alerts
[2026-07-25T13:30:07.636Z] GET /alerts
[2026-07-25T13:31:07.569Z] GET /zone/state
[2026-07-25T13:31:07.571Z] GET /zone/state
[2026-07-25T13:31:07.582Z] GET /alerts
[2026-07-25T13:31:07.583Z] GET /alerts
[2026-07-25T13:32:07.574Z] GET /zone/state
[2026-07-25T13:32:07.574Z] GET /zone/state
[2026-07-25T13:32:07.585Z] GET /alerts
[2026-07-25T13:32:07.586Z] GET /alerts
[2026-07-25T13:33:07.543Z] GET /zone/state
[2026-07-25T13:33:07.544Z] GET /zone/state
[2026-07-25T13:33:07.551Z] GET /alerts
[2026-07-25T13:33:07.551Z] GET /alerts
[2026-07-25T13:34:07.545Z] GET /zone/state
[2026-07-25T13:34:07.546Z] GET /zone/state
[2026-07-25T13:34:07.555Z] GET /alerts
[2026-07-25T13:34:07.571Z] GET /alerts
[2026-07-25T13:35:07.538Z] GET /zone/state
[2026-07-25T13:35:07.540Z] GET /zone/state
[2026-07-25T13:35:07.561Z] GET /alerts
[2026-07-25T13:35:07.561Z] GET /alerts
[2026-07-25T13:36:07.524Z] GET /zone/state
[2026-07-25T13:36:07.527Z] GET /zone/state
[2026-07-25T13:36:07.534Z] GET /alerts
[2026-07-25T13:36:07.535Z] GET /alerts
[2026-07-25T13:37:07.521Z] GET /zone/state
[2026-07-25T13:37:07.522Z] GET /zone/state
[2026-07-25T13:37:07.527Z] GET /alerts
[2026-07-25T13:37:07.529Z] GET /alerts
[2026-07-25T13:38:07.510Z] GET /zone/state
[2026-07-25T13:38:07.511Z] GET /zone/state
[2026-07-25T13:38:07.537Z] GET /alerts
[2026-07-25T13:38:07.538Z] GET /alerts
[2026-07-25T13:39:07.506Z] GET /zone/state
[2026-07-25T13:39:07.507Z] GET /zone/state
[2026-07-25T13:39:07.531Z] GET /alerts
[2026-07-25T13:39:07.532Z] GET /alerts
[2026-07-25T13:40:07.501Z] GET /zone/state
[2026-07-25T13:40:07.502Z] GET /zone/state
[2026-07-25T13:40:07.531Z] GET /alerts
[2026-07-25T13:40:07.532Z] GET /alerts
[2026-07-25T13:41:07.507Z] GET /zone/state
[2026-07-25T13:41:07.509Z] GET /zone/state
[2026-07-25T13:41:07.518Z] GET /alerts
[2026-07-25T13:41:07.519Z] GET /alerts
[2026-07-25T13:42:07.491Z] GET /zone/state
[2026-07-25T13:42:07.515Z] GET /zone/state
[2026-07-25T13:42:07.522Z] GET /alerts
[2026-07-25T13:42:07.523Z] GET /alerts
[2026-07-25T13:43:07.486Z] GET /zone/state
[2026-07-25T13:43:07.487Z] GET /zone/state
[2026-07-25T13:43:07.495Z] GET /alerts
[2026-07-25T13:43:07.496Z] GET /alerts
[2026-07-25T13:44:07.466Z] GET /zone/state
[2026-07-25T13:44:07.469Z] GET /zone/state
[2026-07-25T13:44:07.482Z] GET /alerts
[2026-07-25T13:44:07.483Z] GET /alerts
[2026-07-25T13:45:07.463Z] GET /zone/state
[2026-07-25T13:45:07.464Z] GET /zone/state
[2026-07-25T13:45:07.469Z] GET /alerts
[2026-07-25T13:45:07.471Z] GET /alerts
[2026-07-25T13:46:07.481Z] GET /zone/state
[2026-07-25T13:46:07.482Z] GET /zone/state
[2026-07-25T13:46:07.495Z] GET /alerts
[2026-07-25T13:46:07.496Z] GET /alerts
[2026-07-25T13:47:07.442Z] GET /zone/state
[2026-07-25T13:47:07.445Z] GET /zone/state
[2026-07-25T13:47:07.451Z] GET /alerts
[2026-07-25T13:47:07.452Z] GET /alerts
[2026-07-25T13:48:07.451Z] GET /zone/state
[2026-07-25T13:48:07.452Z] GET /zone/state
[2026-07-25T13:48:07.459Z] GET /alerts
[2026-07-25T13:48:07.460Z] GET /alerts
[2026-07-25T13:49:07.454Z] GET /zone/state
[2026-07-25T13:49:07.455Z] GET /zone/state
[2026-07-25T13:49:07.461Z] GET /alerts
[2026-07-25T13:49:07.462Z] GET /alerts
[2026-07-25T13:50:07.432Z] GET /zone/state
[2026-07-25T13:50:07.433Z] GET /zone/state
[2026-07-25T13:50:07.445Z] GET /alerts
[2026-07-25T13:50:07.447Z] GET /alerts
[2026-07-25T13:51:07.436Z] GET /zone/state
[2026-07-25T13:51:07.437Z] GET /zone/state
[2026-07-25T13:51:07.446Z] GET /alerts
[2026-07-25T13:51:07.447Z] GET /alerts
[2026-07-25T13:52:07.409Z] GET /zone/state
[2026-07-25T13:52:07.411Z] GET /zone/state
[2026-07-25T13:52:07.420Z] GET /alerts
[2026-07-25T13:52:07.422Z] GET /alerts
[2026-07-25T13:53:07.415Z] GET /zone/state
[2026-07-25T13:53:07.416Z] GET /zone/state
[2026-07-25T13:53:07.428Z] GET /alerts
[2026-07-25T13:53:07.429Z] GET /alerts
[2026-07-25T13:54:07.404Z] GET /zone/state
[2026-07-25T13:54:07.405Z] GET /zone/state
[2026-07-25T13:54:07.416Z] GET /alerts
[2026-07-25T13:54:07.417Z] GET /alerts
[2026-07-25T13:55:07.402Z] GET /zone/state
[2026-07-25T13:55:07.404Z] GET /zone/state
[2026-07-25T13:55:07.412Z] GET /alerts
[2026-07-25T13:55:07.413Z] GET /alerts
[2026-07-25T13:56:09.740Z] GET /zone/state
[2026-07-25T13:56:09.742Z] GET /zone/state
[2026-07-25T13:56:09.751Z] GET /alerts
[2026-07-25T13:56:09.753Z] GET /alerts
[2026-07-25T13:57:07.451Z] GET /zone/state
[2026-07-25T13:57:07.452Z] GET /zone/state
[2026-07-25T13:57:07.465Z] GET /alerts
[2026-07-25T13:57:07.467Z] GET /alerts
[2026-07-25T13:58:07.411Z] GET /zone/state
[2026-07-25T13:58:07.413Z] GET /zone/state
[2026-07-25T13:58:07.423Z] GET /alerts
[2026-07-25T13:58:07.425Z] GET /alerts
[2026-07-25T13:59:07.384Z] GET /zone/state
[2026-07-25T13:59:07.389Z] GET /zone/state
[2026-07-25T13:59:07.396Z] GET /alerts
[2026-07-25T13:59:07.398Z] GET /alerts
[2026-07-25T14:00:07.378Z] GET /zone/state
[2026-07-25T14:00:07.380Z] GET /zone/state
[2026-07-25T14:00:07.391Z] GET /alerts
[2026-07-25T14:00:07.393Z] GET /alerts
[2026-07-25T14:00:39.268Z] GET /zone/state
[2026-07-25T14:00:39.269Z] GET /zone/state
[2026-07-25T14:00:39.434Z] GET /alerts
[2026-07-25T14:00:39.435Z] GET /alerts
[2026-07-25T14:00:42.281Z] GET /zone/state
[2026-07-25T14:00:42.303Z] GET /zone/state
[2026-07-25T14:00:42.312Z] GET /alerts
[2026-07-25T14:00:42.313Z] GET /alerts
[2026-07-25T14:00:45.279Z] GET /zone/state
[2026-07-25T14:00:45.280Z] GET /zone/state
[2026-07-25T14:00:45.291Z] GET /alerts
[2026-07-25T14:00:45.293Z] GET /alerts
[2026-07-25T14:00:48.285Z] GET /zone/state
[2026-07-25T14:00:48.287Z] GET /zone/state
[2026-07-25T14:00:48.300Z] GET /alerts
[2026-07-25T14:00:48.302Z] GET /alerts
[2026-07-25T14:00:51.277Z] GET /zone/state
[2026-07-25T14:00:51.279Z] GET /zone/state
[2026-07-25T14:00:51.288Z] GET /alerts
[2026-07-25T14:00:51.290Z] GET /alerts
[2026-07-25T14:00:54.284Z] GET /zone/state
[2026-07-25T14:00:54.286Z] GET /zone/state
[2026-07-25T14:00:54.312Z] GET /alerts
[2026-07-25T14:00:54.315Z] GET /alerts
[2026-07-25T14:00:57.274Z] GET /zone/state
[2026-07-25T14:00:57.298Z] GET /zone/state
[2026-07-25T14:00:57.328Z] GET /alerts
[2026-07-25T14:00:57.330Z] GET /alerts
[2026-07-25T14:01:00.276Z] GET /zone/state
[2026-07-25T14:01:00.278Z] GET /zone/state
[2026-07-25T14:01:00.288Z] GET /alerts
[2026-07-25T14:01:00.289Z] GET /alerts
[2026-07-25T14:01:03.274Z] GET /zone/state
[2026-07-25T14:01:03.275Z] GET /zone/state
[2026-07-25T14:01:03.290Z] GET /alerts
[2026-07-25T14:01:03.293Z] GET /alerts
[2026-07-25T14:01:06.282Z] GET /zone/state
[2026-07-25T14:01:06.284Z] GET /zone/state
[2026-07-25T14:01:06.293Z] GET /alerts
[2026-07-25T14:01:06.295Z] GET /alerts
[2026-07-25T14:01:09.278Z] GET /zone/state
[2026-07-25T14:01:09.280Z] GET /zone/state
[2026-07-25T14:01:09.306Z] GET /alerts
[2026-07-25T14:01:09.313Z] GET /alerts
[2026-07-25T14:01:12.276Z] GET /zone/state
[2026-07-25T14:01:12.277Z] GET /zone/state
[2026-07-25T14:01:12.286Z] GET /alerts
[2026-07-25T14:01:12.288Z] GET /alerts
[2026-07-25T14:01:15.276Z] GET /zone/state
[2026-07-25T14:01:15.279Z] GET /zone/state
[2026-07-25T14:01:15.291Z] GET /alerts
[2026-07-25T14:01:15.293Z] GET /alerts
[2026-07-25T14:01:18.282Z] GET /zone/state
[2026-07-25T14:01:18.284Z] GET /zone/state
[2026-07-25T14:01:18.295Z] GET /alerts
[2026-07-25T14:01:18.297Z] GET /alerts
[2026-07-25T14:01:21.274Z] GET /zone/state
[2026-07-25T14:01:21.276Z] GET /zone/state
[2026-07-25T14:01:21.286Z] GET /alerts
[2026-07-25T14:01:21.288Z] GET /alerts
[2026-07-25T14:01:24.270Z] GET /zone/state
[2026-07-25T14:01:24.271Z] GET /zone/state
[2026-07-25T14:01:24.285Z] GET /alerts
[2026-07-25T14:01:24.287Z] GET /alerts
[2026-07-25T14:01:27.283Z] GET /zone/state
[2026-07-25T14:01:27.285Z] GET /zone/state
[2026-07-25T14:01:27.295Z] GET /alerts
[2026-07-25T14:01:27.296Z] GET /alerts
[2026-07-25T14:01:30.282Z] GET /zone/state
[2026-07-25T14:01:30.285Z] GET /zone/state
[2026-07-25T14:01:30.304Z] GET /alerts
[2026-07-25T14:01:30.310Z] GET /alerts
[2026-07-25T14:01:33.272Z] GET /zone/state
[2026-07-25T14:01:33.274Z] GET /zone/state
[2026-07-25T14:01:33.284Z] GET /alerts
[2026-07-25T14:01:33.285Z] GET /alerts
[2026-07-25T14:01:36.266Z] GET /zone/state
[2026-07-25T14:01:36.267Z] GET /zone/state
[2026-07-25T14:01:36.277Z] GET /alerts
[2026-07-25T14:01:36.278Z] GET /alerts
[2026-07-25T14:01:39.272Z] GET /zone/state
[2026-07-25T14:01:39.273Z] GET /zone/state
[2026-07-25T14:01:39.280Z] GET /alerts
[2026-07-25T14:01:39.281Z] GET /alerts
[2026-07-25T14:01:42.275Z] GET /zone/state
[2026-07-25T14:01:42.277Z] GET /zone/state
[2026-07-25T14:01:42.287Z] GET /alerts
[2026-07-25T14:01:42.310Z] GET /alerts
[2026-07-25T14:01:45.276Z] GET /zone/state
[2026-07-25T14:01:45.278Z] GET /zone/state
[2026-07-25T14:01:45.290Z] GET /alerts
[2026-07-25T14:01:45.308Z] GET /alerts
[2026-07-25T14:01:48.264Z] GET /zone/state
[2026-07-25T14:01:48.266Z] GET /zone/state
[2026-07-25T14:01:48.272Z] GET /alerts
[2026-07-25T14:01:48.273Z] GET /alerts
[2026-07-25T14:01:51.275Z] GET /zone/state
[2026-07-25T14:01:51.277Z] GET /zone/state
[2026-07-25T14:01:51.287Z] GET /alerts
[2026-07-25T14:01:51.289Z] GET /alerts
[2026-07-25T14:01:54.270Z] GET /zone/state
[2026-07-25T14:01:54.271Z] GET /zone/state
[2026-07-25T14:01:54.283Z] GET /alerts
[2026-07-25T14:01:54.288Z] GET /alerts
[2026-07-25T14:01:57.279Z] GET /zone/state
[2026-07-25T14:01:57.280Z] GET /zone/state
[2026-07-25T14:01:57.289Z] GET /alerts
[2026-07-25T14:01:57.290Z] GET /alerts
[2026-07-25T14:02:00.266Z] GET /zone/state
[2026-07-25T14:02:00.268Z] GET /zone/state
[2026-07-25T14:02:00.278Z] GET /alerts
[2026-07-25T14:02:00.281Z] GET /alerts
[2026-07-25T14:02:03.264Z] GET /zone/state
[2026-07-25T14:02:03.266Z] GET /zone/state
[2026-07-25T14:02:03.277Z] GET /alerts
[2026-07-25T14:02:03.279Z] GET /alerts
[2026-07-25T14:02:06.272Z] GET /zone/state
[2026-07-25T14:02:06.274Z] GET /zone/state
[2026-07-25T14:02:06.287Z] GET /alerts
[2026-07-25T14:02:06.289Z] GET /alerts
[2026-07-25T14:02:09.268Z] GET /zone/state
[2026-07-25T14:02:09.270Z] GET /zone/state
[2026-07-25T14:02:09.279Z] GET /alerts
[2026-07-25T14:02:09.280Z] GET /alerts
[2026-07-25T14:02:12.280Z] GET /zone/state
[2026-07-25T14:02:12.282Z] GET /zone/state
[2026-07-25T14:02:12.290Z] GET /alerts
[2026-07-25T14:02:12.292Z] GET /alerts
[2026-07-25T14:02:15.269Z] GET /zone/state
[2026-07-25T14:02:15.271Z] GET /zone/state
[2026-07-25T14:02:15.281Z] GET /alerts
[2026-07-25T14:02:15.283Z] GET /alerts
[2026-07-25T14:02:18.274Z] GET /zone/state
[2026-07-25T14:02:18.275Z] GET /zone/state
[2026-07-25T14:02:18.311Z] GET /alerts
[2026-07-25T14:02:18.313Z] GET /alerts
[2026-07-25T14:02:21.264Z] GET /zone/state
[2026-07-25T14:02:21.290Z] GET /zone/state
[2026-07-25T14:02:21.301Z] GET /alerts
[2026-07-25T14:02:21.306Z] GET /alerts
[2026-07-25T14:02:24.278Z] GET /zone/state
[2026-07-25T14:02:24.280Z] GET /zone/state
[2026-07-25T14:02:24.290Z] GET /alerts
[2026-07-25T14:02:24.292Z] GET /alerts
[2026-07-25T14:02:27.269Z] GET /zone/state
[2026-07-25T14:02:27.270Z] GET /zone/state
[2026-07-25T14:02:27.280Z] GET /alerts
[2026-07-25T14:02:27.301Z] GET /alerts
[2026-07-25T14:02:30.267Z] GET /zone/state
[2026-07-25T14:02:30.269Z] GET /zone/state
[2026-07-25T14:02:30.280Z] GET /alerts
[2026-07-25T14:02:30.282Z] GET /alerts
[2026-07-25T14:02:33.267Z] GET /zone/state
[2026-07-25T14:02:33.268Z] GET /zone/state
[2026-07-25T14:02:33.279Z] GET /alerts
[2026-07-25T14:02:33.281Z] GET /alerts
[2026-07-25T14:02:36.264Z] GET /zone/state
[2026-07-25T14:02:36.266Z] GET /zone/state
[2026-07-25T14:02:36.277Z] GET /alerts
[2026-07-25T14:02:36.278Z] GET /alerts
[2026-07-25T14:02:39.272Z] GET /zone/state
[2026-07-25T14:02:39.293Z] GET /zone/state
[2026-07-25T14:02:39.304Z] GET /alerts
[2026-07-25T14:02:39.306Z] GET /alerts
[2026-07-25T14:02:42.266Z] GET /zone/state
[2026-07-25T14:02:42.268Z] GET /zone/state
[2026-07-25T14:02:42.279Z] GET /alerts
[2026-07-25T14:02:42.281Z] GET /alerts
[2026-07-25T14:02:45.263Z] GET /zone/state
[2026-07-25T14:02:45.265Z] GET /zone/state
[2026-07-25T14:02:45.285Z] GET /alerts
[2026-07-25T14:02:45.286Z] GET /alerts
[2026-07-25T14:02:48.266Z] GET /zone/state
[2026-07-25T14:02:48.268Z] GET /zone/state
[2026-07-25T14:02:48.278Z] GET /alerts
[2026-07-25T14:02:48.304Z] GET /alerts
[2026-07-25T14:02:51.261Z] GET /zone/state
[2026-07-25T14:02:51.262Z] GET /zone/state
[2026-07-25T14:02:51.271Z] GET /alerts
[2026-07-25T14:02:51.277Z] GET /alerts
[2026-07-25T14:02:54.268Z] GET /zone/state
[2026-07-25T14:02:54.269Z] GET /zone/state
[2026-07-25T14:02:54.275Z] GET /alerts
[2026-07-25T14:02:54.276Z] GET /alerts
[2026-07-25T14:02:57.260Z] GET /zone/state
[2026-07-25T14:02:57.261Z] GET /zone/state
[2026-07-25T14:02:57.284Z] GET /alerts
[2026-07-25T14:02:57.285Z] GET /alerts
[2026-07-25T14:03:00.268Z] GET /zone/state
[2026-07-25T14:03:00.269Z] GET /zone/state
[2026-07-25T14:03:00.278Z] GET /alerts
[2026-07-25T14:03:00.281Z] GET /alerts
[2026-07-25T14:03:03.270Z] GET /zone/state
[2026-07-25T14:03:03.272Z] GET /zone/state
[2026-07-25T14:03:03.282Z] GET /alerts
[2026-07-25T14:03:03.284Z] GET /alerts
[2026-07-25T14:03:06.265Z] GET /zone/state
[2026-07-25T14:03:06.266Z] GET /zone/state
[2026-07-25T14:03:06.277Z] GET /alerts
[2026-07-25T14:03:06.280Z] GET /alerts
[2026-07-25T14:03:09.259Z] GET /zone/state
[2026-07-25T14:03:09.261Z] GET /zone/state
[2026-07-25T14:03:09.272Z] GET /alerts
[2026-07-25T14:03:09.274Z] GET /alerts
[2026-07-25T14:03:12.268Z] GET /zone/state
[2026-07-25T14:03:12.270Z] GET /zone/state
[2026-07-25T14:03:12.280Z] GET /alerts
[2026-07-25T14:03:12.281Z] GET /alerts
[2026-07-25T14:03:15.262Z] GET /zone/state
[2026-07-25T14:03:15.266Z] GET /zone/state
[2026-07-25T14:03:15.275Z] GET /alerts
[2026-07-25T14:03:15.277Z] GET /alerts
[2026-07-25T14:03:18.273Z] GET /zone/state
[2026-07-25T14:03:18.274Z] GET /zone/state
[2026-07-25T14:03:18.281Z] GET /alerts
[2026-07-25T14:03:18.282Z] GET /alerts
[2026-07-25T14:03:21.264Z] GET /zone/state
[2026-07-25T14:03:21.266Z] GET /zone/state
[2026-07-25T14:03:21.274Z] GET /alerts
[2026-07-25T14:03:21.280Z] GET /alerts
[2026-07-25T14:03:24.264Z] GET /zone/state
[2026-07-25T14:03:24.266Z] GET /zone/state
[2026-07-25T14:03:24.278Z] GET /alerts
[2026-07-25T14:03:24.281Z] GET /alerts
[2026-07-25T14:03:27.276Z] GET /zone/state
[2026-07-25T14:03:27.277Z] GET /zone/state
[2026-07-25T14:03:27.287Z] GET /alerts
[2026-07-25T14:03:27.289Z] GET /alerts
[2026-07-25T14:03:30.264Z] GET /zone/state
[2026-07-25T14:03:30.266Z] GET /zone/state
[2026-07-25T14:03:30.277Z] GET /alerts
[2026-07-25T14:03:30.280Z] GET /alerts
[2026-07-25T14:03:33.268Z] GET /zone/state
[2026-07-25T14:03:33.269Z] GET /zone/state
[2026-07-25T14:03:33.278Z] GET /alerts
[2026-07-25T14:03:33.279Z] GET /alerts
[2026-07-25T14:03:36.263Z] GET /zone/state
[2026-07-25T14:03:36.265Z] GET /zone/state
[2026-07-25T14:03:36.273Z] GET /alerts
[2026-07-25T14:03:36.274Z] GET /alerts
[2026-07-25T14:03:39.265Z] GET /zone/state
[2026-07-25T14:03:39.266Z] GET /zone/state
[2026-07-25T14:03:39.274Z] GET /alerts
[2026-07-25T14:03:39.277Z] GET /alerts
[2026-07-25T14:03:42.422Z] GET /zone/state
[2026-07-25T14:03:42.423Z] GET /zone/state
[2026-07-25T14:03:42.440Z] GET /alerts
[2026-07-25T14:03:42.441Z] GET /alerts
[2026-07-25T14:03:45.357Z] GET /zone/state
[2026-07-25T14:03:45.358Z] GET /zone/state
[2026-07-25T14:03:45.367Z] GET /alerts
[2026-07-25T14:03:45.369Z] GET /alerts
[2026-07-25T14:04:32.777Z] GET /zone/state
[2026-07-25T14:04:32.779Z] GET /zone/state
[2026-07-25T14:04:32.809Z] GET /alerts
[2026-07-25T14:04:32.810Z] GET /alerts
[2026-07-25T14:04:33.352Z] GET /zone/state
[2026-07-25T14:04:33.354Z] GET /zone/state
[2026-07-25T14:04:33.371Z] GET /alerts
[2026-07-25T14:04:33.373Z] GET /alerts
[2026-07-25T14:04:36.354Z] GET /zone/state
[2026-07-25T14:04:36.355Z] GET /zone/state
[2026-07-25T14:04:36.364Z] GET /alerts
[2026-07-25T14:04:36.366Z] GET /alerts
[2026-07-25T14:04:39.358Z] GET /zone/state
[2026-07-25T14:04:39.359Z] GET /zone/state
[2026-07-25T14:04:39.374Z] GET /alerts
[2026-07-25T14:04:39.375Z] GET /alerts
[2026-07-25T14:26:16.569Z] GET /zone/state
[2026-07-25T14:26:16.570Z] GET /zone/state
[2026-07-25T14:26:16.925Z] GET /alerts
[2026-07-25T14:26:16.926Z] GET /alerts
[2026-07-25T14:26:18.262Z] GET /zone/state
[2026-07-25T14:26:18.263Z] GET /zone/state
[2026-07-25T14:26:18.271Z] GET /alerts
[2026-07-25T14:26:18.272Z] GET /alerts
[2026-07-25T14:26:21.259Z] GET /zone/state
[2026-07-25T14:26:21.261Z] GET /zone/state
[2026-07-25T14:26:21.266Z] GET /alerts
[2026-07-25T14:26:21.268Z] GET /alerts
[2026-07-25T14:26:24.252Z] GET /zone/state
[2026-07-25T14:26:24.253Z] GET /zone/state
[2026-07-25T14:26:24.257Z] GET /alerts
[2026-07-25T14:26:24.258Z] GET /alerts
[2026-07-25T14:26:27.349Z] GET /zone/state
[2026-07-25T14:26:27.352Z] GET /zone/state
[2026-07-25T14:26:27.362Z] GET /alerts
[2026-07-25T14:26:27.364Z] GET /alerts
[2026-07-25T14:26:30.346Z] GET /zone/state
[2026-07-25T14:26:30.348Z] GET /zone/state
[2026-07-25T14:26:30.358Z] GET /alerts
[2026-07-25T14:26:30.359Z] GET /alerts
[2026-07-25T14:26:33.351Z] GET /zone/state
[2026-07-25T14:26:33.353Z] GET /zone/state
[2026-07-25T14:26:33.360Z] GET /alerts
[2026-07-25T14:26:33.361Z] GET /alerts
[2026-07-25T14:26:36.349Z] GET /zone/state
[2026-07-25T14:26:36.350Z] GET /zone/state
[2026-07-25T14:26:36.356Z] GET /alerts
[2026-07-25T14:26:36.357Z] GET /alerts
[2026-07-25T14:26:39.353Z] GET /zone/state
[2026-07-25T14:26:39.354Z] GET /zone/state
[2026-07-25T14:26:39.369Z] GET /alerts
[2026-07-25T14:26:39.370Z] GET /alerts
[2026-07-25T14:26:42.344Z] GET /zone/state
[2026-07-25T14:26:42.345Z] GET /zone/state
[2026-07-25T14:26:42.353Z] GET /alerts
[2026-07-25T14:26:42.355Z] GET /alerts
[2026-07-25T14:26:45.351Z] GET /zone/state
[2026-07-25T14:26:45.353Z] GET /zone/state
[2026-07-25T14:26:45.359Z] GET /alerts
[2026-07-25T14:26:45.360Z] GET /alerts
[2026-07-25T14:26:48.340Z] GET /zone/state
[2026-07-25T14:26:48.342Z] GET /zone/state
[2026-07-25T14:26:48.353Z] GET /alerts
[2026-07-25T14:26:48.355Z] GET /alerts
[2026-07-25T14:26:51.351Z] GET /zone/state
[2026-07-25T14:26:51.352Z] GET /zone/state
[2026-07-25T14:26:51.364Z] GET /alerts
[2026-07-25T14:26:51.365Z] GET /alerts
[2026-07-25T14:26:54.343Z] GET /zone/state
[2026-07-25T14:26:54.344Z] GET /zone/state
[2026-07-25T14:26:54.349Z] GET /alerts
[2026-07-25T14:26:54.350Z] GET /alerts
[2026-07-25T14:26:57.350Z] GET /zone/state
[2026-07-25T14:26:57.351Z] GET /zone/state
[2026-07-25T14:26:57.367Z] GET /alerts
[2026-07-25T14:26:57.369Z] GET /alerts
[2026-07-25T14:27:00.351Z] GET /zone/state
[2026-07-25T14:27:00.352Z] GET /zone/state
[2026-07-25T14:27:00.357Z] GET /alerts
[2026-07-25T14:27:00.358Z] GET /alerts
[2026-07-25T14:27:03.349Z] GET /zone/state
[2026-07-25T14:27:03.351Z] GET /zone/state
[2026-07-25T14:27:03.366Z] GET /alerts
[2026-07-25T14:27:03.368Z] GET /alerts
[2026-07-25T14:27:06.341Z] GET /zone/state
[2026-07-25T14:27:06.342Z] GET /zone/state
[2026-07-25T14:27:06.347Z] GET /alerts
[2026-07-25T14:27:06.348Z] GET /alerts
[2026-07-25T14:27:09.353Z] GET /zone/state
[2026-07-25T14:27:09.354Z] GET /zone/state
[2026-07-25T14:27:09.363Z] GET /alerts
[2026-07-25T14:27:09.364Z] GET /alerts
[2026-07-25T14:27:12.344Z] GET /zone/state
[2026-07-25T14:27:12.346Z] GET /zone/state
[2026-07-25T14:27:12.361Z] GET /alerts
[2026-07-25T14:27:12.363Z] GET /alerts
[2026-07-25T14:27:15.343Z] GET /zone/state
[2026-07-25T14:27:15.346Z] GET /zone/state
[2026-07-25T14:27:15.360Z] GET /alerts
[2026-07-25T14:27:15.361Z] GET /alerts
[2026-07-25T14:27:18.355Z] GET /zone/state
[2026-07-25T14:27:18.357Z] GET /zone/state
[2026-07-25T14:27:18.378Z] GET /alerts
[2026-07-25T14:27:18.380Z] GET /alerts
[2026-07-25T14:27:21.344Z] GET /zone/state
[2026-07-25T14:27:21.345Z] GET /zone/state
[2026-07-25T14:27:21.352Z] GET /alerts
[2026-07-25T14:27:21.354Z] GET /alerts
[2026-07-25T14:27:24.344Z] GET /zone/state
[2026-07-25T14:27:24.346Z] GET /zone/state
[2026-07-25T14:27:24.357Z] GET /alerts
[2026-07-25T14:27:24.360Z] GET /alerts
[2026-07-25T14:28:07.358Z] GET /zone/state
[2026-07-25T14:28:07.360Z] GET /zone/state
[2026-07-25T14:28:07.374Z] GET /alerts
[2026-07-25T14:28:07.376Z] GET /alerts
[2026-07-25T14:29:07.352Z] GET /zone/state
[2026-07-25T14:29:07.353Z] GET /zone/state
[2026-07-25T14:29:07.359Z] GET /alerts
[2026-07-25T14:29:07.360Z] GET /alerts
[2026-07-25T14:29:12.505Z] GET /zone/state
[2026-07-25T14:29:12.506Z] GET /zone/state
[2026-07-25T14:29:12.514Z] GET /alerts
[2026-07-25T14:29:12.516Z] GET /alerts
[2026-07-25T14:29:15.349Z] GET /zone/state
[2026-07-25T14:29:15.350Z] GET /zone/state
[2026-07-25T14:29:15.354Z] GET /alerts
[2026-07-25T14:29:15.356Z] GET /alerts
[2026-07-25T14:29:18.343Z] GET /zone/state
[2026-07-25T14:29:18.344Z] GET /zone/state
[2026-07-25T14:29:18.351Z] GET /alerts
[2026-07-25T14:29:18.352Z] GET /alerts
[2026-07-25T14:29:21.343Z] GET /zone/state
[2026-07-25T14:29:21.344Z] GET /zone/state
[2026-07-25T14:29:21.355Z] GET /alerts
[2026-07-25T14:29:21.357Z] GET /alerts
[2026-07-25T14:29:24.341Z] GET /zone/state
[2026-07-25T14:29:24.343Z] GET /zone/state
[2026-07-25T14:29:24.352Z] GET /alerts
[2026-07-25T14:29:24.355Z] GET /alerts
[2026-07-25T14:29:27.352Z] GET /zone/state
[2026-07-25T14:29:27.354Z] GET /zone/state
[2026-07-25T14:29:27.362Z] GET /alerts
[2026-07-25T14:29:27.364Z] GET /alerts
[2026-07-25T14:29:30.339Z] GET /zone/state
[2026-07-25T14:29:30.340Z] GET /zone/state
[2026-07-25T14:29:30.346Z] GET /alerts
[2026-07-25T14:29:30.347Z] GET /alerts
[2026-07-25T14:29:33.354Z] GET /zone/state
[2026-07-25T14:29:33.355Z] GET /zone/state
[2026-07-25T14:29:33.362Z] GET /alerts
[2026-07-25T14:29:33.363Z] GET /alerts
[2026-07-25T14:29:36.346Z] GET /zone/state
[2026-07-25T14:29:36.347Z] GET /zone/state
[2026-07-25T14:29:36.357Z] GET /alerts
[2026-07-25T14:29:36.358Z] GET /alerts
[2026-07-25T14:29:39.346Z] GET /zone/state
[2026-07-25T14:29:39.347Z] GET /zone/state
[2026-07-25T14:29:39.355Z] GET /alerts
[2026-07-25T14:29:39.355Z] GET /alerts
[2026-07-25T14:29:42.345Z] GET /zone/state
[2026-07-25T14:29:42.346Z] GET /zone/state
[2026-07-25T14:29:42.354Z] GET /alerts
[2026-07-25T14:29:42.354Z] GET /alerts
[2026-07-25T14:29:45.338Z] GET /zone/state
[2026-07-25T14:29:45.340Z] GET /zone/state
[2026-07-25T14:29:45.346Z] GET /alerts
[2026-07-25T14:29:45.346Z] GET /alerts
[2026-07-25T14:29:48.351Z] GET /zone/state
[2026-07-25T14:29:48.352Z] GET /zone/state
[2026-07-25T14:29:48.358Z] GET /alerts
[2026-07-25T14:29:48.359Z] GET /alerts
[2026-07-25T14:29:51.341Z] GET /zone/state
[2026-07-25T14:29:51.342Z] GET /zone/state
[2026-07-25T14:29:51.353Z] GET /alerts
[2026-07-25T14:29:51.354Z] GET /alerts
[2026-07-25T14:29:54.354Z] GET /zone/state
[2026-07-25T14:29:54.355Z] GET /zone/state
[2026-07-25T14:29:54.370Z] GET /alerts
[2026-07-25T14:29:54.371Z] GET /alerts
[2026-07-25T14:29:57.347Z] GET /zone/state
[2026-07-25T14:29:57.348Z] GET /zone/state
[2026-07-25T14:29:57.363Z] GET /alerts
[2026-07-25T14:29:57.364Z] GET /alerts
[2026-07-25T14:30:00.354Z] GET /zone/state
[2026-07-25T14:30:00.355Z] GET /zone/state
[2026-07-25T14:30:00.368Z] GET /alerts
[2026-07-25T14:30:00.370Z] GET /alerts
[2026-07-25T14:30:03.348Z] GET /zone/state
[2026-07-25T14:30:03.350Z] GET /zone/state
[2026-07-25T14:30:03.363Z] GET /alerts
[2026-07-25T14:30:03.364Z] GET /alerts
[2026-07-25T14:30:06.348Z] GET /zone/state
[2026-07-25T14:30:06.350Z] GET /zone/state
[2026-07-25T14:30:06.368Z] GET /alerts
[2026-07-25T14:30:06.369Z] GET /alerts
[2026-07-25T14:30:09.342Z] GET /zone/state
[2026-07-25T14:30:09.344Z] GET /zone/state
[2026-07-25T14:30:09.355Z] GET /alerts
[2026-07-25T14:30:09.356Z] GET /alerts
[2026-07-25T14:30:12.346Z] GET /zone/state
[2026-07-25T14:30:12.348Z] GET /zone/state
[2026-07-25T14:30:12.355Z] GET /alerts
[2026-07-25T14:30:12.356Z] GET /alerts
[2026-07-25T14:30:15.349Z] GET /zone/state
[2026-07-25T14:30:15.350Z] GET /zone/state
[2026-07-25T14:30:15.363Z] GET /alerts
[2026-07-25T14:30:15.364Z] GET /alerts
[2026-07-25T14:30:18.347Z] GET /zone/state
[2026-07-25T14:30:18.348Z] GET /zone/state
[2026-07-25T14:30:18.357Z] GET /alerts
[2026-07-25T14:30:18.359Z] GET /alerts
[2026-07-25T14:30:21.345Z] GET /zone/state
[2026-07-25T14:30:21.347Z] GET /zone/state
[2026-07-25T14:30:21.367Z] GET /alerts
[2026-07-25T14:30:21.368Z] GET /alerts
[2026-07-25T14:30:24.350Z] GET /zone/state
[2026-07-25T14:30:24.351Z] GET /zone/state
[2026-07-25T14:30:24.366Z] GET /alerts
[2026-07-25T14:30:24.367Z] GET /alerts
[2026-07-25T14:30:27.350Z] GET /zone/state
[2026-07-25T14:30:27.350Z] GET /zone/state
[2026-07-25T14:30:27.358Z] GET /alerts
[2026-07-25T14:30:27.359Z] GET /alerts
[2026-07-25T14:30:30.347Z] GET /zone/state
[2026-07-25T14:30:30.348Z] GET /zone/state
[2026-07-25T14:30:30.368Z] GET /alerts
[2026-07-25T14:30:30.369Z] GET /alerts
[2026-07-25T14:30:33.353Z] GET /zone/state
[2026-07-25T14:30:33.355Z] GET /zone/state
[2026-07-25T14:30:33.370Z] GET /alerts
[2026-07-25T14:30:33.371Z] GET /alerts
[2026-07-25T14:30:36.354Z] GET /zone/state
[2026-07-25T14:30:36.356Z] GET /zone/state
[2026-07-25T14:30:36.369Z] GET /alerts
[2026-07-25T14:30:36.370Z] GET /alerts
[2026-07-25T14:30:39.347Z] GET /zone/state
[2026-07-25T14:30:39.347Z] GET /zone/state
[2026-07-25T14:30:39.352Z] GET /alerts
[2026-07-25T14:30:39.353Z] GET /alerts
[2026-07-25T14:30:42.350Z] GET /zone/state
[2026-07-25T14:30:42.351Z] GET /zone/state
[2026-07-25T14:30:42.367Z] GET /alerts
[2026-07-25T14:30:42.369Z] GET /alerts
[2026-07-25T14:30:45.338Z] GET /zone/state
[2026-07-25T14:30:45.340Z] GET /zone/state
[2026-07-25T14:30:45.352Z] GET /alerts
[2026-07-25T14:30:45.354Z] GET /alerts
[2026-07-25T14:30:48.344Z] GET /zone/state
[2026-07-25T14:30:48.345Z] GET /zone/state
[2026-07-25T14:30:48.352Z] GET /alerts
[2026-07-25T14:30:48.353Z] GET /alerts
[2026-07-25T14:30:51.345Z] GET /zone/state
[2026-07-25T14:30:51.345Z] GET /zone/state
[2026-07-25T14:30:51.358Z] GET /alerts
[2026-07-25T14:30:51.359Z] GET /alerts
[2026-07-25T14:30:54.346Z] GET /zone/state
[2026-07-25T14:30:54.347Z] GET /zone/state
[2026-07-25T14:30:54.359Z] GET /alerts
[2026-07-25T14:30:54.361Z] GET /alerts
[2026-07-25T14:30:57.343Z] GET /zone/state
[2026-07-25T14:30:57.345Z] GET /zone/state
[2026-07-25T14:30:57.374Z] GET /alerts
[2026-07-25T14:30:57.376Z] GET /alerts
[2026-07-25T14:31:00.349Z] GET /zone/state
[2026-07-25T14:31:00.350Z] GET /zone/state
[2026-07-25T14:31:00.367Z] GET /alerts
[2026-07-25T14:31:00.368Z] GET /alerts
[2026-07-25T14:31:03.346Z] GET /zone/state
[2026-07-25T14:31:03.348Z] GET /zone/state
[2026-07-25T14:31:03.362Z] GET /alerts
[2026-07-25T14:31:03.363Z] GET /alerts
[2026-07-25T14:31:06.340Z] GET /zone/state
[2026-07-25T14:31:06.341Z] GET /zone/state
[2026-07-25T14:31:06.357Z] GET /alerts
[2026-07-25T14:31:06.358Z] GET /alerts
[2026-07-25T14:31:09.341Z] GET /zone/state
[2026-07-25T14:31:09.343Z] GET /zone/state
[2026-07-25T14:31:09.351Z] GET /alerts
[2026-07-25T14:31:09.352Z] GET /alerts
[2026-07-25T14:31:12.349Z] GET /zone/state
[2026-07-25T14:31:12.351Z] GET /zone/state
[2026-07-25T14:31:12.367Z] GET /alerts
[2026-07-25T14:31:12.369Z] GET /alerts
[2026-07-25T14:32:07.356Z] GET /zone/state
[2026-07-25T14:32:07.358Z] GET /zone/state
[2026-07-25T14:32:07.367Z] GET /alerts
[2026-07-25T14:32:07.369Z] GET /alerts
[2026-07-25T14:33:07.357Z] GET /zone/state
[2026-07-25T14:33:07.358Z] GET /zone/state
[2026-07-25T14:33:07.364Z] GET /alerts
[2026-07-25T14:33:07.364Z] GET /alerts
[2026-07-25T14:34:07.356Z] GET /zone/state
[2026-07-25T14:34:07.357Z] GET /zone/state
[2026-07-25T14:34:07.368Z] GET /alerts
[2026-07-25T14:34:07.370Z] GET /alerts
[2026-07-25T14:35:07.350Z] GET /zone/state
[2026-07-25T14:35:07.351Z] GET /zone/state
[2026-07-25T14:35:07.359Z] GET /alerts
[2026-07-25T14:35:07.359Z] GET /alerts
[2026-07-25T14:36:07.350Z] GET /zone/state
[2026-07-25T14:36:07.351Z] GET /zone/state
[2026-07-25T14:36:07.370Z] GET /alerts
[2026-07-25T14:36:07.371Z] GET /alerts
[2026-07-25T14:37:07.353Z] GET /zone/state
[2026-07-25T14:37:07.355Z] GET /zone/state
[2026-07-25T14:37:07.364Z] GET /alerts
[2026-07-25T14:37:07.365Z] GET /alerts
[2026-07-25T14:38:07.353Z] GET /zone/state
[2026-07-25T14:38:07.354Z] GET /zone/state
[2026-07-25T14:38:07.365Z] GET /alerts
[2026-07-25T14:38:07.366Z] GET /alerts
[2026-07-25T14:39:07.360Z] GET /zone/state
[2026-07-25T14:39:07.361Z] GET /zone/state
[2026-07-25T14:39:07.375Z] GET /alerts
[2026-07-25T14:39:07.376Z] GET /alerts
[2026-07-25T14:40:07.346Z] GET /zone/state
[2026-07-25T14:40:07.346Z] GET /zone/state
[2026-07-25T14:40:07.357Z] GET /alerts
[2026-07-25T14:40:07.357Z] GET /alerts
[2026-07-25T14:45:25.352Z] GET /zone/state
[2026-07-25T14:45:25.353Z] GET /zone/state
[2026-07-25T14:45:25.374Z] GET /alerts
[2026-07-25T14:45:25.375Z] GET /alerts
[2026-07-25T14:46:07.350Z] GET /zone/state
[2026-07-25T14:46:07.351Z] GET /zone/state
[2026-07-25T14:46:07.359Z] GET /alerts
[2026-07-25T14:46:07.360Z] GET /alerts
[2026-07-25T14:47:07.350Z] GET /zone/state
[2026-07-25T14:47:07.352Z] GET /zone/state
[2026-07-25T14:47:07.364Z] GET /alerts
[2026-07-25T14:47:07.366Z] GET /alerts
[2026-07-25T14:48:07.350Z] GET /zone/state
[2026-07-25T14:48:07.352Z] GET /zone/state
[2026-07-25T14:48:07.362Z] GET /alerts
[2026-07-25T14:48:07.363Z] GET /alerts
[2026-07-25T14:49:07.350Z] GET /zone/state
[2026-07-25T14:49:07.351Z] GET /zone/state
[2026-07-25T14:49:07.360Z] GET /alerts
[2026-07-25T14:49:07.361Z] GET /alerts
[2026-07-25T14:50:07.349Z] GET /zone/state
[2026-07-25T14:50:07.349Z] GET /zone/state
[2026-07-25T14:50:07.357Z] GET /alerts
[2026-07-25T14:50:07.358Z] GET /alerts
[2026-07-25T14:51:58.112Z] GET /zone/state
[2026-07-25T14:51:58.113Z] GET /zone/state
[2026-07-25T14:51:58.128Z] GET /alerts
[2026-07-25T14:51:58.129Z] GET /alerts
[2026-07-25T14:52:07.356Z] GET /zone/state
[2026-07-25T14:52:07.357Z] GET /zone/state
[2026-07-25T14:52:07.374Z] GET /alerts
[2026-07-25T14:52:07.375Z] GET /alerts
[2026-07-25T14:53:07.354Z] GET /zone/state
[2026-07-25T14:53:07.355Z] GET /zone/state
[2026-07-25T14:53:07.362Z] GET /alerts
[2026-07-25T14:53:07.363Z] GET /alerts
[2026-07-25T14:54:07.357Z] GET /zone/state
[2026-07-25T14:54:07.359Z] GET /zone/state
[2026-07-25T14:54:07.370Z] GET /alerts
[2026-07-25T14:54:07.372Z] GET /alerts
[2026-07-25T14:55:07.354Z] GET /zone/state
[2026-07-25T14:55:07.355Z] GET /zone/state
[2026-07-25T14:55:07.363Z] GET /alerts
[2026-07-25T14:55:07.364Z] GET /alerts
[2026-07-25T14:56:07.350Z] GET /zone/state
[2026-07-25T14:56:07.351Z] GET /zone/state
[2026-07-25T14:56:07.366Z] GET /alerts
[2026-07-25T14:56:07.368Z] GET /alerts
[2026-07-25T14:57:07.363Z] GET /zone/state
[2026-07-25T14:57:07.365Z] GET /zone/state
[2026-07-25T14:57:07.387Z] GET /alerts
[2026-07-25T14:57:07.389Z] GET /alerts
[2026-07-25T14:58:07.347Z] GET /zone/state
[2026-07-25T14:58:07.348Z] GET /zone/state
[2026-07-25T14:58:07.363Z] GET /alerts
[2026-07-25T14:58:07.364Z] GET /alerts
[2026-07-25T14:59:07.356Z] GET /zone/state
[2026-07-25T14:59:07.358Z] GET /zone/state
[2026-07-25T14:59:07.368Z] GET /alerts
[2026-07-25T14:59:07.369Z] GET /alerts
[2026-07-25T15:00:07.351Z] GET /zone/state
[2026-07-25T15:00:07.352Z] GET /zone/state
[2026-07-25T15:00:07.357Z] GET /alerts
[2026-07-25T15:00:07.358Z] GET /alerts
[2026-07-25T15:01:07.343Z] GET /zone/state
[2026-07-25T15:01:07.344Z] GET /zone/state
[2026-07-25T15:01:07.357Z] GET /alerts
[2026-07-25T15:01:07.358Z] GET /alerts
[2026-07-25T15:02:07.348Z] GET /zone/state
[2026-07-25T15:02:07.349Z] GET /zone/state
[2026-07-25T15:02:07.357Z] GET /alerts
[2026-07-25T15:02:07.359Z] GET /alerts
[2026-07-25T15:03:07.341Z] GET /zone/state
[2026-07-25T15:03:07.343Z] GET /zone/state
[2026-07-25T15:03:07.353Z] GET /alerts
[2026-07-25T15:03:07.353Z] GET /alerts
[2026-07-25T15:04:07.353Z] GET /zone/state
[2026-07-25T15:04:07.354Z] GET /zone/state
[2026-07-25T15:04:07.358Z] GET /alerts
[2026-07-25T15:04:07.360Z] GET /alerts
[2026-07-25T15:05:07.360Z] GET /zone/state
[2026-07-25T15:05:07.361Z] GET /zone/state
[2026-07-25T15:05:07.367Z] GET /alerts
[2026-07-25T15:05:07.368Z] GET /alerts
[2026-07-25T15:06:07.345Z] GET /zone/state
[2026-07-25T15:06:07.347Z] GET /zone/state
[2026-07-25T15:06:07.355Z] GET /alerts
[2026-07-25T15:06:07.356Z] GET /alerts
[2026-07-25T15:07:07.353Z] GET /zone/state
[2026-07-25T15:07:07.354Z] GET /zone/state
[2026-07-25T15:07:07.361Z] GET /alerts
[2026-07-25T15:07:07.362Z] GET /alerts
[2026-07-25T15:08:07.355Z] GET /zone/state
[2026-07-25T15:08:07.357Z] GET /zone/state
[2026-07-25T15:08:07.371Z] GET /alerts
[2026-07-25T15:08:07.372Z] GET /alerts
[2026-07-25T15:09:59.470Z] GET /zone/state
[2026-07-25T15:09:59.471Z] GET /zone/state
[2026-07-25T15:09:59.482Z] GET /alerts
[2026-07-25T15:09:59.483Z] GET /alerts
[2026-07-25T15:10:07.344Z] GET /zone/state
[2026-07-25T15:10:07.345Z] GET /zone/state
[2026-07-25T15:10:07.364Z] GET /alerts
[2026-07-25T15:10:07.366Z] GET /alerts
[2026-07-25T15:11:07.346Z] GET /zone/state
[2026-07-25T15:11:07.348Z] GET /zone/state
[2026-07-25T15:11:07.364Z] GET /alerts
[2026-07-25T15:11:07.365Z] GET /alerts
[2026-07-25T15:12:07.357Z] GET /zone/state
[2026-07-25T15:12:07.358Z] GET /zone/state
[2026-07-25T15:12:07.364Z] GET /alerts
[2026-07-25T15:12:07.365Z] GET /alerts
[2026-07-25T15:13:07.352Z] GET /zone/state
[2026-07-25T15:13:07.355Z] GET /zone/state
[2026-07-25T15:13:07.376Z] GET /alerts
[2026-07-25T15:13:07.378Z] GET /alerts
[2026-07-25T15:14:07.354Z] GET /zone/state
[2026-07-25T15:14:07.356Z] GET /zone/state
[2026-07-25T15:14:07.370Z] GET /alerts
[2026-07-25T15:14:07.373Z] GET /alerts
[2026-07-25T15:15:07.358Z] GET /zone/state
[2026-07-25T15:15:07.359Z] GET /zone/state
[2026-07-25T15:15:07.365Z] GET /alerts
[2026-07-25T15:15:07.366Z] GET /alerts
[2026-07-25T15:16:07.360Z] GET /zone/state
[2026-07-25T15:16:07.362Z] GET /zone/state
[2026-07-25T15:16:07.378Z] GET /alerts
[2026-07-25T15:16:07.380Z] GET /alerts
[2026-07-25T15:17:07.346Z] GET /zone/state
[2026-07-25T15:17:07.347Z] GET /zone/state
[2026-07-25T15:17:07.357Z] GET /alerts
[2026-07-25T15:17:07.358Z] GET /alerts
[2026-07-25T15:18:07.350Z] GET /zone/state
[2026-07-25T15:18:07.351Z] GET /zone/state
[2026-07-25T15:18:07.366Z] GET /alerts
[2026-07-25T15:18:07.368Z] GET /alerts
[2026-07-25T15:19:07.355Z] GET /zone/state
[2026-07-25T15:19:07.356Z] GET /zone/state
[2026-07-25T15:19:07.367Z] GET /alerts
[2026-07-25T15:19:07.369Z] GET /alerts
[2026-07-25T15:20:07.359Z] GET /zone/state
[2026-07-25T15:20:07.360Z] GET /zone/state
[2026-07-25T15:20:07.370Z] GET /alerts
[2026-07-25T15:20:07.372Z] GET /alerts
[2026-07-25T15:21:07.350Z] GET /zone/state
[2026-07-25T15:21:07.351Z] GET /zone/state
[2026-07-25T15:21:07.364Z] GET /alerts
[2026-07-25T15:21:07.366Z] GET /alerts
[2026-07-25T15:22:07.356Z] GET /zone/state
[2026-07-25T15:22:07.357Z] GET /zone/state
[2026-07-25T15:22:07.373Z] GET /alerts
[2026-07-25T15:22:07.374Z] GET /alerts
[2026-07-25T15:23:07.363Z] GET /zone/state
[2026-07-25T15:23:07.364Z] GET /zone/state
[2026-07-25T15:23:07.372Z] GET /alerts
[2026-07-25T15:23:07.373Z] GET /alerts
[2026-07-25T15:24:07.348Z] GET /zone/state
[2026-07-25T15:24:07.349Z] GET /zone/state
[2026-07-25T15:24:07.359Z] GET /alerts
[2026-07-25T15:24:07.361Z] GET /alerts
[2026-07-25T15:25:07.351Z] GET /zone/state
[2026-07-25T15:25:07.352Z] GET /zone/state
[2026-07-25T15:25:07.365Z] GET /alerts
[2026-07-25T15:25:07.366Z] GET /alerts
[2026-07-25T15:26:07.354Z] GET /zone/state
[2026-07-25T15:26:07.356Z] GET /zone/state
[2026-07-25T15:26:07.370Z] GET /alerts
[2026-07-25T15:26:07.371Z] GET /alerts
[2026-07-25T15:27:07.353Z] GET /zone/state
[2026-07-25T15:27:07.353Z] GET /zone/state
[2026-07-25T15:27:07.381Z] GET /alerts
[2026-07-25T15:27:07.383Z] GET /alerts
[2026-07-25T15:28:07.354Z] GET /zone/state
[2026-07-25T15:28:07.356Z] GET /zone/state
[2026-07-25T15:28:07.364Z] GET /alerts
[2026-07-25T15:28:07.367Z] GET /alerts
[2026-07-25T15:29:07.344Z] GET /zone/state
[2026-07-25T15:29:07.345Z] GET /zone/state
[2026-07-25T15:29:07.357Z] GET /alerts
[2026-07-25T15:29:07.358Z] GET /alerts
[2026-07-25T15:30:07.364Z] GET /zone/state
[2026-07-25T15:30:07.365Z] GET /zone/state
[2026-07-25T15:30:07.372Z] GET /alerts
[2026-07-25T15:30:07.373Z] GET /alerts
[2026-07-25T15:31:07.347Z] GET /zone/state
[2026-07-25T15:31:07.348Z] GET /zone/state
[2026-07-25T15:31:07.363Z] GET /alerts
[2026-07-25T15:31:07.365Z] GET /alerts
[2026-07-25T15:31:42.421Z] GET /zone/state
[2026-07-25T15:31:42.422Z] GET /zone/state
[2026-07-25T15:31:42.434Z] GET /api/analytics/stats
[2026-07-25T15:31:42.435Z] GET /api/analytics/stats
[2026-07-25T15:31:42.441Z] GET /zone/state
[2026-07-25T15:31:42.442Z] GET /alerts
[2026-07-25T15:31:42.443Z] GET /api/analytics/stats
[2026-07-25T15:31:42.444Z] GET /alerts
[2026-07-25T15:31:42.446Z] GET /zone/state
[2026-07-25T15:31:42.448Z] GET /api/analytics/stats
[2026-07-25T15:31:42.459Z] GET /alerts
[2026-07-25T15:31:42.460Z] GET /alerts
[2026-07-25T15:31:45.443Z] GET /zone/state
[2026-07-25T15:31:45.444Z] GET /zone/state
[2026-07-25T15:31:45.450Z] GET /alerts
[2026-07-25T15:31:45.451Z] GET /alerts
[2026-07-25T15:31:46.903Z] GET /zone/state
[2026-07-25T15:31:46.904Z] GET /zone/state
[2026-07-25T15:31:46.908Z] GET /api/analytics/stats
[2026-07-25T15:31:46.909Z] GET /zone/state
[2026-07-25T15:31:46.911Z] GET /api/analytics/stats
[2026-07-25T15:31:46.913Z] GET /zone/state
[2026-07-25T15:31:46.916Z] GET /api/analytics/stats
[2026-07-25T15:31:46.917Z] GET /api/analytics/stats
[2026-07-25T15:31:46.927Z] GET /alerts
[2026-07-25T15:31:46.928Z] GET /alerts
[2026-07-25T15:31:46.948Z] GET /alerts
[2026-07-25T15:31:46.949Z] GET /alerts
[2026-07-25T15:31:49.909Z] GET /zone/state
[2026-07-25T15:31:49.910Z] GET /zone/state
[2026-07-25T15:31:49.919Z] GET /alerts
[2026-07-25T15:31:49.920Z] GET /alerts
[2026-07-25T15:31:52.909Z] GET /zone/state
[2026-07-25T15:31:52.910Z] GET /zone/state
[2026-07-25T15:31:52.919Z] GET /alerts
[2026-07-25T15:31:52.919Z] GET /alerts
[2026-07-25T15:31:55.922Z] GET /zone/state
[2026-07-25T15:31:55.923Z] GET /zone/state
[2026-07-25T15:31:55.932Z] GET /alerts
[2026-07-25T15:31:55.933Z] GET /alerts
[2026-07-25T15:31:58.916Z] GET /zone/state
[2026-07-25T15:31:58.917Z] GET /zone/state
[2026-07-25T15:31:58.925Z] GET /alerts
[2026-07-25T15:31:58.926Z] GET /alerts
[2026-07-25T15:32:01.943Z] GET /zone/state
[2026-07-25T15:32:01.944Z] GET /zone/state
[2026-07-25T15:32:01.951Z] GET /alerts
[2026-07-25T15:32:01.952Z] GET /alerts
[2026-07-25T15:32:04.913Z] GET /zone/state
[2026-07-25T15:32:04.914Z] GET /zone/state
[2026-07-25T15:32:04.924Z] GET /alerts
[2026-07-25T15:32:04.925Z] GET /alerts
[2026-07-25T15:32:08.352Z] GET /zone/state
[2026-07-25T15:32:08.354Z] GET /zone/state
[2026-07-25T15:32:08.363Z] GET /alerts
[2026-07-25T15:32:08.365Z] GET /alerts
[2026-07-25T15:32:11.353Z] GET /zone/state
[2026-07-25T15:32:11.355Z] GET /zone/state
[2026-07-25T15:32:11.362Z] GET /alerts
[2026-07-25T15:32:11.364Z] GET /alerts
[2026-07-25T15:32:14.349Z] GET /zone/state
[2026-07-25T15:32:14.351Z] GET /zone/state
[2026-07-25T15:32:14.359Z] GET /alerts
[2026-07-25T15:32:14.360Z] GET /alerts
[2026-07-25T15:32:17.338Z] GET /zone/state
[2026-07-25T15:32:17.339Z] GET /zone/state
[2026-07-25T15:32:17.347Z] GET /alerts
[2026-07-25T15:32:17.348Z] GET /alerts
[2026-07-25T15:32:20.347Z] GET /zone/state
[2026-07-25T15:32:20.348Z] GET /zone/state
[2026-07-25T15:32:20.353Z] GET /alerts
[2026-07-25T15:32:20.353Z] GET /alerts
[2026-07-25T15:32:23.344Z] GET /zone/state
[2026-07-25T15:32:23.345Z] GET /zone/state
[2026-07-25T15:32:23.351Z] GET /alerts
[2026-07-25T15:32:23.353Z] GET /alerts
[2026-07-25T15:32:26.351Z] GET /zone/state
[2026-07-25T15:32:26.354Z] GET /zone/state
[2026-07-25T15:32:26.370Z] GET /alerts
[2026-07-25T15:32:26.372Z] GET /alerts
[2026-07-25T15:32:29.338Z] GET /zone/state
[2026-07-25T15:32:29.340Z] GET /zone/state
[2026-07-25T15:32:29.349Z] GET /alerts
[2026-07-25T15:32:29.350Z] GET /alerts
[2026-07-25T15:32:32.351Z] GET /zone/state
[2026-07-25T15:32:32.352Z] GET /zone/state
[2026-07-25T15:32:32.360Z] GET /alerts
[2026-07-25T15:32:32.362Z] GET /alerts
[2026-07-25T15:32:35.349Z] GET /zone/state
[2026-07-25T15:32:35.350Z] GET /zone/state
[2026-07-25T15:32:35.360Z] GET /alerts
[2026-07-25T15:32:35.361Z] GET /alerts
[2026-07-25T15:32:38.349Z] GET /zone/state
[2026-07-25T15:32:38.351Z] GET /zone/state
[2026-07-25T15:32:38.361Z] GET /alerts
[2026-07-25T15:32:38.362Z] GET /alerts
[2026-07-25T15:32:41.343Z] GET /zone/state
[2026-07-25T15:32:41.344Z] GET /zone/state
[2026-07-25T15:32:41.364Z] GET /alerts
[2026-07-25T15:32:41.366Z] GET /alerts
[2026-07-25T15:32:44.348Z] GET /zone/state
[2026-07-25T15:32:44.350Z] GET /zone/state
[2026-07-25T15:32:44.369Z] GET /alerts
[2026-07-25T15:32:44.370Z] GET /alerts
[2026-07-25T15:32:47.343Z] GET /zone/state
[2026-07-25T15:32:47.345Z] GET /zone/state
[2026-07-25T15:32:47.359Z] GET /alerts
[2026-07-25T15:32:47.360Z] GET /alerts
[2026-07-25T15:32:50.351Z] GET /zone/state
[2026-07-25T15:32:50.353Z] GET /zone/state
[2026-07-25T15:32:50.361Z] GET /alerts
[2026-07-25T15:32:50.363Z] GET /alerts
[2026-07-25T15:32:53.353Z] GET /zone/state
[2026-07-25T15:32:53.355Z] GET /zone/state
[2026-07-25T15:32:53.368Z] GET /alerts
[2026-07-25T15:32:53.369Z] GET /alerts
[2026-07-25T15:32:56.346Z] GET /zone/state
[2026-07-25T15:32:56.347Z] GET /zone/state
[2026-07-25T15:32:56.353Z] GET /alerts
[2026-07-25T15:32:56.354Z] GET /alerts
[2026-07-25T15:32:59.340Z] GET /zone/state
[2026-07-25T15:32:59.341Z] GET /zone/state
[2026-07-25T15:32:59.356Z] GET /alerts
[2026-07-25T15:32:59.357Z] GET /alerts
[2026-07-25T15:33:02.351Z] GET /zone/state
[2026-07-25T15:33:02.353Z] GET /zone/state
[2026-07-25T15:33:02.361Z] GET /alerts
[2026-07-25T15:33:02.362Z] GET /alerts
[2026-07-25T15:33:05.342Z] GET /zone/state
[2026-07-25T15:33:05.343Z] GET /zone/state
[2026-07-25T15:33:05.351Z] GET /alerts
[2026-07-25T15:33:05.352Z] GET /alerts
[2026-07-25T15:34:07.353Z] GET /zone/state
[2026-07-25T15:34:07.354Z] GET /zone/state
[2026-07-25T15:34:07.365Z] GET /alerts
[2026-07-25T15:34:07.366Z] GET /alerts
[2026-07-25T15:35:07.351Z] GET /zone/state
[2026-07-25T15:35:07.352Z] GET /zone/state
[2026-07-25T15:35:07.358Z] GET /alerts
[2026-07-25T15:35:07.359Z] GET /alerts
[2026-07-25T15:36:07.351Z] GET /zone/state
[2026-07-25T15:36:07.353Z] GET /zone/state
[2026-07-25T15:36:07.366Z] GET /alerts
[2026-07-25T15:36:07.367Z] GET /alerts
[2026-07-25T15:37:07.368Z] GET /zone/state
[2026-07-25T15:37:07.370Z] GET /zone/state
[2026-07-25T15:37:07.388Z] GET /alerts
[2026-07-25T15:37:07.390Z] GET /alerts
[2026-07-25T15:38:07.358Z] GET /zone/state
[2026-07-25T15:38:07.359Z] GET /zone/state
[2026-07-25T15:38:07.370Z] GET /alerts
[2026-07-25T15:38:07.371Z] GET /alerts
[2026-07-25T15:39:07.353Z] GET /zone/state
[2026-07-25T15:39:07.355Z] GET /zone/state
[2026-07-25T15:39:07.363Z] GET /alerts
[2026-07-25T15:39:07.364Z] GET /alerts
[2026-07-25T15:40:07.357Z] GET /zone/state
[2026-07-25T15:40:07.358Z] GET /zone/state
[2026-07-25T15:40:07.373Z] GET /alerts
[2026-07-25T15:40:07.375Z] GET /alerts
[2026-07-25T17:17:10.327Z] GET /zone/state
[2026-07-25T17:17:10.328Z] GET /zone/state
[2026-07-25T17:17:10.349Z] GET /alerts
[2026-07-25T17:17:10.350Z] GET /alerts
[2026-07-25T17:18:07.353Z] GET /zone/state
[2026-07-25T17:18:07.355Z] GET /zone/state
[2026-07-25T17:18:07.369Z] GET /alerts
[2026-07-25T17:18:07.370Z] GET /alerts
[2026-07-25T17:19:07.363Z] GET /zone/state
[2026-07-25T17:19:07.364Z] GET /zone/state
[2026-07-25T17:19:07.377Z] GET /alerts
[2026-07-25T17:19:07.378Z] GET /alerts
[2026-07-25T17:20:07.345Z] GET /zone/state
[2026-07-25T17:20:07.346Z] GET /zone/state
[2026-07-25T17:20:07.357Z] GET /alerts
[2026-07-25T17:20:07.358Z] GET /alerts
[2026-07-25T17:20:37.382Z] GET /api/analytics/stats
[2026-07-25T17:20:37.383Z] GET /api/analytics/stats
[2026-07-25T17:20:38.389Z] GET /zone/state
[2026-07-25T17:20:38.391Z] GET /zone/state
[2026-07-25T17:20:38.504Z] GET /alerts
[2026-07-25T17:20:38.505Z] GET /alerts
[2026-07-25T17:37:23.368Z] GET /zone/state
[2026-07-25T17:37:23.369Z] GET /zone/state
[2026-07-25T17:37:23.373Z] GET /api/analytics/stats
[2026-07-25T17:37:23.373Z] GET /zone/state
[2026-07-25T17:37:23.373Z] GET /api/analytics/stats
[2026-07-25T17:37:23.374Z] GET /zone/state
[2026-07-25T17:37:23.376Z] GET /api/analytics/stats
[2026-07-25T17:37:23.377Z] GET /api/analytics/stats
[2026-07-25T17:37:23.379Z] GET /alerts
[2026-07-25T17:37:23.379Z] GET /alerts
[2026-07-25T17:37:23.391Z] GET /alerts
[2026-07-25T17:37:23.392Z] GET /alerts
[2026-07-25T17:37:26.370Z] GET /zone/state
[2026-07-25T17:37:26.372Z] GET /zone/state
[2026-07-25T17:37:26.378Z] GET /alerts
[2026-07-25T17:37:26.379Z] GET /alerts
[2026-07-25T17:37:27.123Z] GET /zone/state
[2026-07-25T17:37:27.124Z] GET /zone/state
[2026-07-25T17:37:27.129Z] GET /api/analytics/stats
[2026-07-25T17:37:27.131Z] GET /zone/state
[2026-07-25T17:37:27.132Z] GET /api/analytics/stats
[2026-07-25T17:37:27.136Z] GET /zone/state
[2026-07-25T17:37:27.139Z] GET /api/analytics/stats
[2026-07-25T17:37:27.141Z] GET /api/analytics/stats
[2026-07-25T17:37:27.156Z] GET /alerts
[2026-07-25T17:37:27.156Z] GET /alerts
[2026-07-25T17:37:27.160Z] GET /alerts
[2026-07-25T17:37:27.161Z] GET /alerts
[2026-07-25T17:37:30.131Z] GET /zone/state
[2026-07-25T17:37:30.132Z] GET /zone/state
[2026-07-25T17:37:30.138Z] GET /alerts
[2026-07-25T17:37:30.140Z] GET /alerts
[2026-07-25T18:07:11.902Z] GET /zone/state
[2026-07-25T18:07:11.908Z] GET /api/analytics/stats
[2026-07-25T18:07:11.909Z] GET /zone/state
[2026-07-25T18:07:11.926Z] GET /zone/state
[2026-07-25T18:07:11.927Z] GET /api/analytics/stats
[2026-07-25T18:07:11.933Z] GET /api/analytics/stats
[2026-07-25T18:07:11.934Z] GET /alerts
[2026-07-25T18:07:11.934Z] GET /zone/state
[2026-07-25T18:07:11.938Z] GET /api/analytics/stats
[2026-07-25T18:07:11.941Z] GET /alerts
[2026-07-25T18:07:11.957Z] GET /alerts
[2026-07-25T18:07:11.958Z] GET /alerts
[2026-07-25T18:08:50.042Z] GET /zone/state
[2026-07-25T18:08:50.045Z] GET /api/analytics/stats
[2026-07-25T18:08:50.045Z] GET /zone/state
[2026-07-25T18:08:50.049Z] GET /zone/state
[2026-07-25T18:08:50.051Z] GET /api/analytics/stats
[2026-07-25T18:08:50.057Z] GET /api/analytics/stats
[2026-07-25T18:08:50.058Z] GET /zone/state
[2026-07-25T18:08:50.062Z] GET /api/analytics/stats
[2026-07-25T18:08:50.065Z] GET /alerts
[2026-07-25T18:08:50.066Z] GET /alerts
[2026-07-25T18:08:50.077Z] GET /alerts
[2026-07-25T18:08:50.079Z] GET /alerts
[2026-07-25T18:21:17.377Z] GET /zone/state
[2026-07-25T18:21:17.378Z] GET /zone/state
[2026-07-25T18:21:17.382Z] GET /zone/state
[2026-07-25T18:21:17.383Z] GET /api/analytics/stats
[2026-07-25T18:21:17.384Z] GET /zone/state
[2026-07-25T18:21:17.388Z] GET /api/analytics/stats
[2026-07-25T18:21:17.397Z] GET /api/analytics/stats
[2026-07-25T18:21:17.399Z] GET /api/analytics/stats
[2026-07-25T18:21:17.411Z] GET /alerts
[2026-07-25T18:21:17.416Z] GET /alerts
[2026-07-25T18:21:17.426Z] GET /alerts
[2026-07-25T18:21:17.427Z] GET /alerts
[2026-07-25T18:27:48.062Z] GET /zone/state
[2026-07-25T18:27:48.063Z] GET /zone/state
[2026-07-25T18:27:48.066Z] GET /api/analytics/stats
[2026-07-25T18:27:48.067Z] GET /zone/state
[2026-07-25T18:27:48.068Z] GET /api/analytics/stats
[2026-07-25T18:27:48.072Z] GET /zone/state
[2026-07-25T18:27:48.076Z] GET /api/analytics/stats
[2026-07-25T18:27:48.077Z] GET /api/analytics/stats
[2026-07-25T18:27:48.088Z] GET /alerts
[2026-07-25T18:27:48.089Z] GET /alerts
[2026-07-25T18:27:48.093Z] GET /alerts
[2026-07-25T18:27:48.096Z] GET /alerts
[2026-07-25T18:29:23.780Z] GET /zone/state
[2026-07-25T18:29:23.781Z] GET /zone/state
[2026-07-25T18:29:23.786Z] GET /api/analytics/stats
[2026-07-25T18:29:23.787Z] GET /zone/state
[2026-07-25T18:29:23.788Z] GET /api/analytics/stats
[2026-07-25T18:29:23.790Z] GET /zone/state
[2026-07-25T18:29:23.793Z] GET /api/analytics/stats
[2026-07-25T18:29:23.794Z] GET /api/analytics/stats
[2026-07-25T18:29:23.800Z] GET /alerts
[2026-07-25T18:29:23.802Z] GET /alerts
[2026-07-25T18:29:23.808Z] GET /alerts
[2026-07-25T18:29:23.809Z] GET /alerts
[2026-07-26T06:17:23.023Z] GET /zone/state
[2026-07-26T06:17:23.029Z] GET /api/analytics/stats
[2026-07-26T06:17:23.030Z] GET /zone/state
[2026-07-26T06:17:23.045Z] GET /zone/state
[2026-07-26T06:17:23.047Z] GET /api/analytics/stats
[2026-07-26T06:17:23.056Z] GET /api/analytics/stats
[2026-07-26T06:17:23.057Z] GET /alerts
[2026-07-26T06:17:23.058Z] GET /zone/state
[2026-07-26T06:17:23.062Z] GET /api/analytics/stats
[2026-07-26T06:17:23.077Z] GET /alerts
[2026-07-26T06:17:23.100Z] GET /alerts
[2026-07-26T06:17:23.105Z] GET /alerts
[2026-07-26T06:20:21.843Z] GET /api/analytics/stats
[2026-07-26T06:20:21.844Z] GET /api/analytics/stats
[2026-07-26T06:20:24.830Z] GET /zone/state
[2026-07-26T06:20:24.831Z] GET /zone/state
[2026-07-26T06:20:24.836Z] GET /zone/state
[2026-07-26T06:20:24.838Z] GET /api/analytics/stats
[2026-07-26T06:20:24.840Z] GET /zone/state
[2026-07-26T06:20:24.845Z] GET /api/analytics/stats
[2026-07-26T06:20:24.849Z] GET /api/analytics/stats
[2026-07-26T06:20:24.850Z] GET /api/analytics/stats
[2026-07-26T06:20:24.855Z] GET /alerts
[2026-07-26T06:20:24.856Z] GET /alerts
[2026-07-26T06:20:24.864Z] GET /alerts
[2026-07-26T06:20:24.865Z] GET /alerts
[2026-07-26T06:21:07.532Z] GET /api/analytics/stats
[2026-07-26T06:21:07.533Z] GET /api/analytics/stats
[2026-07-26T06:30:44.822Z] GET /api/analytics/stats
[2026-07-26T06:30:44.823Z] GET /api/analytics/stats
[2026-07-26T06:30:48.521Z] GET /zone/state
[2026-07-26T06:30:48.522Z] GET /zone/state
[2026-07-26T06:30:48.527Z] GET /api/analytics/stats
[2026-07-26T06:30:48.529Z] GET /zone/state
[2026-07-26T06:30:48.530Z] GET /api/analytics/stats
[2026-07-26T06:30:48.535Z] GET /zone/state
[2026-07-26T06:30:48.539Z] GET /api/analytics/stats
[2026-07-26T06:30:48.540Z] GET /api/analytics/stats
[2026-07-26T06:30:48.551Z] GET /alerts
[2026-07-26T06:30:48.552Z] GET /alerts
[2026-07-26T06:30:48.557Z] GET /alerts
[2026-07-26T06:30:48.558Z] GET /alerts
[2026-07-26T06:34:44.888Z] GET /zone/state
[2026-07-26T06:34:44.889Z] GET /zone/state
[2026-07-26T06:34:44.892Z] GET /zone/state
[2026-07-26T06:34:44.893Z] GET /api/analytics/stats
[2026-07-26T06:34:44.893Z] GET /zone/state
[2026-07-26T06:34:44.898Z] GET /api/analytics/stats
[2026-07-26T06:34:44.903Z] GET /api/analytics/stats
[2026-07-26T06:34:44.904Z] GET /api/analytics/stats
[2026-07-26T06:34:44.916Z] GET /alerts
[2026-07-26T06:34:44.921Z] GET /alerts
[2026-07-26T06:34:44.931Z] GET /alerts
[2026-07-26T06:34:44.935Z] GET /alerts
[2026-07-26T06:35:56.336Z] GET /zone/state
[2026-07-26T06:35:56.337Z] GET /zone/state
[2026-07-26T06:35:56.342Z] GET /api/analytics/stats
[2026-07-26T06:35:56.343Z] GET /zone/state
[2026-07-26T06:35:56.345Z] GET /api/analytics/stats
[2026-07-26T06:35:56.348Z] GET /zone/state
[2026-07-26T06:35:56.352Z] GET /api/analytics/stats
[2026-07-26T06:35:56.353Z] GET /api/analytics/stats
[2026-07-26T06:35:56.364Z] GET /alerts
[2026-07-26T06:35:56.365Z] GET /alerts
[2026-07-26T06:35:56.368Z] GET /alerts
[2026-07-26T06:35:56.369Z] GET /alerts
[2026-07-26T18:41:13.894Z] GET /api/analytics/stats
[2026-07-26T18:41:13.897Z] GET /api/analytics/stats

[2026-07-26T18:41:13.899Z]
GET
/api/analytics/stats
[2026-07-26T18:43:15.622Z] GET /alerts
[2026-07-26T18:43:15.623Z] GET /alerts

[2026-07-26T18:43:15.624Z]
GET
/alerts
[2026-07-26T18:43:15.632Z] GET /alerts
[2026-07-26T18:43:15.633Z] GET /alerts

[2026-07-26T18:43:15.634Z]
GET
/alerts
[2026-07-26T18:43:15.915Z] GET /api/analytics/stats
[2026-07-26T18:43:15.916Z] GET /api/analytics/stats

[2026-07-26T18:43:15.917Z]
GET
/api/analytics/stats
[2026-07-26T18:43:15.968Z] GET /api/analytics/stats
[2026-07-26T18:43:15.970Z] GET /api/analytics/stats

[2026-07-26T18:43:15.971Z]
GET
/api/analytics/stats
[2026-07-26T18:43:18.794Z] GET /zone/state
[2026-07-26T18:43:18.795Z] GET /zone/state

[2026-07-26T18:43:18.796Z]
GET
/zone/state
[2026-07-26T18:43:18.804Z] GET /alerts
[2026-07-26T18:43:18.806Z] GET /alerts

[2026-07-26T18:43:18.807Z]
GET
/alerts
[2026-07-26T18:43:21.804Z] GET /zone/state
[2026-07-26T18:43:21.805Z] GET /zone/state

[2026-07-26T18:43:21.806Z]
GET
/zone/state
[2026-07-26T18:43:21.812Z] GET /alerts
[2026-07-26T18:43:21.814Z] GET /alerts

[2026-07-26T18:43:21.814Z]
GET
/alerts
[2026-07-26T18:43:24.793Z] GET /zone/state
[2026-07-26T18:43:24.795Z] GET /zone/state

[2026-07-26T18:43:24.796Z]
GET
/zone/state
[2026-07-26T18:43:24.804Z] GET /alerts
[2026-07-26T18:43:24.806Z] GET /alerts

[2026-07-26T18:43:24.807Z]
GET
/alerts
[2026-07-26T18:43:27.789Z] GET /zone/state
[2026-07-26T18:43:27.791Z] GET /zone/state

[2026-07-26T18:43:27.791Z]
GET
/zone/state
[2026-07-26T18:43:27.797Z] GET /alerts
[2026-07-26T18:43:27.799Z] GET /alerts

[2026-07-26T18:43:27.800Z]
GET
/alerts
[2026-07-26T18:43:30.792Z] GET /zone/state
[2026-07-26T18:43:30.794Z] GET /zone/state

[2026-07-26T18:43:30.796Z]
GET
/zone/state
[2026-07-26T18:43:30.812Z] GET /alerts
[2026-07-26T18:43:30.814Z] GET /alerts

[2026-07-26T18:43:30.815Z]
GET
/alerts
[2026-07-26T18:43:33.800Z] GET /zone/state
[2026-07-26T18:43:33.801Z] GET /zone/state

[2026-07-26T18:43:33.802Z]
GET
/zone/state
[2026-07-26T18:43:33.809Z] GET /alerts
[2026-07-26T18:43:33.811Z] GET /alerts

[2026-07-26T18:43:33.811Z]
GET
/alerts
[2026-07-26T18:43:36.796Z] GET /zone/state
[2026-07-26T18:43:36.797Z] GET /zone/state

[2026-07-26T18:43:36.797Z]
GET
/zone/state
[2026-07-26T18:43:36.803Z] GET /alerts
[2026-07-26T18:43:36.803Z] GET /alerts

[2026-07-26T18:43:36.804Z]
GET
/alerts
[2026-07-26T18:43:39.788Z] GET /zone/state
[2026-07-26T18:43:39.788Z] GET /zone/state

[2026-07-26T18:43:39.789Z]
GET
/zone/state
[2026-07-26T18:43:39.795Z] GET /alerts
[2026-07-26T18:43:39.796Z] GET /alerts

[2026-07-26T18:43:39.796Z]
GET
/alerts
[2026-07-26T18:43:42.796Z] GET /zone/state
[2026-07-26T18:43:42.797Z] GET /zone/state

[2026-07-26T18:43:42.797Z]
GET
/zone/state
[2026-07-26T18:43:42.805Z] GET /alerts
[2026-07-26T18:43:42.805Z] GET /alerts

[2026-07-26T18:43:42.806Z]
GET
/alerts
[2026-07-26T18:43:45.801Z] GET /zone/state
[2026-07-26T18:43:45.802Z] GET /zone/state

[2026-07-26T18:43:45.803Z]
GET
/zone/state
[2026-07-26T18:43:45.808Z] GET /alerts
[2026-07-26T18:43:45.809Z] GET /alerts

[2026-07-26T18:43:45.810Z]
GET
/alerts
[2026-07-26T18:43:48.798Z] GET /zone/state
[2026-07-26T18:43:48.799Z] GET /zone/state

[2026-07-26T18:43:48.799Z]
GET
/zone/state
[2026-07-26T18:43:48.806Z] GET /alerts
[2026-07-26T18:43:48.807Z] GET /alerts

[2026-07-26T18:43:48.808Z]
GET
/alerts
[2026-07-26T18:43:51.795Z] GET /zone/state
[2026-07-26T18:43:51.797Z] GET /zone/state

[2026-07-26T18:43:51.798Z]
GET
/zone/state
[2026-07-26T18:43:51.807Z] GET /alerts
[2026-07-26T18:43:51.809Z] GET /alerts

[2026-07-26T18:43:51.810Z]
GET
/alerts
[2026-07-26T18:43:54.791Z] GET /zone/state
[2026-07-26T18:43:54.793Z] GET /zone/state

[2026-07-26T18:43:54.793Z]
GET
/zone/state
[2026-07-26T18:43:54.800Z] GET /alerts
[2026-07-26T18:43:54.801Z] GET /alerts

[2026-07-26T18:43:54.802Z]
GET
/alerts
[2026-07-26T18:43:57.802Z] GET /zone/state
[2026-07-26T18:43:57.803Z] GET /zone/state

[2026-07-26T18:43:57.803Z]
GET
/zone/state
[2026-07-26T18:43:57.810Z] GET /alerts
[2026-07-26T18:43:57.811Z] GET /alerts

[2026-07-26T18:43:57.812Z]
GET
/alerts
[2026-07-26T18:44:00.803Z] GET /zone/state
[2026-07-26T18:44:00.804Z] GET /zone/state

[2026-07-26T18:44:00.805Z]
GET
/zone/state
[2026-07-26T18:44:00.813Z] GET /alerts
[2026-07-26T18:44:00.814Z] GET /alerts

[2026-07-26T18:44:00.815Z]
GET
/alerts
[2026-07-26T18:44:03.799Z] GET /zone/state
[2026-07-26T18:44:03.800Z] GET /zone/state

[2026-07-26T18:44:03.801Z]
GET
/zone/state
[2026-07-26T18:44:03.809Z] GET /alerts
[2026-07-26T18:44:03.810Z] GET /alerts

[2026-07-26T18:44:03.811Z]
GET
/alerts
[2026-07-26T18:44:06.797Z] GET /zone/state
[2026-07-26T18:44:06.798Z] GET /zone/state

[2026-07-26T18:44:06.798Z]
GET
/zone/state
[2026-07-26T18:44:06.807Z] GET /alerts
[2026-07-26T18:44:06.808Z] GET /alerts

[2026-07-26T18:44:06.809Z]
GET
/alerts
[2026-07-26T18:44:09.796Z] GET /zone/state
[2026-07-26T18:44:09.797Z] GET /zone/state

[2026-07-26T18:44:09.798Z]
GET
/zone/state
[2026-07-26T18:44:09.805Z] GET /alerts
[2026-07-26T18:44:09.807Z] GET /alerts

[2026-07-26T18:44:09.808Z]
GET
/alerts
[2026-07-26T18:44:12.801Z] GET /zone/state
[2026-07-26T18:44:12.803Z] GET /zone/state

[2026-07-26T18:44:12.804Z]
GET
/zone/state
[2026-07-26T18:44:12.812Z] GET /alerts
[2026-07-26T18:44:12.814Z] GET /alerts

[2026-07-26T18:44:12.815Z]
GET
/alerts
[2026-07-26T18:44:15.791Z] GET /zone/state
[2026-07-26T18:44:15.792Z] GET /zone/state

[2026-07-26T18:44:15.793Z]
GET
/zone/state
[2026-07-26T18:44:15.800Z] GET /alerts
[2026-07-26T18:44:15.802Z] GET /alerts

[2026-07-26T18:44:15.804Z]
GET
/alerts
[2026-07-26T18:44:29.797Z] GET /zone/state
[2026-07-26T18:44:29.798Z] GET /zone/state

[2026-07-26T18:44:29.800Z]
GET
/zone/state
[2026-07-26T18:44:29.810Z] GET /alerts
[2026-07-26T18:44:29.812Z] GET /alerts

[2026-07-26T18:44:29.814Z]
GET
/alerts
[2026-07-26T18:45:29.797Z] GET /zone/state
[2026-07-26T18:45:29.799Z] GET /zone/state

[2026-07-26T18:45:29.800Z]
GET
/zone/state
[2026-07-26T18:45:29.810Z] GET /alerts
[2026-07-26T18:45:29.811Z] GET /alerts

[2026-07-26T18:45:29.813Z]
GET
/alerts
[2026-07-26T18:46:29.794Z] GET /zone/state
[2026-07-26T18:46:29.795Z] GET /zone/state

[2026-07-26T18:46:29.796Z]
GET
/zone/state
[2026-07-26T18:46:29.805Z] GET /alerts
[2026-07-26T18:46:29.807Z] GET /alerts

[2026-07-26T18:46:29.808Z]
GET
/alerts
[2026-07-26T18:47:29.793Z] GET /zone/state
[2026-07-26T18:47:29.795Z] GET /zone/state

[2026-07-26T18:47:29.796Z]
GET
/zone/state
[2026-07-26T18:47:29.806Z] GET /alerts
[2026-07-26T18:47:29.808Z] GET /alerts

[2026-07-26T18:47:29.810Z]
GET
/alerts
[2026-07-26T18:48:29.803Z] GET /zone/state
[2026-07-26T18:48:29.804Z] GET /zone/state

[2026-07-26T18:48:29.804Z]
GET
/zone/state
[2026-07-26T18:48:29.813Z] GET /alerts
[2026-07-26T18:48:29.815Z] GET /alerts

[2026-07-26T18:48:29.816Z]
GET
/alerts
[2026-07-26T18:49:29.801Z] GET /zone/state
[2026-07-26T18:49:29.802Z] GET /zone/state

[2026-07-26T18:49:29.802Z]
GET
/zone/state
[2026-07-26T18:49:29.808Z] GET /alerts
[2026-07-26T18:49:29.810Z] GET /alerts

[2026-07-26T18:49:29.810Z]
GET
/alerts
[2026-07-26T18:50:29.797Z] GET /zone/state
[2026-07-26T18:50:29.798Z] GET /zone/state

[2026-07-26T18:50:29.799Z]
GET
/zone/state
[2026-07-26T18:50:29.809Z] GET /alerts
[2026-07-26T18:50:29.810Z] GET /alerts

[2026-07-26T18:50:29.811Z]
GET
/alerts
[2026-07-26T18:51:29.806Z] GET /zone/state
[2026-07-26T18:51:29.807Z] GET /zone/state

[2026-07-26T18:51:29.808Z]
GET
/zone/state
[2026-07-26T18:51:29.815Z] GET /alerts
[2026-07-26T18:51:29.817Z] GET /alerts

[2026-07-26T18:51:29.818Z]
GET
/alerts
[2026-07-26T18:52:29.803Z] GET /zone/state
[2026-07-26T18:52:29.804Z] GET /zone/state

[2026-07-26T18:52:29.805Z]
GET
/zone/state
[2026-07-26T18:52:29.813Z] GET /alerts
[2026-07-26T18:52:29.815Z] GET /alerts

[2026-07-26T18:52:29.817Z]
GET
/alerts
[2026-07-26T18:53:29.809Z] GET /zone/state
[2026-07-26T18:53:29.810Z] GET /zone/state

[2026-07-26T18:53:29.811Z]
GET
/zone/state
[2026-07-26T18:53:29.815Z] GET /alerts
[2026-07-26T18:53:29.816Z] GET /alerts

[2026-07-26T18:53:29.817Z]
GET
/alerts
[2026-07-26T18:54:29.796Z] GET /zone/state
[2026-07-26T18:54:29.797Z] GET /zone/state

[2026-07-26T18:54:29.797Z]
GET
/zone/state
[2026-07-26T18:54:29.806Z] GET /alerts
[2026-07-26T18:54:29.808Z] GET /alerts

[2026-07-26T18:54:29.809Z]
GET
/alerts
[2026-07-26T18:55:29.803Z] GET /zone/state
[2026-07-26T18:55:29.804Z] GET /zone/state

[2026-07-26T18:55:29.804Z]
GET
/zone/state
[2026-07-26T18:55:29.811Z] GET /alerts
[2026-07-26T18:55:29.814Z] GET /alerts

[2026-07-26T18:55:29.815Z]
GET
/alerts
[2026-07-26T18:56:29.799Z] GET /zone/state
[2026-07-26T18:56:29.800Z] GET /zone/state

[2026-07-26T18:56:29.801Z]
GET
/zone/state
[2026-07-26T18:56:29.808Z] GET /alerts
[2026-07-26T18:56:29.809Z] GET /alerts

[2026-07-26T18:56:29.810Z]
GET
/alerts
[2026-07-26T18:57:29.807Z] GET /zone/state
[2026-07-26T18:57:29.808Z] GET /zone/state

[2026-07-26T18:57:29.808Z]
GET
/zone/state
[2026-07-26T18:57:29.815Z] GET /alerts
[2026-07-26T18:57:29.816Z] GET /alerts

[2026-07-26T18:57:29.817Z]
GET
/alerts
[2026-07-26T18:58:29.802Z] GET /zone/state
[2026-07-26T18:58:29.803Z] GET /zone/state

[2026-07-26T18:58:29.803Z]
GET
/zone/state
[2026-07-26T18:58:29.812Z] GET /alerts
[2026-07-26T18:58:29.815Z] GET /alerts

[2026-07-26T18:58:29.816Z]
GET
/alerts
[2026-07-26T18:59:29.806Z] GET /zone/state
[2026-07-26T18:59:29.808Z] GET /zone/state

[2026-07-26T18:59:29.810Z]
GET
/zone/state
[2026-07-26T18:59:29.819Z] GET /alerts
[2026-07-26T18:59:29.820Z] GET /alerts

[2026-07-26T18:59:29.821Z]
GET
/alerts
[2026-07-26T19:00:29.801Z] GET /zone/state
[2026-07-26T19:00:29.802Z] GET /zone/state

[2026-07-26T19:00:29.804Z]
GET
/zone/state
[2026-07-26T19:00:29.811Z] GET /alerts
[2026-07-26T19:00:29.812Z] GET /alerts

[2026-07-26T19:00:29.814Z]
GET
/alerts
[2026-07-26T19:01:29.798Z] GET /zone/state
[2026-07-26T19:01:29.801Z] GET /zone/state

[2026-07-26T19:01:29.802Z]
GET
/zone/state
[2026-07-26T19:01:29.815Z] GET /alerts
[2026-07-26T19:01:29.817Z] GET /alerts

[2026-07-26T19:01:29.819Z]
GET
/alerts
[2026-07-26T19:02:29.807Z] GET /zone/state
[2026-07-26T19:02:29.808Z] GET /zone/state

[2026-07-26T19:02:29.809Z]
GET
/zone/state
[2026-07-26T19:02:29.815Z] GET /alerts
[2026-07-26T19:02:29.816Z] GET /alerts

[2026-07-26T19:02:29.816Z]
GET
/alerts
[2026-07-26T19:03:29.805Z] GET /zone/state
[2026-07-26T19:03:29.807Z] GET /zone/state

[2026-07-26T19:03:29.808Z]
GET
/zone/state
[2026-07-26T19:03:29.820Z] GET /alerts
[2026-07-26T19:03:29.821Z] GET /alerts

[2026-07-26T19:03:29.822Z]
GET
/alerts
[2026-07-26T19:04:29.805Z] GET /zone/state
[2026-07-26T19:04:29.806Z] GET /zone/state

[2026-07-26T19:04:29.807Z]
GET
/zone/state
[2026-07-26T19:04:29.817Z] GET /alerts
[2026-07-26T19:04:29.819Z] GET /alerts

[2026-07-26T19:04:29.821Z]
GET
/alerts
[2026-07-26T19:05:29.796Z] GET /zone/state
[2026-07-26T19:05:29.797Z] GET /zone/state

[2026-07-26T19:05:29.798Z]
GET
/zone/state
[2026-07-26T19:05:29.807Z] GET /alerts
[2026-07-26T19:05:29.808Z] GET /alerts

[2026-07-26T19:05:29.809Z]
GET
/alerts
[2026-07-26T19:06:29.802Z] GET /zone/state
[2026-07-26T19:06:29.802Z] GET /zone/state

[2026-07-26T19:06:29.803Z]
GET
/zone/state
[2026-07-26T19:06:29.809Z] GET /alerts
[2026-07-26T19:06:29.810Z] GET /alerts

[2026-07-26T19:06:29.811Z]
GET
/alerts
[2026-07-26T19:07:29.801Z] GET /zone/state
[2026-07-26T19:07:29.802Z] GET /zone/state

[2026-07-26T19:07:29.802Z]
GET
/zone/state
[2026-07-26T19:07:29.811Z] GET /alerts
[2026-07-26T19:07:29.812Z] GET /alerts

[2026-07-26T19:07:29.812Z]
GET
/alerts
[2026-07-26T19:08:29.796Z] GET /zone/state
[2026-07-26T19:08:29.797Z] GET /zone/state

[2026-07-26T19:08:29.798Z]
GET
/zone/state
[2026-07-26T19:08:29.810Z] GET /alerts
[2026-07-26T19:08:29.813Z] GET /alerts

[2026-07-26T19:08:29.814Z]
GET
/alerts
[2026-07-26T19:09:29.808Z] GET /zone/state
[2026-07-26T19:09:29.810Z] GET /zone/state

[2026-07-26T19:09:29.811Z]
GET
/zone/state
[2026-07-26T19:09:29.824Z] GET /alerts
[2026-07-26T19:09:29.825Z] GET /alerts

[2026-07-26T19:09:29.826Z]
GET
/alerts
[2026-07-26T19:10:29.795Z] GET /zone/state
[2026-07-26T19:10:29.797Z] GET /zone/state

[2026-07-26T19:10:29.797Z]
GET
/zone/state
[2026-07-26T19:10:29.802Z] GET /alerts
[2026-07-26T19:10:29.803Z] GET /alerts

[2026-07-26T19:10:29.803Z]
GET
/alerts
[2026-07-26T19:11:29.793Z] GET /zone/state
[2026-07-26T19:11:29.795Z] GET /zone/state

[2026-07-26T19:11:29.795Z]
GET
/zone/state
[2026-07-26T19:11:29.801Z] GET /alerts
[2026-07-26T19:11:29.802Z] GET /alerts

[2026-07-26T19:11:29.803Z]
GET
/alerts
[2026-07-26T19:12:29.812Z] GET /zone/state
[2026-07-26T19:12:29.813Z] GET /zone/state

[2026-07-26T19:12:29.813Z]
GET
/zone/state
[2026-07-26T19:12:29.820Z] GET /alerts
[2026-07-26T19:12:29.821Z] GET /alerts

[2026-07-26T19:12:29.822Z]
GET
/alerts
[2026-07-26T19:13:29.807Z] GET /zone/state
[2026-07-26T19:13:29.807Z] GET /zone/state

[2026-07-26T19:13:29.808Z]
GET
/zone/state
[2026-07-26T19:13:29.813Z] GET /alerts
[2026-07-26T19:13:29.814Z] GET /alerts

[2026-07-26T19:13:29.814Z]
GET
/alerts
[2026-07-26T19:14:29.807Z] GET /zone/state
[2026-07-26T19:14:29.808Z] GET /zone/state

[2026-07-26T19:14:29.809Z]
GET
/zone/state
[2026-07-26T19:14:29.817Z] GET /alerts
[2026-07-26T19:14:29.818Z] GET /alerts

[2026-07-26T19:14:29.819Z]
GET
/alerts
[2026-07-26T19:15:29.814Z] GET /zone/state
[2026-07-26T19:15:29.815Z] GET /zone/state

[2026-07-26T19:15:29.816Z]
GET
/zone/state
[2026-07-26T19:15:29.829Z] GET /alerts
[2026-07-26T19:15:29.830Z] GET /alerts

[2026-07-26T19:15:29.831Z]
GET
/alerts
[2026-07-26T19:16:29.798Z] GET /zone/state
[2026-07-26T19:16:29.799Z] GET /zone/state

[2026-07-26T19:16:29.799Z]
GET
/zone/state
[2026-07-26T19:16:29.806Z] GET /alerts
[2026-07-26T19:16:29.807Z] GET /alerts

[2026-07-26T19:16:29.807Z]
GET
/alerts
[2026-07-26T19:17:29.801Z] GET /zone/state
[2026-07-26T19:17:29.802Z] GET /zone/state

[2026-07-26T19:17:29.803Z]
GET
/zone/state
[2026-07-26T19:17:29.809Z] GET /alerts
[2026-07-26T19:17:29.810Z] GET /alerts

[2026-07-26T19:17:29.811Z]
GET
/alerts
[2026-07-26T19:18:29.798Z] GET /zone/state
[2026-07-26T19:18:29.799Z] GET /zone/state

[2026-07-26T19:18:29.800Z]
GET
/zone/state
[2026-07-26T19:18:29.807Z] GET /alerts
[2026-07-26T19:18:29.808Z] GET /alerts

[2026-07-26T19:18:29.809Z]
GET
/alerts
[2026-07-26T19:19:29.803Z] GET /zone/state
[2026-07-26T19:19:29.804Z] GET /zone/state

[2026-07-26T19:19:29.805Z]
GET
/zone/state
[2026-07-26T19:19:29.815Z] GET /alerts
[2026-07-26T19:19:29.816Z] GET /alerts

[2026-07-26T19:19:29.817Z]
GET
/alerts
[2026-07-26T19:20:29.796Z] GET /zone/state
[2026-07-26T19:20:29.797Z] GET /zone/state

[2026-07-26T19:20:29.798Z]
GET
/zone/state
[2026-07-26T19:20:29.804Z] GET /alerts
[2026-07-26T19:20:29.805Z] GET /alerts

[2026-07-26T19:20:29.806Z]
GET
/alerts
[2026-07-26T19:21:29.801Z] GET /zone/state
[2026-07-26T19:21:29.802Z] GET /zone/state

[2026-07-26T19:21:29.803Z]
GET
/zone/state
[2026-07-26T19:21:29.809Z] GET /alerts
[2026-07-26T19:21:29.810Z] GET /alerts

[2026-07-26T19:21:29.811Z]
GET
/alerts
[2026-07-26T19:22:29.805Z] GET /zone/state
[2026-07-26T19:22:29.806Z] GET /zone/state

[2026-07-26T19:22:29.806Z]
GET
/zone/state
[2026-07-26T19:22:29.812Z] GET /alerts
[2026-07-26T19:22:29.812Z] GET /alerts

[2026-07-26T19:22:29.813Z]
GET
/alerts
[2026-07-26T19:23:29.804Z] GET /zone/state
[2026-07-26T19:23:29.805Z] GET /zone/state

[2026-07-26T19:23:29.806Z]
GET
/zone/state
[2026-07-26T19:23:29.812Z] GET /alerts
[2026-07-26T19:23:29.813Z] GET /alerts

[2026-07-26T19:23:29.814Z]
GET
/alerts
[2026-07-26T19:24:29.807Z] GET /zone/state
[2026-07-26T19:24:29.808Z] GET /zone/state

[2026-07-26T19:24:29.808Z]
GET
/zone/state
[2026-07-26T19:24:29.820Z] GET /alerts
[2026-07-26T19:24:29.821Z] GET /alerts

[2026-07-26T19:24:29.822Z]
GET
/alerts
[2026-07-26T19:24:49.837Z] GET /api/analytics/stats
[2026-07-26T19:24:49.838Z] GET /api/analytics/stats

[2026-07-26T19:24:49.838Z]
GET
/api/analytics/stats
[2026-07-26T19:24:53.305Z] GET /zone/state
[2026-07-26T19:24:53.306Z] GET /zone/state

[2026-07-26T19:24:53.307Z]
GET
/zone/state
[2026-07-26T19:24:53.342Z] GET /alerts
[2026-07-26T19:24:53.343Z] GET /alerts

[2026-07-26T19:24:53.343Z]
GET
/alerts
[2026-07-26T19:24:54.573Z] GET /zone/state
[2026-07-26T19:24:54.574Z] GET /zone/state

[2026-07-26T19:24:54.574Z]
GET
/zone/state
[2026-07-26T19:24:54.579Z] GET /alerts
[2026-07-26T19:24:54.580Z] GET /alerts

[2026-07-26T19:24:54.580Z]
GET
/alerts
[2026-07-26T19:36:44.717Z] GET /zone/state
[2026-07-26T19:36:44.719Z] GET /zone/state

[2026-07-26T19:36:44.720Z]
GET
/zone/state
[2026-07-26T19:36:44.726Z] GET /zone/state
[2026-07-26T19:36:44.727Z] GET /api/analytics/stats
[2026-07-26T19:36:44.727Z] GET /zone/state

[2026-07-26T19:36:44.728Z]
GET
/zone/state
[2026-07-26T19:36:44.731Z] GET /api/analytics/stats

[2026-07-26T19:36:44.731Z]
GET
/api/analytics/stats
[2026-07-26T19:36:44.734Z] GET /api/analytics/stats
[2026-07-26T19:36:44.734Z] GET /api/analytics/stats

[2026-07-26T19:36:44.735Z]
GET
/api/analytics/stats
[2026-07-26T19:36:44.822Z] GET /alerts
[2026-07-26T19:36:44.822Z] GET /alerts

[2026-07-26T19:36:44.823Z]
GET
/alerts
[2026-07-26T19:36:44.825Z] GET /alerts
[2026-07-26T19:36:44.826Z] GET /alerts

[2026-07-26T19:36:44.826Z]
GET
/alerts
[2026-07-26T19:36:47.723Z] GET /zone/state
[2026-07-26T19:36:47.724Z] GET /zone/state

[2026-07-26T19:36:47.725Z]
GET
/zone/state
[2026-07-26T19:36:47.730Z] GET /alerts
[2026-07-26T19:36:47.730Z] GET /alerts

[2026-07-26T19:36:47.731Z]
GET
/alerts
[2026-07-26T19:39:15.873Z] GET /zone/state
[2026-07-26T19:39:15.874Z] GET /api/analytics/stats
[2026-07-26T19:39:15.875Z] GET /zone/state

[2026-07-26T19:39:15.877Z]
GET
/zone/state
[2026-07-26T19:39:15.884Z] GET /zone/state
[2026-07-26T19:39:15.885Z] GET /api/analytics/stats

[2026-07-26T19:39:15.886Z]
GET
/api/analytics/stats
[2026-07-26T19:39:15.889Z] GET /api/analytics/stats
[2026-07-26T19:39:15.890Z] GET /zone/state

[2026-07-26T19:39:15.891Z]
GET
/zone/state
[2026-07-26T19:39:15.894Z] GET /alerts
[2026-07-26T19:39:15.896Z] GET /api/analytics/stats

[2026-07-26T19:39:15.898Z]
GET
/api/analytics/stats
[2026-07-26T19:39:15.900Z] GET /alerts

[2026-07-26T19:39:15.901Z]
GET
/alerts
[2026-07-26T19:39:15.912Z] GET /alerts
[2026-07-26T19:39:15.913Z] GET /alerts

[2026-07-26T19:39:15.914Z]
GET
/alerts
[2026-07-26T19:41:16.826Z] GET /api/analytics/stats
[2026-07-26T19:41:16.827Z] GET /api/analytics/stats

[2026-07-26T19:41:16.828Z]
GET
/api/analytics/stats
[2026-07-26T19:41:22.355Z] GET /zone/state
[2026-07-26T19:41:22.355Z] GET /zone/state

[2026-07-26T19:41:22.356Z]
GET
/zone/state
[2026-07-26T19:41:22.360Z] GET /api/analytics/stats
[2026-07-26T19:41:22.362Z] GET /zone/state
[2026-07-26T19:41:22.363Z] GET /api/analytics/stats

[2026-07-26T19:41:22.364Z]
GET
/api/analytics/stats
[2026-07-26T19:41:22.366Z] GET /zone/state

[2026-07-26T19:41:22.367Z]
GET
/zone/state
[2026-07-26T19:41:22.370Z] GET /api/analytics/stats
[2026-07-26T19:41:22.371Z] GET /api/analytics/stats

[2026-07-26T19:41:22.372Z]
GET
/api/analytics/stats
[2026-07-26T19:41:22.375Z] GET /alerts
[2026-07-26T19:41:22.376Z] GET /alerts

[2026-07-26T19:41:22.377Z]
GET
/alerts
[2026-07-26T19:41:22.384Z] GET /alerts
[2026-07-26T19:41:22.385Z] GET /alerts

[2026-07-26T19:41:22.386Z]
GET
/alerts
[2026-07-26T19:46:37.854Z] GET /api/analytics/stats
[2026-07-26T19:46:37.856Z] GET /api/analytics/stats

[2026-07-26T19:46:37.857Z]
GET
/api/analytics/stats
[2026-07-26T19:52:08.494Z] GET /zone/state
[2026-07-26T19:52:08.496Z] GET /zone/state

[2026-07-26T19:52:08.497Z]
GET
/zone/state
[2026-07-26T19:52:08.501Z] GET /api/analytics/stats
[2026-07-26T19:52:08.503Z] GET /zone/state
[2026-07-26T19:52:08.504Z] GET /api/analytics/stats

[2026-07-26T19:52:08.505Z]
GET
/api/analytics/stats
[2026-07-26T19:52:08.507Z] GET /zone/state

[2026-07-26T19:52:08.508Z]
GET
/zone/state
[2026-07-26T19:52:08.511Z] GET /api/analytics/stats
[2026-07-26T19:52:08.511Z] GET /api/analytics/stats

[2026-07-26T19:52:08.512Z]
GET
/api/analytics/stats
[2026-07-26T19:52:08.539Z] GET /alerts
[2026-07-26T19:52:08.541Z] GET /alerts

[2026-07-26T19:52:08.548Z]
GET
/alerts
[2026-07-26T19:52:08.559Z] GET /alerts
[2026-07-26T19:52:08.563Z] GET /alerts

[2026-07-26T19:52:08.565Z]
GET
/alerts
[2026-07-26T19:52:11.502Z] GET /zone/state
[2026-07-26T19:52:11.504Z] GET /zone/state

[2026-07-26T19:52:11.506Z]
GET
/zone/state
[2026-07-26T19:52:11.512Z] GET /alerts
[2026-07-26T19:52:11.513Z] GET /alerts

[2026-07-26T19:52:11.518Z]
GET
/alerts
[2026-07-26T19:52:14.498Z] GET /zone/state
[2026-07-26T19:52:14.499Z] GET /zone/state

[2026-07-26T19:52:14.499Z]
GET
/zone/state
[2026-07-26T19:52:14.505Z] GET /alerts
[2026-07-26T19:52:14.506Z] GET /alerts

[2026-07-26T19:52:14.507Z]
GET
/alerts
[2026-07-26T19:52:17.502Z] GET /zone/state
[2026-07-26T19:52:17.505Z] GET /zone/state

[2026-07-26T19:52:17.506Z]
GET
/zone/state
[2026-07-26T19:52:17.514Z] GET /alerts
[2026-07-26T19:52:17.516Z] GET /alerts

[2026-07-26T19:52:17.518Z]
GET
/alerts
[2026-07-26T19:52:20.504Z] GET /zone/state
[2026-07-26T19:52:20.505Z] GET /zone/state

[2026-07-26T19:52:20.509Z]
GET
/zone/state
[2026-07-26T19:52:20.514Z] GET /alerts
[2026-07-26T19:52:20.515Z] GET /alerts

[2026-07-26T19:52:20.516Z]
GET
/alerts
[2026-07-26T19:52:23.510Z] GET /zone/state
[2026-07-26T19:52:23.511Z] GET /zone/state

[2026-07-26T19:52:23.513Z]
GET
/zone/state
[2026-07-26T19:52:23.519Z] GET /alerts
[2026-07-26T19:52:23.520Z] GET /alerts

[2026-07-26T19:52:23.521Z]
GET
/alerts
[2026-07-26T19:52:26.513Z] GET /zone/state
[2026-07-26T19:52:26.515Z] GET /zone/state

[2026-07-26T19:52:26.516Z]
GET
/zone/state
[2026-07-26T19:52:26.523Z] GET /alerts
[2026-07-26T19:52:26.536Z] GET /alerts

[2026-07-26T19:52:26.536Z]
GET
/alerts
[2026-07-26T19:52:29.500Z] GET /zone/state
[2026-07-26T19:52:29.502Z] GET /zone/state

[2026-07-26T19:52:29.505Z]
GET
/zone/state
[2026-07-26T19:52:29.512Z] GET /alerts
[2026-07-26T19:52:29.513Z] GET /alerts

[2026-07-26T19:52:29.515Z]
GET
/alerts
[2026-07-26T19:52:32.507Z] GET /zone/state
[2026-07-26T19:52:32.508Z] GET /zone/state

[2026-07-26T19:52:32.509Z]
GET
/zone/state
[2026-07-26T19:52:32.514Z] GET /alerts
[2026-07-26T19:52:32.515Z] GET /alerts

[2026-07-26T19:52:32.515Z]
GET
/alerts
[2026-07-26T19:52:35.506Z] GET /zone/state
[2026-07-26T19:52:35.508Z] GET /zone/state

[2026-07-26T19:52:35.513Z]
GET
/zone/state
[2026-07-26T19:52:35.516Z] GET /alerts
[2026-07-26T19:52:35.517Z] GET /alerts

[2026-07-26T19:52:35.519Z]
GET
/alerts
[2026-07-26T19:52:38.508Z] GET /zone/state
[2026-07-26T19:52:38.510Z] GET /zone/state

[2026-07-26T19:52:38.510Z]
GET
/zone/state
[2026-07-26T19:52:38.515Z] GET /alerts
[2026-07-26T19:52:38.516Z] GET /alerts

[2026-07-26T19:52:38.517Z]
GET
/alerts
[2026-07-26T19:52:41.506Z] GET /zone/state
[2026-07-26T19:52:41.507Z] GET /zone/state

[2026-07-26T19:52:41.509Z]
GET
/zone/state
[2026-07-26T19:52:41.527Z] GET /alerts
[2026-07-26T19:52:41.528Z] GET /alerts

[2026-07-26T19:52:41.529Z]
GET
/alerts
[2026-07-27T04:49:57.454Z] GET /zone/state
[2026-07-27T04:49:57.459Z] GET /api/analytics/stats
[2026-07-27T04:49:57.460Z] GET /zone/state

[2026-07-27T04:49:57.462Z]
GET
/zone/state
[2026-07-27T04:49:57.477Z] GET /zone/state
[2026-07-27T04:49:57.478Z] GET /api/analytics/stats

[2026-07-27T04:49:57.479Z]
GET
/api/analytics/stats
[2026-07-27T04:49:57.484Z] GET /api/analytics/stats
[2026-07-27T04:49:57.485Z] GET /zone/state

[2026-07-27T04:49:57.486Z]
GET
/zone/state
[2026-07-27T04:49:57.489Z] GET /api/analytics/stats

[2026-07-27T04:49:57.490Z]
GET
/api/analytics/stats
[2026-07-27T04:49:57.497Z] GET /alerts
[2026-07-27T04:49:57.498Z] GET /alerts

[2026-07-27T04:49:57.499Z]
GET
/alerts
[2026-07-27T04:49:57.509Z] GET /alerts
[2026-07-27T04:49:57.510Z] GET /alerts

[2026-07-27T04:49:57.511Z]
GET
/alerts
[2026-07-27T04:50:00.457Z] GET /zone/state
[2026-07-27T04:50:00.459Z] GET /zone/state

[2026-07-27T04:50:00.468Z]
GET
/zone/state
[2026-07-27T04:50:00.481Z] GET /alerts
[2026-07-27T04:50:00.482Z] GET /alerts

[2026-07-27T04:50:00.485Z]
GET
/alerts
[2026-07-27T04:50:03.449Z] GET /zone/state
[2026-07-27T04:50:03.450Z] GET /zone/state

[2026-07-27T04:50:03.451Z]
GET
/zone/state
[2026-07-27T04:50:03.491Z] GET /alerts
[2026-07-27T04:50:03.494Z] GET /alerts

[2026-07-27T04:50:03.496Z]
GET
/alerts
[2026-07-27T04:50:06.453Z] GET /zone/state
[2026-07-27T04:50:06.454Z] GET /zone/state

[2026-07-27T04:50:06.455Z]
GET
/zone/state
[2026-07-27T04:50:06.462Z] GET /alerts
[2026-07-27T04:50:06.463Z] GET /alerts

[2026-07-27T04:50:06.464Z]
GET
/alerts
[2026-07-27T04:50:09.458Z] GET /zone/state
[2026-07-27T04:50:09.459Z] GET /zone/state

[2026-07-27T04:50:09.459Z]
GET
/zone/state
[2026-07-27T04:50:09.467Z] GET /alerts
[2026-07-27T04:50:09.467Z] GET /alerts

[2026-07-27T04:50:09.468Z]
GET
/alerts
[2026-07-27T04:50:12.452Z] GET /zone/state
[2026-07-27T04:50:12.453Z] GET /zone/state

[2026-07-27T04:50:12.454Z]
GET
/zone/state
[2026-07-27T04:50:12.458Z] GET /alerts
[2026-07-27T04:50:12.458Z] GET /alerts

[2026-07-27T04:50:12.459Z]
GET
/alerts
[2026-07-27T04:50:15.453Z] GET /zone/state
[2026-07-27T04:50:15.455Z] GET /zone/state

[2026-07-27T04:50:15.455Z]
GET
/zone/state
[2026-07-27T04:50:15.462Z] GET /alerts
[2026-07-27T04:50:15.463Z] GET /alerts

[2026-07-27T04:50:15.463Z]
GET
/alerts
[2026-07-27T04:50:18.463Z] GET /zone/state
[2026-07-27T04:50:18.464Z] GET /zone/state

[2026-07-27T04:50:18.465Z]
GET
/zone/state
[2026-07-27T04:50:18.469Z] GET /alerts
[2026-07-27T04:50:18.470Z] GET /alerts

[2026-07-27T04:50:18.471Z]
GET
/alerts
[2026-07-27T04:50:21.462Z] GET /zone/state
[2026-07-27T04:50:21.463Z] GET /zone/state

[2026-07-27T04:50:21.464Z]
GET
/zone/state
[2026-07-27T04:50:21.470Z] GET /alerts
[2026-07-27T04:50:21.472Z] GET /alerts

[2026-07-27T04:50:21.472Z]
GET
/alerts
[2026-07-27T04:50:24.465Z] GET /zone/state
[2026-07-27T04:50:24.468Z] GET /zone/state

[2026-07-27T04:50:24.469Z]
GET
/zone/state
[2026-07-27T04:50:24.476Z] GET /alerts
[2026-07-27T04:50:24.478Z] GET /alerts

[2026-07-27T04:50:24.480Z]
GET
/alerts
[2026-07-27T04:50:27.450Z] GET /zone/state
[2026-07-27T04:50:27.452Z] GET /zone/state

[2026-07-27T04:50:27.453Z]
GET
/zone/state
[2026-07-27T04:50:27.459Z] GET /alerts
[2026-07-27T04:50:27.460Z] GET /alerts

[2026-07-27T04:50:27.461Z]
GET
/alerts
[2026-07-27T04:50:30.452Z] GET /zone/state
[2026-07-27T04:50:30.453Z] GET /zone/state

[2026-07-27T04:50:30.454Z]
GET
/zone/state
[2026-07-27T04:50:30.460Z] GET /alerts
[2026-07-27T04:50:30.461Z] GET /alerts

[2026-07-27T04:50:30.463Z]
GET
/alerts
[2026-07-27T04:50:33.452Z] GET /zone/state
[2026-07-27T04:50:33.454Z] GET /zone/state

[2026-07-27T04:50:33.455Z]
GET
/zone/state
[2026-07-27T04:50:33.462Z] GET /alerts
[2026-07-27T04:50:33.463Z] GET /alerts

[2026-07-27T04:50:33.466Z]
GET
/alerts
[2026-07-27T04:50:36.845Z] GET /zone/state
[2026-07-27T04:50:36.846Z] GET /zone/state

[2026-07-27T04:50:36.847Z]
GET
/zone/state
[2026-07-27T04:50:36.853Z] GET /alerts
[2026-07-27T04:50:36.854Z] GET /alerts

[2026-07-27T04:50:36.855Z]
GET
/alerts
[2026-07-27T04:50:39.452Z] GET /zone/state
[2026-07-27T04:50:39.454Z] GET /zone/state

[2026-07-27T04:50:39.455Z]
GET
/zone/state
[2026-07-27T04:50:39.464Z] GET /alerts
[2026-07-27T04:50:39.466Z] GET /alerts

[2026-07-27T04:50:39.467Z]
GET
/alerts
[2026-07-27T04:50:42.464Z] GET /zone/state
[2026-07-27T04:50:42.465Z] GET /zone/state

[2026-07-27T04:50:42.466Z]
GET
/zone/state
[2026-07-27T04:50:42.586Z] GET /alerts
[2026-07-27T04:50:42.587Z] GET /alerts

[2026-07-27T04:50:42.587Z]
GET
/alerts
[2026-07-27T04:50:45.453Z] GET /zone/state
[2026-07-27T04:50:45.455Z] GET /zone/state

[2026-07-27T04:50:45.456Z]
GET
/zone/state
[2026-07-27T04:50:45.462Z] GET /alerts
[2026-07-27T04:50:45.463Z] GET /alerts

[2026-07-27T04:50:45.464Z]
GET
/alerts
[2026-07-27T04:50:48.461Z] GET /zone/state
[2026-07-27T04:50:48.461Z] GET /zone/state

[2026-07-27T04:50:48.462Z]
GET
/zone/state
[2026-07-27T04:50:48.465Z] GET /alerts
[2026-07-27T04:50:48.465Z] GET /alerts

[2026-07-27T04:50:48.465Z]
GET
/alerts
[2026-07-27T04:50:51.466Z] GET /zone/state
[2026-07-27T04:50:51.467Z] GET /zone/state

[2026-07-27T04:50:51.468Z]
GET
/zone/state
[2026-07-27T04:50:51.471Z] GET /alerts
[2026-07-27T04:50:51.472Z] GET /alerts

[2026-07-27T04:50:51.473Z]
GET
/alerts
[2026-07-27T04:50:54.454Z] GET /zone/state
[2026-07-27T04:50:54.455Z] GET /zone/state

[2026-07-27T04:50:54.455Z]
GET
/zone/state
[2026-07-27T04:50:54.459Z] GET /alerts
[2026-07-27T04:50:54.459Z] GET /alerts

[2026-07-27T04:50:54.460Z]
GET
/alerts
[2026-07-27T04:50:57.462Z] GET /zone/state
[2026-07-27T04:50:57.463Z] GET /zone/state

[2026-07-27T04:50:57.463Z]
GET
/zone/state
[2026-07-27T04:50:57.467Z] GET /alerts
[2026-07-27T04:50:57.467Z] GET /alerts

[2026-07-27T04:50:57.468Z]
GET
/alerts
[2026-07-27T04:51:00.456Z] GET /zone/state
[2026-07-27T04:51:00.457Z] GET /zone/state

[2026-07-27T04:51:00.458Z]
GET
/zone/state
[2026-07-27T04:51:00.464Z] GET /alerts
[2026-07-27T04:51:00.465Z] GET /alerts

[2026-07-27T04:51:00.465Z]
GET
/alerts
[2026-07-27T04:51:03.452Z] GET /zone/state
[2026-07-27T04:51:03.453Z] GET /zone/state

[2026-07-27T04:51:03.454Z]
GET
/zone/state
[2026-07-27T04:51:03.460Z] GET /alerts
[2026-07-27T04:51:03.461Z] GET /alerts

[2026-07-27T04:51:03.461Z]
GET
/alerts
[2026-07-27T04:51:06.456Z] GET /zone/state
[2026-07-27T04:51:06.456Z] GET /zone/state

[2026-07-27T04:51:06.457Z]
GET
/zone/state
[2026-07-27T04:51:06.461Z] GET /alerts
[2026-07-27T04:51:06.462Z] GET /alerts

[2026-07-27T04:51:06.463Z]
GET
/alerts
[2026-07-27T04:51:09.464Z] GET /zone/state
[2026-07-27T04:51:09.466Z] GET /zone/state

[2026-07-27T04:51:09.467Z]
GET
/zone/state
[2026-07-27T04:51:09.475Z] GET /alerts
[2026-07-27T04:51:09.477Z] GET /alerts

[2026-07-27T04:51:09.478Z]
GET
/alerts
[2026-07-27T04:51:12.462Z] GET /zone/state
[2026-07-27T04:51:12.463Z] GET /zone/state

[2026-07-27T04:51:12.463Z]
GET
/zone/state
[2026-07-27T04:51:12.467Z] GET /alerts
[2026-07-27T04:51:12.468Z] GET /alerts

[2026-07-27T04:51:12.469Z]
GET
/alerts
[2026-07-27T04:51:15.461Z] GET /zone/state
[2026-07-27T04:51:15.461Z] GET /zone/state

[2026-07-27T04:51:15.462Z]
GET
/zone/state
[2026-07-27T04:51:15.465Z] GET /alerts
[2026-07-27T04:51:15.466Z] GET /alerts

[2026-07-27T04:51:15.466Z]
GET
/alerts
[2026-07-27T04:51:18.457Z] GET /zone/state
[2026-07-27T04:51:18.459Z] GET /zone/state

[2026-07-27T04:51:18.460Z]
GET
/zone/state
[2026-07-27T04:51:18.467Z] GET /alerts
[2026-07-27T04:51:18.469Z] GET /alerts

[2026-07-27T04:51:18.471Z]
GET
/alerts
[2026-07-27T04:51:21.466Z] GET /zone/state
[2026-07-27T04:51:21.468Z] GET /zone/state

[2026-07-27T04:51:21.468Z]
GET
/zone/state
[2026-07-27T04:51:21.475Z] GET /alerts
[2026-07-27T04:51:21.478Z] GET /alerts

[2026-07-27T04:51:21.479Z]
GET
/alerts
[2026-07-27T04:51:24.456Z] GET /zone/state
[2026-07-27T04:51:24.457Z] GET /zone/state

[2026-07-27T04:51:24.458Z]
GET
/zone/state
[2026-07-27T04:51:24.465Z] GET /alerts
[2026-07-27T04:51:24.466Z] GET /alerts

[2026-07-27T04:51:24.467Z]
GET
/alerts
[2026-07-27T04:51:27.451Z] GET /zone/state
[2026-07-27T04:51:27.451Z] GET /zone/state

[2026-07-27T04:51:27.453Z]
GET
/zone/state
[2026-07-27T04:51:27.457Z] GET /alerts
[2026-07-27T04:51:27.458Z] GET /alerts

[2026-07-27T04:51:27.459Z]
GET
/alerts
[2026-07-27T04:51:30.453Z] GET /zone/state
[2026-07-27T04:51:30.454Z] GET /zone/state

[2026-07-27T04:51:30.455Z]
GET
/zone/state
[2026-07-27T04:51:30.462Z] GET /alerts
[2026-07-27T04:51:30.462Z] GET /alerts

[2026-07-27T04:51:30.463Z]
GET
/alerts
[2026-07-27T04:51:33.513Z] GET /zone/state
[2026-07-27T04:51:33.514Z] GET /zone/state

[2026-07-27T04:51:33.515Z]
GET
/zone/state
[2026-07-27T04:51:33.522Z] GET /alerts
[2026-07-27T04:51:33.523Z] GET /alerts

[2026-07-27T04:51:33.524Z]
GET
/alerts
[2026-07-27T04:51:36.836Z] GET /zone/state
[2026-07-27T04:51:36.838Z] GET /zone/state

[2026-07-27T04:51:36.839Z]
GET
/zone/state
[2026-07-27T04:51:36.847Z] GET /alerts
[2026-07-27T04:51:36.848Z] GET /alerts

[2026-07-27T04:51:36.849Z]
GET
/alerts
[2026-07-27T04:51:39.842Z] GET /zone/state
[2026-07-27T04:51:39.843Z] GET /zone/state

[2026-07-27T04:51:39.844Z]
GET
/zone/state
[2026-07-27T04:51:39.851Z] GET /alerts
[2026-07-27T04:51:39.853Z] GET /alerts

[2026-07-27T04:51:39.853Z]
GET
/alerts
[2026-07-27T04:51:42.798Z] GET /zone/state
[2026-07-27T04:51:42.799Z] GET /zone/state

[2026-07-27T04:51:42.799Z]
GET
/zone/state
[2026-07-27T04:51:42.806Z] GET /alerts
[2026-07-27T04:51:42.807Z] GET /alerts

[2026-07-27T04:51:42.808Z]
GET
/alerts
[2026-07-27T04:51:45.878Z] GET /zone/state
[2026-07-27T04:51:45.879Z] GET /zone/state

[2026-07-27T04:51:45.880Z]
GET
/zone/state
[2026-07-27T04:51:45.888Z] GET /alerts
[2026-07-27T04:51:45.889Z] GET /alerts

[2026-07-27T04:51:45.889Z]
GET
/alerts
[2026-07-27T04:51:48.453Z] GET /zone/state
[2026-07-27T04:51:48.454Z] GET /zone/state

[2026-07-27T04:51:48.454Z]
GET
/zone/state
[2026-07-27T04:51:48.459Z] GET /alerts
[2026-07-27T04:51:48.460Z] GET /alerts

[2026-07-27T04:51:48.460Z]
GET
/alerts
[2026-07-27T04:51:51.474Z] GET /zone/state
[2026-07-27T04:51:51.475Z] GET /zone/state

[2026-07-27T04:51:51.475Z]
GET
/zone/state
[2026-07-27T04:51:51.479Z] GET /alerts
[2026-07-27T04:51:51.480Z] GET /alerts

[2026-07-27T04:51:51.480Z]
GET
/alerts
[2026-07-27T04:51:54.833Z] GET /zone/state
[2026-07-27T04:51:54.833Z] GET /zone/state

[2026-07-27T04:51:54.834Z]
GET
/zone/state
[2026-07-27T04:51:54.838Z] GET /alerts
[2026-07-27T04:51:54.839Z] GET /alerts

[2026-07-27T04:51:54.840Z]
GET
/alerts
[2026-07-27T04:51:57.859Z] GET /zone/state
[2026-07-27T04:51:57.860Z] GET /zone/state

[2026-07-27T04:51:57.862Z]
GET
/zone/state
[2026-07-27T04:51:57.868Z] GET /alerts
[2026-07-27T04:51:57.869Z] GET /alerts

[2026-07-27T04:51:57.869Z]
GET
/alerts
[2026-07-27T04:52:00.843Z] GET /zone/state
[2026-07-27T04:52:00.845Z] GET /zone/state

[2026-07-27T04:52:00.846Z]
GET
/zone/state
[2026-07-27T04:52:00.854Z] GET /alerts
[2026-07-27T04:52:00.855Z] GET /alerts

[2026-07-27T04:52:00.856Z]
GET
/alerts
[2026-07-27T04:52:03.828Z] GET /zone/state
[2026-07-27T04:52:03.829Z] GET /zone/state

[2026-07-27T04:52:03.830Z]
GET
/zone/state
[2026-07-27T04:52:03.836Z] GET /alerts
[2026-07-27T04:52:03.837Z] GET /alerts

[2026-07-27T04:52:03.838Z]
GET
/alerts
[2026-07-27T04:52:06.840Z] GET /zone/state
[2026-07-27T04:52:06.841Z] GET /zone/state

[2026-07-27T04:52:06.842Z]
GET
/zone/state
[2026-07-27T04:52:06.849Z] GET /alerts
[2026-07-27T04:52:06.850Z] GET /alerts

[2026-07-27T04:52:06.851Z]
GET
/alerts
[2026-07-27T04:52:09.831Z] GET /zone/state
[2026-07-27T04:52:09.832Z] GET /zone/state

[2026-07-27T04:52:09.833Z]
GET
/zone/state
[2026-07-27T04:52:09.841Z] GET /alerts
[2026-07-27T04:52:09.842Z] GET /alerts

[2026-07-27T04:52:09.843Z]
GET
/alerts
[2026-07-27T04:52:12.839Z] GET /zone/state
[2026-07-27T04:52:12.840Z] GET /zone/state

[2026-07-27T04:52:12.842Z]
GET
/zone/state
[2026-07-27T04:52:12.850Z] GET /alerts
[2026-07-27T04:52:12.851Z] GET /alerts

[2026-07-27T04:52:12.853Z]
GET
/alerts
[2026-07-27T04:52:15.837Z] GET /zone/state
[2026-07-27T04:52:15.838Z] GET /zone/state

[2026-07-27T04:52:15.838Z]
GET
/zone/state
[2026-07-27T04:52:15.848Z] GET /alerts
[2026-07-27T04:52:15.849Z] GET /alerts

[2026-07-27T04:52:15.850Z]
GET
/alerts
[2026-07-27T04:52:18.844Z] GET /zone/state
[2026-07-27T04:52:18.846Z] GET /zone/state

[2026-07-27T04:52:18.847Z]
GET
/zone/state
[2026-07-27T04:52:18.852Z] GET /alerts
[2026-07-27T04:52:18.853Z] GET /alerts

[2026-07-27T04:52:18.853Z]
GET
/alerts
[2026-07-27T04:52:21.836Z] GET /zone/state
[2026-07-27T04:52:21.837Z] GET /zone/state

[2026-07-27T04:52:21.837Z]
GET
/zone/state
[2026-07-27T04:52:21.844Z] GET /alerts
[2026-07-27T04:52:21.845Z] GET /alerts

[2026-07-27T04:52:21.846Z]
GET
/alerts
[2026-07-27T04:52:24.837Z] GET /zone/state
[2026-07-27T04:52:24.837Z] GET /zone/state

[2026-07-27T04:52:24.838Z]
GET
/zone/state
[2026-07-27T04:52:24.843Z] GET /alerts
[2026-07-27T04:52:24.844Z] GET /alerts

[2026-07-27T04:52:24.844Z]
GET
/alerts
[2026-07-27T04:52:27.835Z] GET /zone/state
[2026-07-27T04:52:27.837Z] GET /zone/state

[2026-07-27T04:52:27.838Z]
GET
/zone/state
[2026-07-27T04:52:27.845Z] GET /alerts
[2026-07-27T04:52:27.846Z] GET /alerts

[2026-07-27T04:52:27.846Z]
GET
/alerts
[2026-07-27T04:52:30.837Z] GET /zone/state
[2026-07-27T04:52:30.838Z] GET /zone/state

[2026-07-27T04:52:30.839Z]
GET
/zone/state
[2026-07-27T04:52:30.843Z] GET /alerts
[2026-07-27T04:52:30.844Z] GET /alerts

[2026-07-27T04:52:30.844Z]
GET
/alerts
[2026-07-27T04:52:33.833Z] GET /zone/state
[2026-07-27T04:52:33.835Z] GET /zone/state

[2026-07-27T04:52:33.835Z]
GET
/zone/state
[2026-07-27T04:52:33.840Z] GET /alerts
[2026-07-27T04:52:33.841Z] GET /alerts

[2026-07-27T04:52:33.841Z]
GET
/alerts
[2026-07-27T04:52:36.844Z] GET /zone/state
[2026-07-27T04:52:36.846Z] GET /zone/state

[2026-07-27T04:52:36.847Z]
GET
/zone/state
[2026-07-27T04:52:36.854Z] GET /alerts
[2026-07-27T04:52:36.855Z] GET /alerts

[2026-07-27T04:52:36.856Z]
GET
/alerts
[2026-07-27T04:52:39.831Z] GET /zone/state
[2026-07-27T04:52:39.832Z] GET /zone/state

[2026-07-27T04:52:39.833Z]
GET
/zone/state
[2026-07-27T04:52:39.840Z] GET /alerts
[2026-07-27T04:52:39.841Z] GET /alerts

[2026-07-27T04:52:39.842Z]
GET
/alerts
[2026-07-27T04:52:42.843Z] GET /zone/state
[2026-07-27T04:52:42.843Z] GET /zone/state

[2026-07-27T04:52:42.844Z]
GET
/zone/state
[2026-07-27T04:52:42.849Z] GET /alerts
[2026-07-27T04:52:42.850Z] GET /alerts

[2026-07-27T04:52:42.851Z]
GET
/alerts
[2026-07-27T04:52:45.842Z] GET /zone/state
[2026-07-27T04:52:45.843Z] GET /zone/state

[2026-07-27T04:52:45.843Z]
GET
/zone/state
[2026-07-27T04:52:45.847Z] GET /alerts
[2026-07-27T04:52:45.848Z] GET /alerts

[2026-07-27T04:52:45.848Z]
GET
/alerts
[2026-07-27T04:52:48.843Z] GET /zone/state
[2026-07-27T04:52:48.846Z] GET /zone/state

[2026-07-27T04:52:48.847Z]
GET
/zone/state
[2026-07-27T04:52:48.858Z] GET /alerts
[2026-07-27T04:52:48.861Z] GET /alerts

[2026-07-27T04:52:48.863Z]
GET
/alerts
[2026-07-27T04:52:51.835Z] GET /zone/state
[2026-07-27T04:52:51.835Z] GET /zone/state

[2026-07-27T04:52:51.837Z]
GET
/zone/state
[2026-07-27T04:52:51.842Z] GET /alerts
[2026-07-27T04:52:51.843Z] GET /alerts

[2026-07-27T04:52:51.844Z]
GET
/alerts
[2026-07-27T04:53:31.832Z] GET /zone/state
[2026-07-27T04:53:31.834Z] GET /zone/state

[2026-07-27T04:53:31.834Z]
GET
/zone/state
[2026-07-27T04:53:31.840Z] GET /alerts
[2026-07-27T04:53:31.841Z] GET /alerts

[2026-07-27T04:53:31.842Z]
GET
/alerts
[2026-07-27T04:54:31.849Z] GET /zone/state
[2026-07-27T04:54:31.851Z] GET /zone/state

[2026-07-27T04:54:31.853Z]
GET
/zone/state
[2026-07-27T04:54:31.861Z] GET /alerts
[2026-07-27T04:54:31.862Z] GET /alerts

[2026-07-27T04:54:31.863Z]
GET
/alerts
[2026-07-27T04:55:31.850Z] GET /zone/state
[2026-07-27T04:55:31.853Z] GET /zone/state

[2026-07-27T04:55:31.855Z]
GET
/zone/state
[2026-07-27T04:55:31.867Z] GET /alerts
[2026-07-27T04:55:31.869Z] GET /alerts

[2026-07-27T04:55:31.870Z]
GET
/alerts
[2026-07-27T04:56:31.849Z] GET /zone/state
[2026-07-27T04:56:31.852Z] GET /zone/state

[2026-07-27T04:56:31.854Z]
GET
/zone/state
[2026-07-27T04:56:31.865Z] GET /alerts
[2026-07-27T04:56:31.867Z] GET /alerts

[2026-07-27T04:56:31.868Z]
GET
/alerts
[2026-07-27T04:57:31.857Z] GET /zone/state
[2026-07-27T04:57:31.863Z] GET /zone/state

[2026-07-27T04:57:31.865Z]
GET
/zone/state
[2026-07-27T04:57:31.890Z] GET /alerts
[2026-07-27T04:57:31.892Z] GET /alerts

[2026-07-27T04:57:31.894Z]
GET
/alerts
[2026-07-27T04:58:31.849Z] GET /zone/state
[2026-07-27T04:58:31.851Z] GET /zone/state

[2026-07-27T04:58:31.852Z]
GET
/zone/state
[2026-07-27T04:58:31.865Z] GET /alerts
[2026-07-27T04:58:31.865Z] GET /alerts

[2026-07-27T04:58:31.866Z]
GET
/alerts
[2026-07-27T04:59:31.842Z] GET /zone/state
[2026-07-27T04:59:31.843Z] GET /zone/state

[2026-07-27T04:59:31.843Z]
GET
/zone/state
[2026-07-27T04:59:31.851Z] GET /alerts
[2026-07-27T04:59:31.851Z] GET /alerts

[2026-07-27T04:59:31.852Z]
GET
/alerts
[2026-07-27T05:00:31.843Z] GET /zone/state
[2026-07-27T05:00:31.844Z] GET /zone/state

[2026-07-27T05:00:31.845Z]
GET
/zone/state
[2026-07-27T05:00:31.853Z] GET /alerts
[2026-07-27T05:00:31.855Z] GET /alerts

[2026-07-27T05:00:31.855Z]
GET
/alerts
[2026-07-27T05:01:31.843Z] GET /zone/state
[2026-07-27T05:01:31.845Z] GET /zone/state

[2026-07-27T05:01:31.846Z]
GET
/zone/state
[2026-07-27T05:01:31.865Z] GET /alerts
[2026-07-27T05:01:31.866Z] GET /alerts

[2026-07-27T05:01:31.868Z]
GET
/alerts
[2026-07-27T05:02:31.847Z] GET /zone/state
[2026-07-27T05:02:31.847Z] GET /zone/state

[2026-07-27T05:02:31.848Z]
GET
/zone/state
[2026-07-27T05:02:31.857Z] GET /alerts
[2026-07-27T05:02:31.858Z] GET /alerts

[2026-07-27T05:02:31.859Z]
GET
/alerts
[2026-07-27T05:03:31.849Z] GET /zone/state
[2026-07-27T05:03:31.850Z] GET /zone/state

[2026-07-27T05:03:31.850Z]
GET
/zone/state
[2026-07-27T05:03:31.859Z] GET /alerts
[2026-07-27T05:03:31.860Z] GET /alerts

[2026-07-27T05:03:31.861Z]
GET
/alerts
[2026-07-27T05:04:32.010Z] GET /zone/state
[2026-07-27T05:04:32.016Z] GET /zone/state

[2026-07-27T05:04:32.018Z]
GET
/zone/state
[2026-07-27T05:04:32.047Z] GET /alerts
[2026-07-27T05:04:32.047Z] GET /alerts

[2026-07-27T05:04:32.048Z]
GET
/alerts
[2026-07-27T05:05:31.839Z] GET /zone/state
[2026-07-27T05:05:31.841Z] GET /zone/state

[2026-07-27T05:05:31.842Z]
GET
/zone/state
[2026-07-27T05:05:31.854Z] GET /alerts
[2026-07-27T05:05:31.856Z] GET /alerts

[2026-07-27T05:05:31.857Z]
GET
/alerts
[2026-07-27T05:06:31.854Z] GET /zone/state
[2026-07-27T05:06:31.855Z] GET /zone/state

[2026-07-27T05:06:31.855Z]
GET
/zone/state
[2026-07-27T05:06:31.864Z] GET /alerts
[2026-07-27T05:06:31.865Z] GET /alerts

[2026-07-27T05:06:31.865Z]
GET
/alerts
[2026-07-27T05:07:31.849Z] GET /zone/state
[2026-07-27T05:07:31.850Z] GET /zone/state

[2026-07-27T05:07:31.851Z]
GET
/zone/state
[2026-07-27T05:07:31.874Z] GET /alerts
[2026-07-27T05:07:31.875Z] GET /alerts

[2026-07-27T05:07:31.876Z]
GET
/alerts
[2026-07-27T05:08:31.845Z] GET /zone/state
[2026-07-27T05:08:31.847Z] GET /zone/state

[2026-07-27T05:08:31.848Z]
GET
/zone/state
[2026-07-27T05:08:31.864Z] GET /alerts
[2026-07-27T05:08:31.866Z] GET /alerts

[2026-07-27T05:08:31.868Z]
GET
/alerts
[2026-07-27T05:09:31.852Z] GET /zone/state
[2026-07-27T05:09:31.854Z] GET /zone/state

[2026-07-27T05:09:31.856Z]
GET
/zone/state
[2026-07-27T05:09:31.909Z] GET /alerts
[2026-07-27T05:09:31.911Z] GET /alerts

[2026-07-27T05:09:31.912Z]
GET
/alerts
[2026-07-27T05:10:31.845Z] GET /zone/state
[2026-07-27T05:10:31.846Z] GET /zone/state

[2026-07-27T05:10:31.847Z]
GET
/zone/state
[2026-07-27T05:10:31.859Z] GET /alerts
[2026-07-27T05:10:31.861Z] GET /alerts

[2026-07-27T05:10:31.862Z]
GET
/alerts
[2026-07-27T05:11:31.842Z] GET /zone/state
[2026-07-27T05:11:31.843Z] GET /zone/state

[2026-07-27T05:11:31.844Z]
GET
/zone/state
[2026-07-27T05:11:31.852Z] GET /alerts
[2026-07-27T05:11:31.852Z] GET /alerts

[2026-07-27T05:11:31.853Z]
GET
/alerts
[2026-07-27T05:12:31.851Z] GET /zone/state
[2026-07-27T05:12:31.852Z] GET /zone/state

[2026-07-27T05:12:31.853Z]
GET
/zone/state
[2026-07-27T05:12:31.866Z] GET /alerts
[2026-07-27T05:12:31.868Z] GET /alerts

[2026-07-27T05:12:31.869Z]
GET
/alerts
[2026-07-27T05:13:31.849Z] GET /zone/state
[2026-07-27T05:13:31.850Z] GET /zone/state

[2026-07-27T05:13:31.851Z]
GET
/zone/state
[2026-07-27T05:13:31.859Z] GET /alerts
[2026-07-27T05:13:31.860Z] GET /alerts

[2026-07-27T05:13:31.861Z]
GET
/alerts
[2026-07-27T05:14:31.849Z] GET /zone/state
[2026-07-27T05:14:31.850Z] GET /zone/state

[2026-07-27T05:14:31.850Z]
GET
/zone/state
[2026-07-27T05:14:31.866Z] GET /alerts
[2026-07-27T05:14:31.867Z] GET /alerts

[2026-07-27T05:14:31.868Z]
GET
/alerts
[2026-07-27T05:15:31.849Z] GET /zone/state
[2026-07-27T05:15:31.850Z] GET /zone/state

[2026-07-27T05:15:31.851Z]
GET
/zone/state
[2026-07-27T05:15:31.867Z] GET /alerts
[2026-07-27T05:15:31.868Z] GET /alerts

[2026-07-27T05:15:31.869Z]
GET
/alerts
[2026-07-27T05:16:31.841Z] GET /zone/state
[2026-07-27T05:16:31.842Z] GET /zone/state

[2026-07-27T05:16:31.843Z]
GET
/zone/state
[2026-07-27T05:16:31.858Z] GET /alerts
[2026-07-27T05:16:31.860Z] GET /alerts

[2026-07-27T05:16:31.861Z]
GET
/alerts
[2026-07-27T05:17:31.844Z] GET /zone/state
[2026-07-27T05:17:31.845Z] GET /zone/state

[2026-07-27T05:17:31.846Z]
GET
/zone/state
[2026-07-27T05:17:31.854Z] GET /alerts
[2026-07-27T05:17:31.855Z] GET /alerts

[2026-07-27T05:17:31.855Z]
GET
/alerts
[2026-07-27T05:18:31.844Z] GET /zone/state
[2026-07-27T05:18:31.845Z] GET /zone/state

[2026-07-27T05:18:31.846Z]
GET
/zone/state
[2026-07-27T05:18:31.855Z] GET /alerts
[2026-07-27T05:18:31.856Z] GET /alerts

[2026-07-27T05:18:31.856Z]
GET
/alerts
[2026-07-27T05:19:31.841Z] GET /zone/state
[2026-07-27T05:19:31.842Z] GET /zone/state

[2026-07-27T05:19:31.842Z]
GET
/zone/state
[2026-07-27T05:19:31.853Z] GET /alerts
[2026-07-27T05:19:31.854Z] GET /alerts

[2026-07-27T05:19:31.855Z]
GET
/alerts
[2026-07-27T05:20:31.844Z] GET /zone/state
[2026-07-27T05:20:31.845Z] GET /zone/state

[2026-07-27T05:20:31.846Z]
GET
/zone/state
[2026-07-27T05:20:31.852Z] GET /alerts
[2026-07-27T05:20:31.853Z] GET /alerts

[2026-07-27T05:20:31.854Z]
GET
/alerts
[2026-07-27T05:21:31.846Z] GET /zone/state
[2026-07-27T05:21:31.847Z] GET /zone/state

[2026-07-27T05:21:31.848Z]
GET
/zone/state
[2026-07-27T05:21:31.861Z] GET /alerts
[2026-07-27T05:21:31.862Z] GET /alerts

[2026-07-27T05:21:31.863Z]
GET
/alerts
[2026-07-27T05:22:31.844Z] GET /zone/state
[2026-07-27T05:22:31.846Z] GET /zone/state

[2026-07-27T05:22:31.847Z]
GET
/zone/state
[2026-07-27T05:22:31.864Z] GET /alerts
[2026-07-27T05:22:31.866Z] GET /alerts

[2026-07-27T05:22:31.867Z]
GET
/alerts
[2026-07-27T05:23:31.845Z] GET /zone/state
[2026-07-27T05:23:31.848Z] GET /zone/state

[2026-07-27T05:23:31.849Z]
GET
/zone/state
[2026-07-27T05:23:31.855Z] GET /alerts
[2026-07-27T05:23:31.856Z] GET /alerts

[2026-07-27T05:23:31.857Z]
GET
/alerts
[2026-07-27T05:24:31.849Z] GET /zone/state
[2026-07-27T05:24:31.851Z] GET /zone/state

[2026-07-27T05:24:31.852Z]
GET
/zone/state
[2026-07-27T05:24:31.860Z] GET /alerts
[2026-07-27T05:24:31.861Z] GET /alerts

[2026-07-27T05:24:31.862Z]
GET
/alerts
[2026-07-27T05:25:31.842Z] GET /zone/state
[2026-07-27T05:25:31.843Z] GET /zone/state

[2026-07-27T05:25:31.844Z]
GET
/zone/state
[2026-07-27T05:25:31.850Z] GET /alerts
[2026-07-27T05:25:31.851Z] GET /alerts

[2026-07-27T05:25:31.852Z]
GET
/alerts
[2026-07-27T05:26:31.846Z] GET /zone/state
[2026-07-27T05:26:31.847Z] GET /zone/state

[2026-07-27T05:26:31.847Z]
GET
/zone/state
[2026-07-27T05:26:31.856Z] GET /alerts
[2026-07-27T05:26:31.857Z] GET /alerts

[2026-07-27T05:26:31.858Z]
GET
/alerts
[2026-07-27T05:27:31.837Z] GET /zone/state
[2026-07-27T05:27:31.838Z] GET /zone/state

[2026-07-27T05:27:31.839Z]
GET
/zone/state
[2026-07-27T05:27:31.851Z] GET /alerts
[2026-07-27T05:27:31.853Z] GET /alerts

[2026-07-27T05:27:31.853Z]
GET
/alerts
[2026-07-27T05:28:31.846Z] GET /zone/state
[2026-07-27T05:28:31.847Z] GET /zone/state

[2026-07-27T05:28:31.847Z]
GET
/zone/state
[2026-07-27T05:28:31.854Z] GET /alerts
[2026-07-27T05:28:31.855Z] GET /alerts

[2026-07-27T05:28:31.855Z]
GET
/alerts
[2026-07-27T05:29:31.849Z] GET /zone/state
[2026-07-27T05:29:31.850Z] GET /zone/state

[2026-07-27T05:29:31.851Z]
GET
/zone/state
[2026-07-27T05:29:31.859Z] GET /alerts
[2026-07-27T05:29:31.861Z] GET /alerts

[2026-07-27T05:29:31.863Z]
GET
/alerts
[2026-07-27T05:30:31.867Z] GET /zone/state
[2026-07-27T05:30:31.869Z] GET /zone/state

[2026-07-27T05:30:31.870Z]
GET
/zone/state
[2026-07-27T05:30:31.901Z] GET /alerts
[2026-07-27T05:30:31.902Z] GET /alerts

[2026-07-27T05:30:31.903Z]
GET
/alerts
[2026-07-27T05:31:31.843Z] GET /zone/state
[2026-07-27T05:31:31.844Z] GET /zone/state

[2026-07-27T05:31:31.845Z]
GET
/zone/state
[2026-07-27T05:31:31.854Z] GET /alerts
[2026-07-27T05:31:31.856Z] GET /alerts

[2026-07-27T05:31:31.858Z]
GET
/alerts
[2026-07-27T05:32:31.846Z] GET /zone/state
[2026-07-27T05:32:31.847Z] GET /zone/state

[2026-07-27T05:32:31.849Z]
GET
/zone/state
[2026-07-27T05:32:31.857Z] GET /alerts
[2026-07-27T05:32:31.858Z] GET /alerts

[2026-07-27T05:32:31.858Z]
GET
/alerts
[2026-07-27T05:33:31.851Z] GET /zone/state
[2026-07-27T05:33:31.852Z] GET /zone/state

[2026-07-27T05:33:31.852Z]
GET
/zone/state
[2026-07-27T05:33:31.858Z] GET /alerts
[2026-07-27T05:33:31.860Z] GET /alerts

[2026-07-27T05:33:31.860Z]
GET
/alerts
[2026-07-27T05:34:31.901Z] GET /zone/state
[2026-07-27T05:34:31.903Z] GET /zone/state

[2026-07-27T05:34:31.905Z]
GET
/zone/state
[2026-07-27T05:34:31.943Z] GET /alerts
[2026-07-27T05:34:31.944Z] GET /alerts

[2026-07-27T05:34:31.945Z]
GET
/alerts
[2026-07-27T05:35:31.867Z] GET /zone/state
[2026-07-27T05:35:31.869Z] GET /zone/state

[2026-07-27T05:35:31.871Z]
GET
/zone/state
[2026-07-27T05:35:31.900Z] GET /alerts
[2026-07-27T05:35:31.901Z] GET /alerts

[2026-07-27T05:35:31.903Z]
GET
/alerts
[2026-07-27T05:36:31.900Z] GET /zone/state
[2026-07-27T05:36:31.902Z] GET /zone/state

[2026-07-27T05:36:31.904Z]
GET
/zone/state
[2026-07-27T05:36:31.933Z] GET /alerts
[2026-07-27T05:36:31.934Z] GET /alerts

[2026-07-27T05:36:31.935Z]
GET
/alerts
[2026-07-27T05:37:31.842Z] GET /zone/state
[2026-07-27T05:37:31.843Z] GET /zone/state

[2026-07-27T05:37:31.844Z]
GET
/zone/state
[2026-07-27T05:37:31.855Z] GET /alerts
[2026-07-27T05:37:31.856Z] GET /alerts

[2026-07-27T05:37:31.857Z]
GET
/alerts
[2026-07-27T05:38:31.860Z] GET /zone/state
[2026-07-27T05:38:31.861Z] GET /zone/state

[2026-07-27T05:38:31.862Z]
GET
/zone/state
[2026-07-27T05:38:31.874Z] GET /alerts
[2026-07-27T05:38:31.874Z] GET /alerts

[2026-07-27T05:38:31.875Z]
GET
/alerts
[2026-07-27T05:39:31.939Z] GET /zone/state
[2026-07-27T05:39:31.941Z] GET /zone/state

[2026-07-27T05:39:31.943Z]
GET
/zone/state
[2026-07-27T05:39:31.977Z] GET /alerts
[2026-07-27T05:39:31.978Z] GET /alerts

[2026-07-27T05:39:31.980Z]
GET
/alerts
[2026-07-27T05:40:31.846Z] GET /zone/state
[2026-07-27T05:40:31.848Z] GET /zone/state

[2026-07-27T05:40:31.848Z]
GET
/zone/state
[2026-07-27T05:40:31.895Z] GET /alerts
[2026-07-27T05:40:31.896Z] GET /alerts

[2026-07-27T05:40:31.896Z]
GET
/alerts
[2026-07-27T05:41:31.858Z] GET /zone/state
[2026-07-27T05:41:31.859Z] GET /zone/state

[2026-07-27T05:41:31.860Z]
GET
/zone/state
[2026-07-27T05:41:31.874Z] GET /alerts
[2026-07-27T05:41:31.875Z] GET /alerts

[2026-07-27T05:41:31.876Z]
GET
/alerts
[2026-07-27T05:42:31.862Z] GET /zone/state
[2026-07-27T05:42:31.863Z] GET /zone/state

[2026-07-27T05:42:31.865Z]
GET
/zone/state
[2026-07-27T05:42:31.891Z] GET /alerts
[2026-07-27T05:42:31.893Z] GET /alerts

[2026-07-27T05:42:31.894Z]
GET
/alerts
[2026-07-27T05:43:31.867Z] GET /zone/state
[2026-07-27T05:43:31.869Z] GET /zone/state

[2026-07-27T05:43:31.871Z]
GET
/zone/state
[2026-07-27T05:43:31.892Z] GET /alerts
[2026-07-27T05:43:31.893Z] GET /alerts

[2026-07-27T05:43:31.893Z]
GET
/alerts
[2026-07-27T05:44:31.867Z] GET /zone/state
[2026-07-27T05:44:31.868Z] GET /zone/state

[2026-07-27T05:44:31.869Z]
GET
/zone/state
[2026-07-27T05:44:31.892Z] GET /alerts
[2026-07-27T05:44:31.893Z] GET /alerts

[2026-07-27T05:44:31.894Z]
GET
/alerts
[2026-07-27T05:45:31.853Z] GET /zone/state
[2026-07-27T05:45:31.855Z] GET /zone/state

[2026-07-27T05:45:31.857Z]
GET
/zone/state
[2026-07-27T05:45:31.867Z] GET /alerts
[2026-07-27T05:45:31.868Z] GET /alerts

[2026-07-27T05:45:31.869Z]
GET
/alerts
[2026-07-27T05:46:31.841Z] GET /zone/state
[2026-07-27T05:46:31.842Z] GET /zone/state

[2026-07-27T05:46:31.843Z]
GET
/zone/state
[2026-07-27T05:46:31.851Z] GET /alerts
[2026-07-27T05:46:31.852Z] GET /alerts

[2026-07-27T05:46:31.852Z]
GET
/alerts
[2026-07-27T05:47:31.864Z] GET /zone/state
[2026-07-27T05:47:31.865Z] GET /zone/state

[2026-07-27T05:47:31.866Z]
GET
/zone/state
[2026-07-27T05:47:31.877Z] GET /alerts
[2026-07-27T05:47:31.878Z] GET /alerts

[2026-07-27T05:47:31.879Z]
GET
/alerts
[2026-07-27T05:48:31.865Z] GET /zone/state
[2026-07-27T05:48:31.867Z] GET /zone/state

[2026-07-27T05:48:31.867Z]
GET
/zone/state
[2026-07-27T05:48:31.891Z] GET /alerts
[2026-07-27T05:48:31.892Z] GET /alerts

[2026-07-27T05:48:31.892Z]
GET
/alerts
[2026-07-27T05:49:31.893Z] GET /zone/state
[2026-07-27T05:49:31.895Z] GET /zone/state

[2026-07-27T05:49:31.896Z]
GET
/zone/state
[2026-07-27T05:49:31.922Z] GET /alerts
[2026-07-27T05:49:31.923Z] GET /alerts

[2026-07-27T05:49:31.924Z]
GET
/alerts
[2026-07-27T05:50:31.946Z] GET /zone/state
[2026-07-27T05:50:31.948Z] GET /zone/state

[2026-07-27T05:50:31.949Z]
GET
/zone/state
[2026-07-27T05:50:31.992Z] GET /alerts
[2026-07-27T05:50:31.994Z] GET /alerts

[2026-07-27T05:50:31.994Z]
GET
/alerts
[2026-07-27T05:51:31.862Z] GET /zone/state
[2026-07-27T05:51:31.863Z] GET /zone/state

[2026-07-27T05:51:31.864Z]
GET
/zone/state
[2026-07-27T05:51:31.896Z] GET /alerts
[2026-07-27T05:51:31.897Z] GET /alerts

[2026-07-27T05:51:31.898Z]
GET
/alerts
[2026-07-27T05:52:31.850Z] GET /zone/state
[2026-07-27T05:52:31.851Z] GET /zone/state

[2026-07-27T05:52:31.852Z]
GET
/zone/state
[2026-07-27T05:52:31.879Z] GET /alerts
[2026-07-27T05:52:31.880Z] GET /alerts

[2026-07-27T05:52:31.881Z]
GET
/alerts
[2026-07-27T05:53:31.868Z] GET /zone/state
[2026-07-27T05:53:31.869Z] GET /zone/state

[2026-07-27T05:53:31.871Z]
GET
/zone/state
[2026-07-27T05:53:31.894Z] GET /alerts
[2026-07-27T05:53:31.896Z] GET /alerts

[2026-07-27T05:53:31.897Z]
GET
/alerts
[2026-07-27T05:54:31.954Z] GET /zone/state
[2026-07-27T05:54:31.955Z] GET /zone/state

[2026-07-27T05:54:31.956Z]
GET
/zone/state
[2026-07-27T05:54:31.984Z] GET /alerts
[2026-07-27T05:54:31.984Z] GET /alerts

[2026-07-27T05:54:31.985Z]
GET
/alerts
[2026-07-27T05:55:31.860Z] GET /zone/state
[2026-07-27T05:55:31.861Z] GET /zone/state

[2026-07-27T05:55:31.861Z]
GET
/zone/state
[2026-07-27T05:55:31.896Z] GET /alerts
[2026-07-27T05:55:31.897Z] GET /alerts

[2026-07-27T05:55:31.897Z]
GET
/alerts
[2026-07-27T05:56:32.458Z] GET /zone/state
[2026-07-27T05:56:32.459Z] GET /zone/state

[2026-07-27T05:56:32.465Z]
GET
/zone/state
[2026-07-27T05:56:32.530Z] GET /alerts
[2026-07-27T05:56:32.531Z] GET /alerts

[2026-07-27T05:56:32.532Z]
GET
/alerts
[2026-07-27T05:57:31.856Z] GET /zone/state
[2026-07-27T05:57:31.857Z] GET /zone/state

[2026-07-27T05:57:31.858Z]
GET
/zone/state
[2026-07-27T05:57:31.873Z] GET /alerts
[2026-07-27T05:57:31.875Z] GET /alerts

[2026-07-27T05:57:31.879Z]
GET
/alerts
[2026-07-27T05:58:31.838Z] GET /zone/state
[2026-07-27T05:58:31.840Z] GET /zone/state

[2026-07-27T05:58:31.841Z]
GET
/zone/state
[2026-07-27T05:58:31.859Z] GET /alerts
[2026-07-27T05:58:31.860Z] GET /alerts

[2026-07-27T05:58:31.860Z]
GET
/alerts
[2026-07-27T05:59:31.856Z] GET /zone/state
[2026-07-27T05:59:31.857Z] GET /zone/state

[2026-07-27T05:59:31.858Z]
GET
/zone/state
[2026-07-27T05:59:31.871Z] GET /alerts
[2026-07-27T05:59:31.872Z] GET /alerts

[2026-07-27T05:59:31.873Z]
GET
/alerts
[2026-07-27T06:00:31.852Z] GET /zone/state
[2026-07-27T06:00:31.853Z] GET /zone/state

[2026-07-27T06:00:31.869Z]
GET
/zone/state
[2026-07-27T06:00:31.875Z] GET /alerts
[2026-07-27T06:00:31.876Z] GET /alerts

[2026-07-27T06:00:31.877Z]
GET
/alerts
[2026-07-27T06:01:31.850Z] GET /zone/state
[2026-07-27T06:01:31.851Z] GET /zone/state

[2026-07-27T06:01:31.852Z]
GET
/zone/state
[2026-07-27T06:01:31.870Z] GET /alerts
[2026-07-27T06:01:31.871Z] GET /alerts

[2026-07-27T06:01:31.871Z]
GET
/alerts
[2026-07-27T06:02:31.842Z] GET /zone/state
[2026-07-27T06:02:31.842Z] GET /zone/state

[2026-07-27T06:02:31.843Z]
GET
/zone/state
[2026-07-27T06:02:31.850Z] GET /alerts
[2026-07-27T06:02:31.850Z] GET /alerts

[2026-07-27T06:02:31.851Z]
GET
/alerts
[2026-07-27T06:03:31.848Z] GET /zone/state
[2026-07-27T06:03:31.849Z] GET /zone/state

[2026-07-27T06:03:31.850Z]
GET
/zone/state
[2026-07-27T06:03:31.859Z] GET /alerts
[2026-07-27T06:03:31.860Z] GET /alerts

[2026-07-27T06:03:31.861Z]
GET
/alerts
[2026-07-27T06:04:31.875Z] GET /zone/state
[2026-07-27T06:04:31.876Z] GET /zone/state

[2026-07-27T06:04:31.877Z]
GET
/zone/state
[2026-07-27T06:04:31.901Z] GET /alerts
[2026-07-27T06:04:31.901Z] GET /alerts

[2026-07-27T06:04:31.902Z]
GET
/alerts
[2026-07-27T06:05:31.867Z] GET /zone/state
[2026-07-27T06:05:31.868Z] GET /zone/state

[2026-07-27T06:05:31.868Z]
GET
/zone/state
[2026-07-27T06:05:31.899Z] GET /alerts
[2026-07-27T06:05:31.901Z] GET /alerts

[2026-07-27T06:05:31.902Z]
GET
/alerts
[2026-07-27T06:06:31.871Z] GET /zone/state
[2026-07-27T06:06:31.872Z] GET /zone/state

[2026-07-27T06:06:31.873Z]
GET
/zone/state
[2026-07-27T06:06:31.885Z] GET /alerts
[2026-07-27T06:06:31.887Z] GET /alerts

[2026-07-27T06:06:31.888Z]
GET
/alerts
[2026-07-27T06:07:31.853Z] GET /zone/state
[2026-07-27T06:07:31.854Z] GET /zone/state

[2026-07-27T06:07:31.855Z]
GET
/zone/state
[2026-07-27T06:07:31.868Z] GET /alerts
[2026-07-27T06:07:31.870Z] GET /alerts

[2026-07-27T06:07:31.870Z]
GET
/alerts
[2026-07-27T06:08:31.857Z] GET /zone/state
[2026-07-27T06:08:31.859Z] GET /zone/state

[2026-07-27T06:08:31.861Z]
GET
/zone/state
[2026-07-27T06:08:31.880Z] GET /alerts
[2026-07-27T06:08:31.881Z] GET /alerts

[2026-07-27T06:08:31.881Z]
GET
/alerts
[2026-07-27T06:09:31.847Z] GET /zone/state
[2026-07-27T06:09:31.848Z] GET /zone/state

[2026-07-27T06:09:31.851Z]
GET
/zone/state
[2026-07-27T06:09:31.875Z] GET /alerts
[2026-07-27T06:09:31.876Z] GET /alerts

[2026-07-27T06:09:31.877Z]
GET
/alerts
[2026-07-27T06:10:31.867Z] GET /zone/state
[2026-07-27T06:10:31.868Z] GET /zone/state

[2026-07-27T06:10:31.868Z]
GET
/zone/state
[2026-07-27T06:10:31.874Z] GET /alerts
[2026-07-27T06:10:31.875Z] GET /alerts

[2026-07-27T06:10:31.875Z]
GET
/alerts
[2026-07-27T06:11:31.852Z] GET /zone/state
[2026-07-27T06:11:31.853Z] GET /zone/state

[2026-07-27T06:11:31.854Z]
GET
/zone/state
[2026-07-27T06:11:31.860Z] GET /alerts
[2026-07-27T06:11:31.861Z] GET /alerts

[2026-07-27T06:11:31.862Z]
GET
/alerts
[2026-07-27T06:12:31.861Z] GET /zone/state
[2026-07-27T06:12:31.862Z] GET /zone/state

[2026-07-27T06:12:31.862Z]
GET
/zone/state
[2026-07-27T06:12:31.877Z] GET /alerts
[2026-07-27T06:12:31.878Z] GET /alerts

[2026-07-27T06:12:31.879Z]
GET
/alerts
[2026-07-27T06:13:31.859Z] GET /zone/state
[2026-07-27T06:13:31.860Z] GET /zone/state

[2026-07-27T06:13:31.860Z]
GET
/zone/state
[2026-07-27T06:13:31.868Z] GET /alerts
[2026-07-27T06:13:31.869Z] GET /alerts

[2026-07-27T06:13:31.870Z]
GET
/alerts
[2026-07-27T06:14:31.851Z] GET /zone/state
[2026-07-27T06:14:31.852Z] GET /zone/state

[2026-07-27T06:14:31.853Z]
GET
/zone/state
[2026-07-27T06:14:31.870Z] GET /alerts
[2026-07-27T06:14:31.871Z] GET /alerts

[2026-07-27T06:14:31.872Z]
GET
/alerts
[2026-07-27T06:15:31.857Z] GET /zone/state
[2026-07-27T06:15:31.859Z] GET /zone/state

[2026-07-27T06:15:31.859Z]
GET
/zone/state
[2026-07-27T06:15:31.873Z] GET /alerts
[2026-07-27T06:15:31.874Z] GET /alerts

[2026-07-27T06:15:31.875Z]
GET
/alerts
[2026-07-27T06:16:31.858Z] GET /zone/state
[2026-07-27T06:16:31.859Z] GET /zone/state

[2026-07-27T06:16:31.860Z]
GET
/zone/state
[2026-07-27T06:16:31.866Z] GET /alerts
[2026-07-27T06:16:31.866Z] GET /alerts

[2026-07-27T06:16:31.867Z]
GET
/alerts
[2026-07-27T06:17:31.881Z] GET /zone/state
[2026-07-27T06:17:31.882Z] GET /zone/state

[2026-07-27T06:17:31.884Z]
GET
/zone/state
[2026-07-27T06:17:31.891Z] GET /alerts
[2026-07-27T06:17:31.892Z] GET /alerts

[2026-07-27T06:17:31.893Z]
GET
/alerts
[2026-07-27T06:18:31.857Z] GET /zone/state
[2026-07-27T06:18:31.858Z] GET /zone/state

[2026-07-27T06:18:31.861Z]
GET
/zone/state
[2026-07-27T06:18:31.873Z] GET /alerts
[2026-07-27T06:18:31.874Z] GET /alerts

[2026-07-27T06:18:31.874Z]
GET
/alerts
[2026-07-27T06:19:31.850Z] GET /zone/state
[2026-07-27T06:19:31.850Z] GET /zone/state

[2026-07-27T06:19:31.851Z]
GET
/zone/state
[2026-07-27T06:19:31.874Z] GET /alerts
[2026-07-27T06:19:31.875Z] GET /alerts

[2026-07-27T06:19:31.876Z]
GET
/alerts
[2026-07-27T06:20:31.859Z] GET /zone/state
[2026-07-27T06:20:31.860Z] GET /zone/state

[2026-07-27T06:20:31.861Z]
GET
/zone/state
[2026-07-27T06:20:31.886Z] GET /alerts
[2026-07-27T06:20:31.887Z] GET /alerts

[2026-07-27T06:20:31.887Z]
GET
/alerts
[2026-07-27T06:21:31.869Z] GET /zone/state
[2026-07-27T06:21:31.870Z] GET /zone/state

[2026-07-27T06:21:31.870Z]
GET
/zone/state
[2026-07-27T06:21:31.880Z] GET /alerts
[2026-07-27T06:21:31.881Z] GET /alerts

[2026-07-27T06:21:31.882Z]
GET
/alerts
[2026-07-27T06:22:31.892Z] GET /zone/state
[2026-07-27T06:22:31.893Z] GET /zone/state

[2026-07-27T06:22:31.894Z]
GET
/zone/state
[2026-07-27T06:22:31.911Z] GET /alerts
[2026-07-27T06:22:31.912Z] GET /alerts

[2026-07-27T06:22:31.913Z]
GET
/alerts
[2026-07-27T06:23:31.868Z] GET /zone/state
[2026-07-27T06:23:31.869Z] GET /zone/state

[2026-07-27T06:23:31.870Z]
GET
/zone/state
[2026-07-27T06:23:31.879Z] GET /alerts
[2026-07-27T06:23:31.880Z] GET /alerts

[2026-07-27T06:23:31.881Z]
GET
/alerts
[2026-07-27T06:47:44.517Z] GET /zone/state
[2026-07-27T06:47:44.519Z] GET /zone/state

[2026-07-27T06:47:44.520Z]
GET
/zone/state
[2026-07-27T07:16:02.789Z] GET /alerts
[2026-07-27T07:16:02.792Z] GET /alerts

[2026-07-27T07:16:02.794Z]
GET
/alerts
[2026-07-27T08:39:09.147Z] GET /zone/state
[2026-07-27T08:39:09.158Z] GET /zone/state

[2026-07-27T08:39:09.161Z]
GET
/zone/state
[2026-07-27T08:39:09.195Z] GET /alerts
[2026-07-27T08:39:09.198Z] GET /alerts

[2026-07-27T08:39:09.199Z]
GET
/alerts
[2026-07-27T08:39:09.458Z] GET /zone/state
[2026-07-27T08:39:09.459Z] GET /zone/state

[2026-07-27T08:39:09.460Z]
GET
/zone/state
[2026-07-27T08:39:09.465Z] GET /alerts
[2026-07-27T08:39:09.465Z] GET /alerts

[2026-07-27T08:39:09.466Z]
GET
/alerts
[2026-07-27T08:39:09.853Z] GET /api/analytics/stats
[2026-07-27T08:39:09.854Z] GET /api/analytics/stats

[2026-07-27T08:39:09.856Z]
GET
/api/analytics/stats
[2026-07-27T08:39:18.246Z] GET /api/incidents
[2026-07-27T08:39:18.248Z] GET /api/incidents

[2026-07-27T08:39:18.249Z]
GET
/api/incidents
[2026-07-27T08:39:18.261Z] GET /api/incidents
[2026-07-27T08:39:18.264Z] GET /api/incidents

[2026-07-27T08:39:18.265Z]
GET
/api/incidents
[2026-07-27T08:39:25.489Z] GET /api/evidence
[2026-07-27T08:39:25.490Z] GET /api/evidence

[2026-07-27T08:39:25.491Z]
GET
/api/evidence
[2026-07-27T08:39:25.531Z] GET /api/evidence
[2026-07-27T08:39:25.532Z] GET /api/evidence

[2026-07-27T08:39:25.533Z]
GET
/api/evidence
[2026-07-27T08:39:29.324Z] GET /api/runtime
[2026-07-27T08:39:29.326Z] GET /api/runtime

[2026-07-27T08:39:29.328Z]
GET
/api/runtime
[2026-07-27T08:39:29.481Z] GET /api/runtime
[2026-07-27T08:39:29.483Z] GET /api/runtime

[2026-07-27T08:39:29.484Z]
GET
/api/runtime
[2026-07-27T16:55:55.364Z] GET /zone/state
[2026-07-27T16:55:55.366Z] GET /zone/state

[2026-07-27T16:55:55.374Z]
GET
/zone/state
[2026-07-27T16:55:55.418Z] GET /zone/state
[2026-07-27T16:55:55.420Z] GET /alerts
[2026-07-27T16:55:55.421Z] GET /zone/state

[2026-07-27T16:55:55.459Z]
GET
/zone/state
[2026-07-27T16:55:55.497Z] GET /alerts

[2026-07-27T16:55:55.505Z]
GET
/alerts
[2026-07-27T16:55:55.533Z] GET /alerts
[2026-07-27T16:55:55.543Z] GET /alerts

[2026-07-27T16:55:55.547Z]
GET
/alerts
[2026-07-27T16:55:58.370Z] GET /zone/state
[2026-07-27T16:55:58.372Z] GET /zone/state

[2026-07-27T16:55:58.373Z]
GET
/zone/state
[2026-07-27T16:55:58.379Z] GET /alerts
[2026-07-27T16:55:58.380Z] GET /alerts

[2026-07-27T16:55:58.381Z]
GET
/alerts
[2026-07-27T16:56:01.367Z] GET /zone/state
[2026-07-27T16:56:01.368Z] GET /zone/state

[2026-07-27T16:56:01.368Z]
GET
/zone/state
[2026-07-27T16:56:01.374Z] GET /alerts
[2026-07-27T16:56:01.375Z] GET /alerts

[2026-07-27T16:56:01.375Z]
GET
/alerts
[2026-07-27T16:56:04.832Z] GET /zone/state
[2026-07-27T16:56:04.834Z] GET /zone/state

[2026-07-27T16:56:04.835Z]
GET
/zone/state
[2026-07-27T16:56:04.843Z] GET /alerts
[2026-07-27T16:56:04.844Z] GET /alerts

[2026-07-27T16:56:04.845Z]
GET
/alerts
[2026-07-27T16:56:07.845Z] GET /zone/state
[2026-07-27T16:56:07.847Z] GET /zone/state

[2026-07-27T16:56:07.849Z]
GET
/zone/state
[2026-07-27T16:56:07.864Z] GET /alerts
[2026-07-27T16:56:07.866Z] GET /alerts

[2026-07-27T16:56:07.867Z]
GET
/alerts
[2026-07-27T16:56:10.836Z] GET /zone/state
[2026-07-27T16:56:10.838Z] GET /zone/state

[2026-07-27T16:56:10.839Z]
GET
/zone/state
[2026-07-27T16:56:10.852Z] GET /alerts
[2026-07-27T16:56:10.854Z] GET /alerts

[2026-07-27T16:56:10.855Z]
GET
/alerts
[2026-07-27T16:57:40.930Z] GET /zone/state
[2026-07-27T16:57:40.931Z] GET /zone/state

[2026-07-27T16:57:40.933Z]
GET
/zone/state
[2026-07-27T16:57:41.015Z] GET /favicon.ico
[2026-07-27T16:57:41.016Z] GET /favicon.ico

[2026-07-27T16:57:41.016Z]
GET
/favicon.ico
[2026-07-27T16:59:10.825Z] GET /zone/state
[2026-07-27T16:59:10.831Z] GET /zone/state

[2026-07-27T16:59:10.834Z]
GET
/zone/state
[2026-07-27T16:59:10.865Z] GET /alerts
[2026-07-27T16:59:10.866Z] GET /alerts

[2026-07-27T16:59:10.868Z]
GET
/alerts
[2026-07-27T16:59:13.376Z] GET /zone/state
[2026-07-27T16:59:13.377Z] GET /zone/state

[2026-07-27T16:59:13.378Z]
GET
/zone/state
[2026-07-27T16:59:13.384Z] GET /alerts
[2026-07-27T16:59:13.385Z] GET /alerts

[2026-07-27T16:59:13.386Z]
GET
/alerts
[2026-07-27T16:59:14.817Z] GET /zone/state
[2026-07-27T16:59:14.818Z] GET /zone/state

[2026-07-27T16:59:14.819Z]
GET
/zone/state
[2026-07-27T16:59:14.823Z] GET /api/analytics/stats
[2026-07-27T16:59:14.825Z] GET /zone/state
[2026-07-27T16:59:14.826Z] GET /api/analytics/stats

[2026-07-27T16:59:14.827Z]
GET
/api/analytics/stats
[2026-07-27T16:59:14.831Z] GET /zone/state

[2026-07-27T16:59:14.832Z]
GET
/zone/state
[2026-07-27T16:59:14.836Z] GET /api/analytics/stats
[2026-07-27T16:59:14.837Z] GET /api/analytics/stats

[2026-07-27T16:59:14.838Z]
GET
/api/analytics/stats
[2026-07-27T16:59:14.844Z] GET /alerts
[2026-07-27T16:59:14.845Z] GET /alerts

[2026-07-27T16:59:14.846Z]
GET
/alerts
[2026-07-27T16:59:14.864Z] GET /alerts
[2026-07-27T16:59:14.865Z] GET /alerts

[2026-07-27T16:59:14.866Z]
GET
/alerts
[2026-07-27T16:59:17.821Z] GET /zone/state
[2026-07-27T16:59:17.822Z] GET /zone/state

[2026-07-27T16:59:17.823Z]
GET
/zone/state
[2026-07-27T16:59:17.829Z] GET /alerts
[2026-07-27T16:59:17.829Z] GET /alerts

[2026-07-27T16:59:17.830Z]
GET
/alerts
[2026-07-27T16:59:20.836Z] GET /zone/state
[2026-07-27T16:59:20.840Z] GET /zone/state

[2026-07-27T16:59:20.840Z]
GET
/zone/state
[2026-07-27T16:59:20.848Z] GET /alerts
[2026-07-27T16:59:20.850Z] GET /alerts

[2026-07-27T16:59:20.851Z]
GET
/alerts
[2026-07-27T16:59:23.834Z] GET /zone/state
[2026-07-27T16:59:23.835Z] GET /zone/state

[2026-07-27T16:59:23.836Z]
GET
/zone/state
[2026-07-27T16:59:23.842Z] GET /alerts
[2026-07-27T16:59:23.842Z] GET /alerts

[2026-07-27T16:59:23.843Z]
GET
/alerts
[2026-07-27T16:59:26.837Z] GET /zone/state
[2026-07-27T16:59:26.838Z] GET /zone/state

[2026-07-27T16:59:26.839Z]
GET
/zone/state
[2026-07-27T16:59:26.864Z] GET /alerts
[2026-07-27T16:59:26.865Z] GET /alerts

[2026-07-27T16:59:26.866Z]
GET
/alerts
[2026-07-27T16:59:29.834Z] GET /zone/state
[2026-07-27T16:59:29.834Z] GET /zone/state

[2026-07-27T16:59:29.839Z]
GET
/zone/state
[2026-07-27T16:59:29.852Z] GET /alerts
[2026-07-27T16:59:29.854Z] GET /alerts

[2026-07-27T16:59:29.855Z]
GET
/alerts
[2026-07-27T16:59:32.843Z] GET /zone/state
[2026-07-27T16:59:32.844Z] GET /zone/state

[2026-07-27T16:59:32.844Z]
GET
/zone/state
[2026-07-27T16:59:32.848Z] GET /alerts
[2026-07-27T16:59:32.849Z] GET /alerts

[2026-07-27T16:59:32.849Z]
GET
/alerts
[2026-07-27T16:59:35.840Z] GET /zone/state
[2026-07-27T16:59:35.842Z] GET /zone/state

[2026-07-27T16:59:35.844Z]
GET
/zone/state
[2026-07-27T16:59:35.853Z] GET /alerts
[2026-07-27T16:59:35.854Z] GET /alerts

[2026-07-27T16:59:35.855Z]
GET
/alerts
[2026-07-27T16:59:38.832Z] GET /zone/state
[2026-07-27T16:59:38.834Z] GET /zone/state

[2026-07-27T16:59:38.836Z]
GET
/zone/state
[2026-07-27T16:59:38.844Z] GET /alerts
[2026-07-27T16:59:38.846Z] GET /alerts

[2026-07-27T16:59:38.847Z]
GET
/alerts
[2026-07-27T16:59:41.828Z] GET /zone/state
[2026-07-27T16:59:41.829Z] GET /zone/state

[2026-07-27T16:59:41.830Z]
GET
/zone/state
[2026-07-27T16:59:41.837Z] GET /alerts
[2026-07-27T16:59:41.838Z] GET /alerts

[2026-07-27T16:59:41.839Z]
GET
/alerts
[2026-07-27T16:59:44.840Z] GET /zone/state
[2026-07-27T16:59:44.841Z] GET /zone/state

[2026-07-27T16:59:44.842Z]
GET
/zone/state
[2026-07-27T16:59:44.851Z] GET /alerts
[2026-07-27T16:59:44.853Z] GET /alerts

[2026-07-27T16:59:44.854Z]
GET
/alerts
[2026-07-27T16:59:47.839Z] GET /zone/state
[2026-07-27T16:59:47.844Z] GET /zone/state

[2026-07-27T16:59:47.845Z]
GET
/zone/state
[2026-07-27T16:59:47.863Z] GET /alerts
[2026-07-27T16:59:47.864Z] GET /alerts

[2026-07-27T16:59:47.865Z]
GET
/alerts
[2026-07-27T16:59:50.832Z] GET /zone/state
[2026-07-27T16:59:50.834Z] GET /zone/state

[2026-07-27T16:59:50.834Z]
GET
/zone/state
[2026-07-27T16:59:50.838Z] GET /alerts
[2026-07-27T16:59:50.839Z] GET /alerts

[2026-07-27T16:59:50.839Z]
GET
/alerts
[2026-07-27T16:59:53.842Z] GET /zone/state
[2026-07-27T16:59:53.842Z] GET /zone/state

[2026-07-27T16:59:53.843Z]
GET
/zone/state
[2026-07-27T16:59:53.848Z] GET /alerts
[2026-07-27T16:59:53.849Z] GET /alerts

[2026-07-27T16:59:53.850Z]
GET
/alerts
[2026-07-27T16:59:56.842Z] GET /zone/state
[2026-07-27T16:59:56.843Z] GET /zone/state

[2026-07-27T16:59:56.844Z]
GET
/zone/state
[2026-07-27T16:59:56.851Z] GET /alerts
[2026-07-27T16:59:56.852Z] GET /alerts

[2026-07-27T16:59:56.853Z]
GET
/alerts
[2026-07-27T16:59:58.188Z] GET /zone/state
[2026-07-27T16:59:58.189Z] GET /zone/state

[2026-07-27T16:59:58.190Z]
GET
/zone/state
[2026-07-27T16:59:58.269Z] GET /favicon.ico
[2026-07-27T16:59:58.270Z] GET /favicon.ico

[2026-07-27T16:59:58.270Z]
GET
/favicon.ico
[2026-07-27T16:59:59.840Z] GET /zone/state
[2026-07-27T16:59:59.841Z] GET /zone/state

[2026-07-27T16:59:59.842Z]
GET
/zone/state
[2026-07-27T16:59:59.847Z] GET /alerts
[2026-07-27T16:59:59.849Z] GET /alerts

[2026-07-27T16:59:59.850Z]
GET
/alerts
[2026-07-27T17:00:02.829Z] GET /zone/state
[2026-07-27T17:00:02.829Z] GET /zone/state

[2026-07-27T17:00:02.830Z]
GET
/zone/state
[2026-07-27T17:00:02.835Z] GET /alerts
[2026-07-27T17:00:02.836Z] GET /alerts

[2026-07-27T17:00:02.836Z]
GET
/alerts
[2026-07-27T17:00:05.838Z] GET /zone/state
[2026-07-27T17:00:05.839Z] GET /zone/state

[2026-07-27T17:00:05.839Z]
GET
/zone/state
[2026-07-27T17:00:05.845Z] GET /alerts
[2026-07-27T17:00:05.846Z] GET /alerts

[2026-07-27T17:00:05.847Z]
GET
/alerts
[2026-07-27T17:00:08.837Z] GET /zone/state
[2026-07-27T17:00:08.839Z] GET /zone/state

[2026-07-27T17:00:08.841Z]
GET
/zone/state
[2026-07-27T17:00:08.847Z] GET /alerts
[2026-07-27T17:00:08.848Z] GET /alerts

[2026-07-27T17:00:08.850Z]
GET
/alerts
[2026-07-27T17:00:11.838Z] GET /zone/state
[2026-07-27T17:00:11.838Z] GET /zone/state

[2026-07-27T17:00:11.839Z]
GET
/zone/state
[2026-07-27T17:00:11.843Z] GET /alerts
[2026-07-27T17:00:11.844Z] GET /alerts

[2026-07-27T17:00:11.844Z]
GET
/alerts
[2026-07-27T17:00:14.841Z] GET /zone/state
[2026-07-27T17:00:14.843Z] GET /zone/state

[2026-07-27T17:00:14.849Z]
GET
/zone/state
[2026-07-27T17:00:14.860Z] GET /alerts
[2026-07-27T17:00:14.861Z] GET /alerts

[2026-07-27T17:00:14.861Z]
GET
/alerts
[2026-07-27T17:00:17.829Z] GET /zone/state
[2026-07-27T17:00:17.832Z] GET /zone/state

[2026-07-27T17:00:17.833Z]
GET
/zone/state
[2026-07-27T17:00:17.840Z] GET /alerts
[2026-07-27T17:00:17.841Z] GET /alerts

[2026-07-27T17:00:17.842Z]
GET
/alerts
[2026-07-27T17:00:20.837Z] GET /zone/state
[2026-07-27T17:00:20.837Z] GET /zone/state

[2026-07-27T17:00:20.839Z]
GET
/zone/state
[2026-07-27T17:00:20.847Z] GET /alerts
[2026-07-27T17:00:20.848Z] GET /alerts

[2026-07-27T17:00:20.850Z]
GET
/alerts
[2026-07-27T17:00:23.832Z] GET /zone/state
[2026-07-27T17:00:23.833Z] GET /zone/state

[2026-07-27T17:00:23.833Z]
GET
/zone/state
[2026-07-27T17:00:23.838Z] GET /alerts
[2026-07-27T17:00:23.839Z] GET /alerts

[2026-07-27T17:00:23.840Z]
GET
/alerts
[2026-07-27T17:00:26.844Z] GET /zone/state
[2026-07-27T17:00:26.846Z] GET /zone/state

[2026-07-27T17:00:26.848Z]
GET
/zone/state
[2026-07-27T17:00:26.860Z] GET /alerts
[2026-07-27T17:00:26.862Z] GET /alerts

[2026-07-27T17:00:26.862Z]
GET
/alerts
[2026-07-27T17:00:29.840Z] GET /zone/state
[2026-07-27T17:00:29.842Z] GET /zone/state

[2026-07-27T17:00:29.847Z]
GET
/zone/state
[2026-07-27T17:00:29.857Z] GET /alerts
[2026-07-27T17:00:29.858Z] GET /alerts

[2026-07-27T17:00:29.859Z]
GET
/alerts
[2026-07-27T17:00:32.836Z] GET /zone/state
[2026-07-27T17:00:32.837Z] GET /zone/state

[2026-07-27T17:00:32.839Z]
GET
/zone/state
[2026-07-27T17:00:32.847Z] GET /alerts
[2026-07-27T17:00:32.848Z] GET /alerts

[2026-07-27T17:00:32.848Z]
GET
/alerts
[2026-07-27T17:00:35.840Z] GET /zone/state
[2026-07-27T17:00:35.841Z] GET /zone/state

[2026-07-27T17:00:35.842Z]
GET
/zone/state
[2026-07-27T17:00:35.853Z] GET /alerts
[2026-07-27T17:00:35.855Z] GET /alerts

[2026-07-27T17:00:35.856Z]
GET
/alerts
[2026-07-27T17:00:38.831Z] GET /zone/state
[2026-07-27T17:00:38.833Z] GET /zone/state

[2026-07-27T17:00:38.835Z]
GET
/zone/state
[2026-07-27T17:00:38.841Z] GET /alerts
[2026-07-27T17:00:38.842Z] GET /alerts

[2026-07-27T17:00:38.842Z]
GET
/alerts
[2026-07-27T17:00:41.836Z] GET /zone/state
[2026-07-27T17:00:41.837Z] GET /zone/state

[2026-07-27T17:00:41.837Z]
GET
/zone/state
[2026-07-27T17:00:41.844Z] GET /alerts
[2026-07-27T17:00:41.845Z] GET /alerts

[2026-07-27T17:00:41.845Z]
GET
/alerts
[2026-07-27T17:00:44.834Z] GET /zone/state
[2026-07-27T17:00:44.836Z] GET /zone/state

[2026-07-27T17:00:44.837Z]
GET
/zone/state
[2026-07-27T17:00:44.847Z] GET /alerts
[2026-07-27T17:00:44.847Z] GET /alerts

[2026-07-27T17:00:44.848Z]
GET
/alerts
[2026-07-27T17:00:47.839Z] GET /zone/state
[2026-07-27T17:00:47.841Z] GET /zone/state

[2026-07-27T17:00:47.841Z]
GET
/zone/state
[2026-07-27T17:00:47.847Z] GET /alerts
[2026-07-27T17:00:47.848Z] GET /alerts

[2026-07-27T17:00:47.848Z]
GET
/alerts
[2026-07-27T17:00:50.835Z] GET /zone/state
[2026-07-27T17:00:50.836Z] GET /zone/state

[2026-07-27T17:00:50.836Z]
GET
/zone/state
[2026-07-27T17:00:50.841Z] GET /alerts
[2026-07-27T17:00:50.842Z] GET /alerts

[2026-07-27T17:00:50.842Z]
GET
/alerts
[2026-07-27T17:00:53.842Z] GET /zone/state
[2026-07-27T17:00:53.843Z] GET /zone/state

[2026-07-27T17:00:53.843Z]
GET
/zone/state
[2026-07-27T17:00:53.851Z] GET /alerts
[2026-07-27T17:00:53.851Z] GET /alerts

[2026-07-27T17:00:53.852Z]
GET
/alerts
[2026-07-27T17:01:16.534Z] GET /zone/state
[2026-07-27T17:01:16.536Z] GET /zone/state

[2026-07-27T17:01:16.537Z]
GET
/zone/state
[2026-07-27T17:01:16.549Z] GET /alerts
[2026-07-27T17:01:16.551Z] GET /alerts

[2026-07-27T17:01:16.552Z]
GET
/alerts
[2026-07-27T17:01:17.825Z] GET /zone/state
[2026-07-27T17:01:17.827Z] GET /zone/state

[2026-07-27T17:01:17.828Z]
GET
/zone/state
[2026-07-27T17:01:17.837Z] GET /alerts
[2026-07-27T17:01:17.839Z] GET /alerts

[2026-07-27T17:01:17.840Z]
GET
/alerts
[2026-07-27T17:01:18.993Z] GET /api/zones
[2026-07-27T17:01:18.994Z] GET /api/zones

[2026-07-27T17:01:18.995Z]
GET
/api/zones
[2026-07-27T17:01:19.137Z] GET /api/zones
[2026-07-27T17:01:19.142Z] POST /api/execution/request
[2026-07-27T17:01:19.143Z] POST /api/execution/request

[2026-07-27T17:01:19.143Z]
POST
/api/execution/request
[2026-07-27T17:01:19.147Z] POST /api/execution/request
[2026-07-27T17:01:19.148Z] POST /api/execution/request

[2026-07-27T17:01:19.149Z]
POST
/api/execution/request
[2026-07-27T17:01:19.151Z] POST /api/execution/request
[2026-07-27T17:01:19.152Z] POST /api/execution/request

[2026-07-27T17:01:19.152Z]
POST
/api/execution/request
[2026-07-27T17:01:19.154Z] POST /api/execution/request
[2026-07-27T17:01:19.154Z] POST /api/execution/request

[2026-07-27T17:01:19.155Z]
POST
/api/execution/request
[2026-07-27T17:01:19.157Z] GET /api/zones

[2026-07-27T17:01:19.160Z]
GET
/api/zones
[2026-07-27T17:01:19.271Z] POST /api/execution/request
[2026-07-27T17:01:19.271Z] POST /api/execution/request

[2026-07-27T17:01:19.272Z]
POST
/api/execution/request
[2026-07-27T17:01:19.274Z] POST /api/execution/request
[2026-07-27T17:01:19.275Z] POST /api/execution/request

[2026-07-27T17:01:19.276Z]
POST
/api/execution/request
[2026-07-27T17:01:19.280Z] POST /api/execution/request
[2026-07-27T17:01:19.280Z] POST /api/execution/request

[2026-07-27T17:01:19.281Z]
POST
/api/execution/request
[2026-07-27T17:01:19.283Z] POST /api/execution/request
[2026-07-27T17:01:19.284Z] POST /api/execution/request

[2026-07-27T17:01:19.285Z]
POST
/api/execution/request
[2026-07-27T17:01:39.507Z] GET /zone/state
[2026-07-27T17:01:39.512Z] GET /api/analytics/stats
[2026-07-27T17:01:39.513Z] GET /zone/state

[2026-07-27T17:01:39.515Z]
GET
/zone/state
[2026-07-27T17:01:39.530Z] GET /zone/state
[2026-07-27T17:01:39.531Z] GET /api/analytics/stats

[2026-07-27T17:01:39.532Z]
GET
/api/analytics/stats
[2026-07-27T17:01:39.539Z] GET /alerts
[2026-07-27T17:01:39.541Z] GET /api/analytics/stats
[2026-07-27T17:01:39.542Z] GET /zone/state

[2026-07-27T17:01:39.544Z]
GET
/zone/state
[2026-07-27T17:01:39.553Z] GET /alerts

[2026-07-27T17:01:39.554Z]
GET
/alerts
[2026-07-27T17:01:39.560Z] GET /api/analytics/stats

[2026-07-27T17:01:39.561Z]
GET
/api/analytics/stats
[2026-07-27T17:01:39.565Z] GET /alerts
[2026-07-27T17:01:39.567Z] GET /alerts

[2026-07-27T17:01:39.568Z]
GET
/alerts
[2026-07-27T17:01:40.585Z] GET /api/zones
[2026-07-27T17:01:40.587Z] GET /api/zones

[2026-07-27T17:01:40.588Z]
GET
/api/zones
[2026-07-27T17:01:40.727Z] GET /api/zones
[2026-07-27T17:01:40.732Z] POST /api/execution/request
[2026-07-27T17:01:40.732Z] POST /api/execution/request

[2026-07-27T17:01:40.733Z]
POST
/api/execution/request
[2026-07-27T17:01:40.740Z] POST /api/execution/request
[2026-07-27T17:01:40.741Z] POST /api/execution/request

[2026-07-27T17:01:40.742Z]
POST
/api/execution/request
[2026-07-27T17:01:40.747Z] POST /api/execution/request
[2026-07-27T17:01:40.747Z] POST /api/execution/request

[2026-07-27T17:01:40.748Z]
POST
/api/execution/request
[2026-07-27T17:01:40.751Z] POST /api/execution/request
[2026-07-27T17:01:40.751Z] POST /api/execution/request

[2026-07-27T17:01:40.752Z]
POST
/api/execution/request
[2026-07-27T17:01:40.755Z] GET /api/zones

[2026-07-27T17:01:40.756Z]
GET
/api/zones
[2026-07-27T17:01:40.870Z] POST /api/execution/request
[2026-07-27T17:01:40.871Z] POST /api/execution/request

[2026-07-27T17:01:40.880Z]
POST
/api/execution/request
[2026-07-27T17:01:40.888Z] POST /api/execution/request
[2026-07-27T17:01:40.889Z] POST /api/execution/request

[2026-07-27T17:01:40.891Z]
POST
/api/execution/request
[2026-07-27T17:01:40.899Z] POST /api/execution/request
[2026-07-27T17:01:40.899Z] POST /api/execution/request

[2026-07-27T17:01:40.902Z]
POST
/api/execution/request
[2026-07-27T17:01:40.911Z] POST /api/execution/request
[2026-07-27T17:01:40.912Z] POST /api/execution/request

[2026-07-27T17:01:40.914Z]
POST
/api/execution/request
[2026-07-27T17:02:02.272Z] POST /api/action/trigger
[2026-07-27T17:02:02.272Z] POST /api/action/trigger

[2026-07-27T17:02:02.273Z]
POST
/api/action/trigger
[2026-07-27T17:12:23.789Z] GET /api/zone/intelligence?zone_id=1
[2026-07-27T17:12:23.790Z] GET /api/zone/intelligence?zone_id=2
[2026-07-27T17:12:23.791Z] GET /api/zone/intelligence?zone_id=3
[2026-07-27T17:12:23.792Z] GET /api/zone/intelligence?zone_id=4
[2026-07-27T17:12:23.793Z] GET /api/zone/intelligence?zone_id=5
[2026-07-27T17:12:23.795Z] GET /api/zone/intelligence?zone_id=6
[2026-07-27T17:12:23.797Z] GET /api/zone/intelligence?zone_id=1

[2026-07-27T17:12:23.798Z]
GET
/api/zone/intelligence?zone_id=1
[2026-07-27T17:12:23.804Z] GET /api/zone/intelligence?zone_id=2

[2026-07-27T17:12:23.805Z]
GET
/api/zone/intelligence?zone_id=2
[2026-07-27T17:12:23.812Z] GET /api/zone/intelligence?zone_id=3

[2026-07-27T17:12:23.813Z]
GET
/api/zone/intelligence?zone_id=3
[2026-07-27T17:12:23.818Z] GET /api/zone/intelligence?zone_id=4

[2026-07-27T17:12:23.819Z]
GET
/api/zone/intelligence?zone_id=4
[2026-07-27T17:12:23.822Z] GET /api/zone/intelligence?zone_id=5

[2026-07-27T17:12:23.824Z]
GET
/api/zone/intelligence?zone_id=5
[2026-07-27T17:12:23.826Z] GET /api/zone/intelligence?zone_id=6

[2026-07-27T17:12:23.827Z]
GET
/api/zone/intelligence?zone_id=6
[2026-07-27T17:12:23.830Z] GET /api/zone/intelligence?zone_id=1
[2026-07-27T17:12:23.832Z] GET /api/zone/intelligence?zone_id=2
[2026-07-27T17:12:23.834Z] GET /api/zone/intelligence?zone_id=3
[2026-07-27T17:12:23.836Z] GET /api/zone/intelligence?zone_id=4
[2026-07-27T17:12:23.838Z] GET /api/zone/intelligence?zone_id=5
[2026-07-27T17:12:23.839Z] GET /api/zone/intelligence?zone_id=6
[2026-07-27T17:12:23.841Z] GET /api/zone/intelligence?zone_id=1

[2026-07-27T17:12:23.842Z]
GET
/api/zone/intelligence?zone_id=1
[2026-07-27T17:12:23.845Z] GET /api/zone/intelligence?zone_id=2

[2026-07-27T17:12:23.847Z]
GET
/api/zone/intelligence?zone_id=2
[2026-07-27T17:12:23.850Z] GET /api/zone/intelligence?zone_id=3

[2026-07-27T17:12:23.852Z]
GET
/api/zone/intelligence?zone_id=3
[2026-07-27T17:12:23.856Z] GET /api/zone/intelligence?zone_id=4

[2026-07-27T17:12:23.857Z]
GET
/api/zone/intelligence?zone_id=4
[2026-07-27T17:12:23.860Z] GET /api/zone/intelligence?zone_id=5

[2026-07-27T17:12:23.862Z]
GET
/api/zone/intelligence?zone_id=5
[2026-07-27T17:12:23.867Z] GET /api/zone/intelligence?zone_id=6

[2026-07-27T17:12:23.868Z]
GET
/api/zone/intelligence?zone_id=6
[2026-07-27T17:12:28.158Z] GET /api/zones/intelligence
[2026-07-27T17:12:28.159Z] GET /api/zones/intelligence

[2026-07-27T17:12:28.160Z]
GET
/api/zones/intelligence
[2026-07-27T17:12:28.171Z] GET /api/zones/intelligence
[2026-07-27T17:12:28.173Z] GET /api/zones/intelligence

[2026-07-27T17:12:28.174Z]
GET
/api/zones/intelligence
[2026-07-27T17:12:30.017Z] POST /api/execution/trigger
[2026-07-27T17:12:30.018Z] POST /api/execution/trigger

[2026-07-27T17:12:30.019Z]
POST
/api/execution/trigger
[2026-07-27T17:12:30.024Z] POST /execution/request
[2026-07-27T17:12:30.025Z] POST /execution/request

[2026-07-27T17:12:30.025Z]
POST
/execution/request
[2026-07-27T17:12:32.434Z] POST /api/execution/trigger
[2026-07-27T17:12:32.434Z] POST /api/execution/trigger

[2026-07-27T17:12:32.435Z]
POST
/api/execution/trigger
[2026-07-27T17:12:32.439Z] POST /execution/request
[2026-07-27T17:12:32.441Z] POST /execution/request

[2026-07-27T17:12:32.443Z]
POST
/execution/request
[2026-07-27T17:12:33.161Z] GET /api/zones/intelligence
[2026-07-27T17:12:33.163Z] GET /api/zones/intelligence

[2026-07-27T17:12:33.168Z]
GET
/api/zones/intelligence
[2026-07-27T17:12:33.271Z] POST /api/execution/trigger
[2026-07-27T17:12:33.272Z] POST /api/execution/trigger

[2026-07-27T17:12:33.274Z]
POST
/api/execution/trigger
[2026-07-27T17:12:33.279Z] POST /execution/request
[2026-07-27T17:12:33.279Z] POST /execution/request

[2026-07-27T17:12:33.280Z]
POST
/execution/request
[2026-07-27T17:12:34.886Z] GET /api/zones
[2026-07-27T17:12:34.887Z] GET /api/zones

[2026-07-27T17:12:34.888Z]
GET
/api/zones
[2026-07-27T17:12:35.018Z] POST /api/execution/request
[2026-07-27T17:12:35.019Z] POST /api/execution/request

[2026-07-27T17:12:35.020Z]
POST
/api/execution/request
[2026-07-27T17:12:35.023Z] GET /api/zones
[2026-07-27T17:12:35.040Z] POST /api/execution/request
[2026-07-27T17:12:35.041Z] POST /api/execution/request

[2026-07-27T17:12:35.042Z]
POST
/api/execution/request
[2026-07-27T17:12:35.047Z] POST /api/execution/request
[2026-07-27T17:12:35.048Z] POST /api/execution/request

[2026-07-27T17:12:35.049Z]
POST
/api/execution/request
[2026-07-27T17:12:35.053Z] POST /api/execution/request
[2026-07-27T17:12:35.053Z] POST /api/execution/request

[2026-07-27T17:12:35.055Z]
POST
/api/execution/request
[2026-07-27T17:12:35.059Z] GET /api/zones

[2026-07-27T17:12:35.062Z]
GET
/api/zones
[2026-07-27T17:12:35.181Z] POST /api/execution/request
[2026-07-27T17:12:35.182Z] POST /api/execution/request

[2026-07-27T17:12:35.183Z]
POST
/api/execution/request
[2026-07-27T17:12:35.190Z] POST /api/execution/request
[2026-07-27T17:12:35.190Z] POST /api/execution/request

[2026-07-27T17:12:35.191Z]
POST
/api/execution/request
[2026-07-27T17:12:35.196Z] POST /api/execution/request
[2026-07-27T17:12:35.197Z] POST /api/execution/request

[2026-07-27T17:12:35.198Z]
POST
/api/execution/request
[2026-07-27T17:12:35.203Z] POST /api/execution/request
[2026-07-27T17:12:35.204Z] POST /api/execution/request

[2026-07-27T17:12:35.206Z]
POST
/api/execution/request
[2026-07-27T17:12:42.860Z] GET /api/zones
[2026-07-27T17:12:42.861Z] GET /api/zones

[2026-07-27T17:12:42.863Z]
GET
/api/zones
[2026-07-27T17:12:43.010Z] POST /api/execution/request
[2026-07-27T17:12:43.011Z] POST /api/execution/request

[2026-07-27T17:12:43.011Z]
POST
/api/execution/request
[2026-07-27T17:12:43.014Z] POST /api/execution/request
[2026-07-27T17:12:43.014Z] POST /api/execution/request

[2026-07-27T17:12:43.015Z]
POST
/api/execution/request
[2026-07-27T17:12:43.020Z] POST /api/execution/request
[2026-07-27T17:12:43.021Z] POST /api/execution/request

[2026-07-27T17:12:43.021Z]
POST
/api/execution/request
[2026-07-27T17:12:43.026Z] POST /api/execution/request
[2026-07-27T17:12:43.026Z] POST /api/execution/request

[2026-07-27T17:12:43.027Z]
POST
/api/execution/request
[2026-07-27T17:14:46.169Z] GET /api/intelligence-run
[2026-07-27T17:14:46.170Z] GET /api/intelligence-run

[2026-07-27T17:14:46.171Z]
GET
/api/intelligence-run
[2026-07-27T17:15:44.815Z] GET /observability/overview
[2026-07-27T17:15:44.815Z] GET /observability/overview

[2026-07-27T17:15:44.816Z]
GET
/observability/overview
[2026-07-27T17:15:44.820Z] GET /observability/overview
[2026-07-27T17:15:44.821Z] GET /observability/overview

[2026-07-27T17:15:44.821Z]
GET
/observability/overview
[2026-07-27T17:16:04.582Z] GET /api/operations
[2026-07-27T17:16:04.583Z] GET /api/operations

[2026-07-27T17:16:04.588Z]
GET
/api/operations
[2026-07-27T17:16:04.591Z] GET /api/operations
[2026-07-27T17:16:04.592Z] GET /api/operations

[2026-07-27T17:16:04.594Z]
GET
/api/operations
[2026-07-28T04:37:25.651Z] GET /zone/state
[2026-07-28T04:37:25.667Z] GET /api/analytics/stats
[2026-07-28T04:37:25.668Z] GET /zone/state

[2026-07-28T04:37:25.672Z]
GET
/zone/state
[2026-07-28T04:37:25.700Z] GET /zone/state
[2026-07-28T04:37:25.702Z] GET /api/analytics/stats

[2026-07-28T04:37:25.709Z]
GET
/api/analytics/stats
[2026-07-28T04:37:25.783Z] GET /api/analytics/stats
[2026-07-28T04:37:25.785Z] GET /alerts
[2026-07-28T04:37:25.794Z] GET /zone/state

[2026-07-28T04:37:25.800Z]
GET
/zone/state
[2026-07-28T04:37:25.814Z] GET /api/analytics/stats

[2026-07-28T04:37:25.817Z]
GET
/api/analytics/stats
[2026-07-28T04:37:25.832Z] GET /alerts

[2026-07-28T04:37:25.838Z]
GET
/alerts
[2026-07-28T04:37:25.858Z] GET /alerts
[2026-07-28T04:37:25.860Z] GET /alerts

[2026-07-28T04:37:25.862Z]
GET
/alerts
[2026-07-28T04:37:28.651Z] GET /zone/state
[2026-07-28T04:37:28.653Z] GET /zone/state

[2026-07-28T04:37:28.654Z]
GET
/zone/state
[2026-07-28T04:37:28.662Z] GET /alerts
[2026-07-28T04:37:28.664Z] GET /alerts

[2026-07-28T04:37:28.668Z]
GET
/alerts
[2026-07-28T04:37:31.645Z] GET /zone/state
[2026-07-28T04:37:31.647Z] GET /zone/state

[2026-07-28T04:37:31.648Z]
GET
/zone/state
[2026-07-28T04:37:31.706Z] GET /alerts
[2026-07-28T04:37:31.708Z] GET /alerts

[2026-07-28T04:37:31.709Z]
GET
/alerts
[2026-07-28T04:37:34.654Z] GET /zone/state
[2026-07-28T04:37:34.655Z] GET /zone/state

[2026-07-28T04:37:34.656Z]
GET
/zone/state
[2026-07-28T04:37:34.665Z] GET /alerts
[2026-07-28T04:37:34.666Z] GET /alerts

[2026-07-28T04:37:34.673Z]
GET
/alerts
[2026-07-28T04:37:37.654Z] GET /zone/state
[2026-07-28T04:37:37.656Z] GET /zone/state

[2026-07-28T04:37:37.657Z]
GET
/zone/state
[2026-07-28T04:37:37.664Z] GET /alerts
[2026-07-28T04:37:37.665Z] GET /alerts

[2026-07-28T04:37:37.669Z]
GET
/alerts
[2026-07-28T04:37:40.651Z] GET /zone/state
[2026-07-28T04:37:40.652Z] GET /zone/state

[2026-07-28T04:37:40.653Z]
GET
/zone/state
[2026-07-28T04:37:40.658Z] GET /alerts
[2026-07-28T04:37:40.659Z] GET /alerts

[2026-07-28T04:37:40.661Z]
GET
/alerts
[2026-07-28T04:37:43.642Z] GET /zone/state
[2026-07-28T04:37:43.643Z] GET /zone/state

[2026-07-28T04:37:43.646Z]
GET
/zone/state
[2026-07-28T04:37:43.651Z] GET /alerts
[2026-07-28T04:37:43.652Z] GET /alerts

[2026-07-28T04:37:43.658Z]
GET
/alerts
[2026-07-28T04:37:46.644Z] GET /zone/state
[2026-07-28T04:37:46.645Z] GET /zone/state

[2026-07-28T04:37:46.650Z]
GET
/zone/state
[2026-07-28T04:37:46.663Z] GET /alerts
[2026-07-28T04:37:46.664Z] GET /alerts

[2026-07-28T04:37:46.666Z]
GET
/alerts
[2026-07-28T04:37:49.650Z] GET /zone/state
[2026-07-28T04:37:49.651Z] GET /zone/state

[2026-07-28T04:37:49.653Z]
GET
/zone/state
[2026-07-28T04:37:49.668Z] GET /alerts
[2026-07-28T04:37:49.669Z] GET /alerts

[2026-07-28T04:37:49.671Z]
GET
/alerts
[2026-07-28T04:37:52.643Z] GET /zone/state
[2026-07-28T04:37:52.644Z] GET /zone/state

[2026-07-28T04:37:52.648Z]
GET
/zone/state
[2026-07-28T04:37:52.654Z] GET /alerts
[2026-07-28T04:37:52.655Z] GET /alerts

[2026-07-28T04:37:52.656Z]
GET
/alerts
[2026-07-28T04:37:55.641Z] GET /zone/state
[2026-07-28T04:37:55.642Z] GET /zone/state

[2026-07-28T04:37:55.643Z]
GET
/zone/state
[2026-07-28T04:37:55.647Z] GET /alerts
[2026-07-28T04:37:55.648Z] GET /alerts

[2026-07-28T04:37:55.651Z]
GET
/alerts
[2026-07-28T04:37:58.646Z] GET /zone/state
[2026-07-28T04:37:58.647Z] GET /zone/state

[2026-07-28T04:37:58.652Z]
GET
/zone/state
[2026-07-28T04:37:58.675Z] GET /alerts
[2026-07-28T04:37:58.681Z] GET /alerts

[2026-07-28T04:37:58.690Z]
GET
/alerts
[2026-07-28T04:38:01.653Z] GET /zone/state
[2026-07-28T04:38:01.654Z] GET /zone/state

[2026-07-28T04:38:01.655Z]
GET
/zone/state
[2026-07-28T04:38:01.660Z] GET /alerts
[2026-07-28T04:38:01.661Z] GET /alerts

[2026-07-28T04:38:01.663Z]
GET
/alerts
[2026-07-28T04:38:04.648Z] GET /zone/state
[2026-07-28T04:38:04.649Z] GET /zone/state

[2026-07-28T04:38:04.651Z]
GET
/zone/state
[2026-07-28T04:38:04.661Z] GET /alerts
[2026-07-28T04:38:04.664Z] GET /alerts

[2026-07-28T04:38:04.664Z]
GET
/alerts
[2026-07-28T04:38:07.648Z] GET /zone/state
[2026-07-28T04:38:07.650Z] GET /zone/state

[2026-07-28T04:38:07.651Z]
GET
/zone/state
[2026-07-28T04:38:07.656Z] GET /alerts
[2026-07-28T04:38:07.657Z] GET /alerts

[2026-07-28T04:38:07.659Z]
GET
/alerts
[2026-07-28T04:38:10.656Z] GET /zone/state
[2026-07-28T04:38:10.658Z] GET /zone/state

[2026-07-28T04:38:10.659Z]
GET
/zone/state
[2026-07-28T04:38:10.666Z] GET /alerts
[2026-07-28T04:38:10.667Z] GET /alerts

[2026-07-28T04:38:10.668Z]
GET
/alerts
[2026-07-28T04:38:13.652Z] GET /zone/state
[2026-07-28T04:38:13.655Z] GET /zone/state

[2026-07-28T04:38:13.663Z]
GET
/zone/state
[2026-07-28T04:38:13.702Z] GET /alerts
[2026-07-28T04:38:13.704Z] GET /alerts

[2026-07-28T04:38:13.705Z]
GET
/alerts
[2026-07-28T04:38:16.654Z] GET /zone/state
[2026-07-28T04:38:16.656Z] GET /zone/state

[2026-07-28T04:38:16.656Z]
GET
/zone/state
[2026-07-28T04:38:16.661Z] GET /alerts
[2026-07-28T04:38:16.661Z] GET /alerts

[2026-07-28T04:38:16.664Z]
GET
/alerts
[2026-07-28T04:38:19.646Z] GET /zone/state
[2026-07-28T04:38:19.648Z] GET /zone/state

[2026-07-28T04:38:19.649Z]
GET
/zone/state
[2026-07-28T04:38:19.654Z] GET /alerts
[2026-07-28T04:38:19.655Z] GET /alerts

[2026-07-28T04:38:19.656Z]
GET
/alerts
[2026-07-28T04:38:22.644Z] GET /zone/state
[2026-07-28T04:38:22.645Z] GET /zone/state

[2026-07-28T04:38:22.646Z]
GET
/zone/state
[2026-07-28T04:38:22.651Z] GET /alerts
[2026-07-28T04:38:22.653Z] GET /alerts

[2026-07-28T04:38:22.654Z]
GET
/alerts
[2026-07-28T04:38:25.662Z] GET /zone/state
[2026-07-28T04:38:25.664Z] GET /zone/state

[2026-07-28T04:38:25.665Z]
GET
/zone/state
[2026-07-28T04:38:25.676Z] GET /alerts
[2026-07-28T04:38:25.677Z] GET /alerts

[2026-07-28T04:38:25.679Z]
GET
/alerts
[2026-07-28T04:38:28.651Z] GET /zone/state
[2026-07-28T04:38:28.654Z] GET /zone/state

[2026-07-28T04:38:28.659Z]
GET
/zone/state
[2026-07-28T04:38:28.674Z] GET /alerts
[2026-07-28T04:38:28.676Z] GET /alerts

[2026-07-28T04:38:28.677Z]
GET
/alerts
[2026-07-28T04:38:31.848Z] GET /zone/state
[2026-07-28T04:38:31.850Z] GET /zone/state

[2026-07-28T04:38:31.852Z]
GET
/zone/state
[2026-07-28T04:38:31.870Z] GET /alerts
[2026-07-28T04:38:31.872Z] GET /alerts

[2026-07-28T04:38:31.873Z]
GET
/alerts
[2026-07-28T04:38:34.844Z] GET /zone/state
[2026-07-28T04:38:34.845Z] GET /zone/state

[2026-07-28T04:38:34.848Z]
GET
/zone/state
[2026-07-28T04:38:34.854Z] GET /alerts
[2026-07-28T04:38:34.855Z] GET /alerts

[2026-07-28T04:38:34.857Z]
GET
/alerts
[2026-07-28T04:38:37.876Z] GET /zone/state
[2026-07-28T04:38:37.877Z] GET /zone/state

[2026-07-28T04:38:37.879Z]
GET
/zone/state
[2026-07-28T04:38:37.890Z] GET /alerts
[2026-07-28T04:38:37.891Z] GET /alerts

[2026-07-28T04:38:37.892Z]
GET
/alerts
[2026-07-28T04:38:40.845Z] GET /zone/state
[2026-07-28T04:38:40.846Z] GET /zone/state

[2026-07-28T04:38:40.850Z]
GET
/zone/state
[2026-07-28T04:38:40.883Z] GET /alerts
[2026-07-28T04:38:40.884Z] GET /alerts

[2026-07-28T04:38:40.884Z]
GET
/alerts
[2026-07-28T04:38:43.890Z] GET /zone/state
[2026-07-28T04:38:43.891Z] GET /zone/state

[2026-07-28T04:38:43.892Z]
GET
/zone/state
[2026-07-28T04:38:43.900Z] GET /alerts
[2026-07-28T04:38:43.901Z] GET /alerts

[2026-07-28T04:38:43.902Z]
GET
/alerts
[2026-07-28T04:38:46.844Z] GET /zone/state
[2026-07-28T04:38:46.845Z] GET /zone/state

[2026-07-28T04:38:46.846Z]
GET
/zone/state
[2026-07-28T04:38:46.854Z] GET /alerts
[2026-07-28T04:38:46.855Z] GET /alerts

[2026-07-28T04:38:46.856Z]
GET
/alerts
[2026-07-28T04:38:49.852Z] GET /zone/state
[2026-07-28T04:38:49.853Z] GET /zone/state

[2026-07-28T04:38:49.854Z]
GET
/zone/state
[2026-07-28T04:38:49.862Z] GET /alerts
[2026-07-28T04:38:49.864Z] GET /alerts

[2026-07-28T04:38:49.865Z]
GET
/alerts
[2026-07-28T04:38:52.857Z] GET /zone/state
[2026-07-28T04:38:52.858Z] GET /zone/state

[2026-07-28T04:38:52.859Z]
GET
/zone/state
[2026-07-28T04:38:52.873Z] GET /alerts
[2026-07-28T04:38:52.875Z] GET /alerts

[2026-07-28T04:38:52.876Z]
GET
/alerts
[2026-07-28T04:38:55.856Z] GET /zone/state
[2026-07-28T04:38:55.857Z] GET /zone/state

[2026-07-28T04:38:55.859Z]
GET
/zone/state
[2026-07-28T04:38:55.866Z] GET /alerts
[2026-07-28T04:38:55.868Z] GET /alerts

[2026-07-28T04:38:55.869Z]
GET
/alerts
[2026-07-28T04:38:58.856Z] GET /zone/state
[2026-07-28T04:38:58.861Z] GET /zone/state

[2026-07-28T04:38:58.867Z]
GET
/zone/state
[2026-07-28T04:38:58.916Z] GET /alerts
[2026-07-28T04:38:58.918Z] GET /alerts

[2026-07-28T04:38:58.920Z]
GET
/alerts
[2026-07-28T04:39:01.889Z] GET /zone/state
[2026-07-28T04:39:01.891Z] GET /zone/state

[2026-07-28T04:39:01.893Z]
GET
/zone/state
[2026-07-28T04:39:01.910Z] GET /alerts
[2026-07-28T04:39:01.911Z] GET /alerts

[2026-07-28T04:39:01.912Z]
GET
/alerts
[2026-07-28T04:39:04.860Z] GET /zone/state
[2026-07-28T04:39:04.862Z] GET /zone/state

[2026-07-28T04:39:04.865Z]
GET
/zone/state
[2026-07-28T04:39:04.873Z] GET /alerts
[2026-07-28T04:39:04.875Z] GET /alerts

[2026-07-28T04:39:04.880Z]
GET
/alerts
[2026-07-28T04:39:08.196Z] GET /zone/state
[2026-07-28T04:39:08.197Z] GET /zone/state

[2026-07-28T04:39:08.197Z]
GET
/zone/state
[2026-07-28T04:39:08.558Z] GET /alerts
[2026-07-28T04:39:08.559Z] GET /alerts

[2026-07-28T04:39:08.561Z]
GET
/alerts
[2026-07-28T04:39:10.842Z] GET /zone/state
[2026-07-28T04:39:10.843Z] GET /zone/state

[2026-07-28T04:39:10.846Z]
GET
/zone/state
[2026-07-28T04:39:10.856Z] GET /alerts
[2026-07-28T04:39:10.857Z] GET /alerts

[2026-07-28T04:39:10.858Z]
GET
/alerts
[2026-07-28T04:39:13.852Z] GET /zone/state
[2026-07-28T04:39:13.853Z] GET /zone/state

[2026-07-28T04:39:13.854Z]
GET
/zone/state
[2026-07-28T04:39:13.868Z] GET /alerts
[2026-07-28T04:39:13.869Z] GET /alerts

[2026-07-28T04:39:13.870Z]
GET
/alerts
[2026-07-28T04:39:18.905Z] GET /zone/state
[2026-07-28T04:39:18.906Z] GET /zone/state

[2026-07-28T04:39:18.908Z]
GET
/zone/state
[2026-07-28T04:39:18.917Z] GET /alerts
[2026-07-28T04:39:18.918Z] GET /alerts

[2026-07-28T04:39:18.928Z]
GET
/alerts
[2026-07-28T04:39:20.965Z] GET /zone/state
[2026-07-28T04:39:20.967Z] GET /zone/state

[2026-07-28T04:39:20.968Z]
GET
/zone/state
[2026-07-28T04:39:20.989Z] GET /alerts
[2026-07-28T04:39:20.991Z] GET /alerts

[2026-07-28T04:39:20.992Z]
GET
/alerts
[2026-07-28T04:39:23.063Z] GET /zone/state
[2026-07-28T04:39:23.064Z] GET /zone/state

[2026-07-28T04:39:23.065Z]
GET
/zone/state
[2026-07-28T04:39:23.071Z] GET /alerts
[2026-07-28T04:39:23.072Z] GET /alerts

[2026-07-28T04:39:23.072Z]
GET
/alerts
[2026-07-28T04:39:25.878Z] GET /zone/state
[2026-07-28T04:39:25.878Z] GET /zone/state

[2026-07-28T04:39:25.882Z]
GET
/zone/state
[2026-07-28T04:39:25.889Z] GET /alerts
[2026-07-28T04:39:25.890Z] GET /alerts

[2026-07-28T04:39:25.891Z]
GET
/alerts
[2026-07-28T04:39:28.854Z] GET /zone/state
[2026-07-28T04:39:28.856Z] GET /zone/state

[2026-07-28T04:39:28.859Z]
GET
/zone/state
[2026-07-28T04:39:28.874Z] GET /alerts
[2026-07-28T04:39:28.875Z] GET /alerts

[2026-07-28T04:39:28.876Z]
GET
/alerts
[2026-07-28T04:40:22.863Z] GET /zone/state
[2026-07-28T04:40:22.865Z] GET /zone/state

[2026-07-28T04:40:22.866Z]
GET
/zone/state
[2026-07-28T04:40:22.909Z] GET /alerts
[2026-07-28T04:40:22.910Z] GET /alerts

[2026-07-28T04:40:22.912Z]
GET
/alerts
[2026-07-28T04:41:22.886Z] GET /zone/state
[2026-07-28T04:41:22.887Z] GET /zone/state

[2026-07-28T04:41:22.888Z]
GET
/zone/state
[2026-07-28T04:41:22.897Z] GET /alerts
[2026-07-28T04:41:22.898Z] GET /alerts

[2026-07-28T04:41:22.900Z]
GET
/alerts
[2026-07-28T04:42:22.877Z] GET /zone/state
[2026-07-28T04:42:22.879Z] GET /zone/state

[2026-07-28T04:42:22.885Z]
GET
/zone/state
[2026-07-28T04:42:22.896Z] GET /alerts
[2026-07-28T04:42:22.897Z] GET /alerts

[2026-07-28T04:42:22.900Z]
GET
/alerts
[2026-07-28T04:49:46.645Z] GET /zone/state
[2026-07-28T04:49:46.647Z] GET /zone/state

[2026-07-28T04:49:46.677Z]
GET
/zone/state
[2026-07-28T04:49:46.776Z] GET /zone/state
[2026-07-28T04:49:46.778Z] GET /alerts
[2026-07-28T04:49:46.787Z] GET /zone/state

[2026-07-28T04:49:46.807Z]
GET
/zone/state
[2026-07-28T04:49:46.860Z] GET /alerts

[2026-07-28T04:49:46.879Z]
GET
/alerts
[2026-07-28T04:49:46.958Z] GET /alerts
[2026-07-28T04:49:46.966Z] GET /alerts

[2026-07-28T04:49:46.978Z]
GET
/alerts
[2026-07-28T04:49:49.652Z] GET /zone/state
[2026-07-28T04:49:49.653Z] GET /zone/state

[2026-07-28T04:49:49.660Z]
GET
/zone/state
[2026-07-28T04:49:49.690Z] GET /alerts
[2026-07-28T04:49:49.700Z] GET /alerts

[2026-07-28T04:49:49.706Z]
GET
/alerts
[2026-07-28T04:49:52.658Z] GET /zone/state
[2026-07-28T04:49:52.659Z] GET /zone/state

[2026-07-28T04:49:52.662Z]
GET
/zone/state
[2026-07-28T04:49:52.681Z] GET /alerts
[2026-07-28T04:49:52.693Z] GET /alerts

[2026-07-28T04:49:52.703Z]
GET
/alerts
[2026-07-28T04:49:55.656Z] GET /zone/state
[2026-07-28T04:49:55.657Z] GET /zone/state

[2026-07-28T04:49:55.659Z]
GET
/zone/state
[2026-07-28T04:49:55.671Z] GET /alerts
[2026-07-28T04:49:55.673Z] GET /alerts

[2026-07-28T04:49:55.679Z]
GET
/alerts
[2026-07-28T04:49:58.654Z] GET /zone/state
[2026-07-28T04:49:58.656Z] GET /zone/state

[2026-07-28T04:49:58.661Z]
GET
/zone/state
[2026-07-28T04:49:58.684Z] GET /alerts
[2026-07-28T04:49:58.694Z] GET /alerts

[2026-07-28T04:49:58.699Z]
GET
/alerts
[2026-07-28T04:50:01.644Z] GET /zone/state
[2026-07-28T04:50:01.646Z] GET /zone/state

[2026-07-28T04:50:01.647Z]
GET
/zone/state
[2026-07-28T04:50:01.658Z] GET /alerts
[2026-07-28T04:50:01.659Z] GET /alerts

[2026-07-28T04:50:01.660Z]
GET
/alerts
[2026-07-28T04:50:04.648Z] GET /zone/state
[2026-07-28T04:50:04.649Z] GET /zone/state

[2026-07-28T04:50:04.651Z]
GET
/zone/state
[2026-07-28T04:50:04.658Z] GET /alerts
[2026-07-28T04:50:04.660Z] GET /alerts

[2026-07-28T04:50:04.661Z]
GET
/alerts
[2026-07-28T04:50:07.644Z] GET /zone/state
[2026-07-28T04:50:07.645Z] GET /zone/state

[2026-07-28T04:50:07.645Z]
GET
/zone/state
[2026-07-28T04:50:07.651Z] GET /alerts
[2026-07-28T04:50:07.651Z] GET /alerts

[2026-07-28T04:50:07.652Z]
GET
/alerts
[2026-07-28T04:50:10.842Z] GET /zone/state
[2026-07-28T04:50:10.844Z] GET /zone/state

[2026-07-28T04:50:10.845Z]
GET
/zone/state
[2026-07-28T04:50:10.853Z] GET /alerts
[2026-07-28T04:50:10.856Z] GET /alerts

[2026-07-28T04:50:10.858Z]
GET
/alerts
[2026-07-28T04:50:13.851Z] GET /zone/state
[2026-07-28T04:50:13.852Z] GET /zone/state

[2026-07-28T04:50:13.853Z]
GET
/zone/state
[2026-07-28T04:50:13.877Z] GET /alerts
[2026-07-28T04:50:13.879Z] GET /alerts

[2026-07-28T04:50:13.881Z]
GET
/alerts
[2026-07-28T04:50:16.848Z] GET /zone/state
[2026-07-28T04:50:16.849Z] GET /zone/state

[2026-07-28T04:50:16.850Z]
GET
/zone/state
[2026-07-28T04:50:16.860Z] GET /alerts
[2026-07-28T04:50:16.861Z] GET /alerts

[2026-07-28T04:50:16.862Z]
GET
/alerts
[2026-07-28T04:50:19.856Z] GET /zone/state
[2026-07-28T04:50:19.858Z] GET /zone/state

[2026-07-28T04:50:19.859Z]
GET
/zone/state
[2026-07-28T04:50:19.908Z] GET /alerts
[2026-07-28T04:50:19.909Z] GET /alerts

[2026-07-28T04:50:19.910Z]
GET
/alerts
[2026-07-28T04:50:24.114Z] GET /zone/state
[2026-07-28T04:50:24.115Z] GET /zone/state

[2026-07-28T04:50:24.116Z]
GET
/zone/state
[2026-07-28T04:50:24.129Z] GET /alerts
[2026-07-28T04:50:24.130Z] GET /alerts

[2026-07-28T04:50:24.131Z]
GET
/alerts
[2026-07-28T04:50:25.998Z] GET /zone/state
[2026-07-28T04:50:25.999Z] GET /zone/state

[2026-07-28T04:50:26.000Z]
GET
/zone/state
[2026-07-28T04:50:26.007Z] GET /alerts
[2026-07-28T04:50:26.008Z] GET /alerts

[2026-07-28T04:50:26.009Z]
GET
/alerts
[2026-07-28T04:50:29.425Z] GET /zone/state
[2026-07-28T04:50:29.427Z] GET /zone/state

[2026-07-28T04:50:29.433Z]
GET
/zone/state
[2026-07-28T04:50:29.455Z] GET /alerts
[2026-07-28T04:50:29.457Z] GET /alerts

[2026-07-28T04:50:29.457Z]
GET
/alerts
[2026-07-28T04:50:31.895Z] GET /zone/state
[2026-07-28T04:50:31.896Z] GET /zone/state

[2026-07-28T04:50:31.897Z]
GET
/zone/state
[2026-07-28T04:50:32.021Z] GET /alerts
[2026-07-28T04:50:32.022Z] GET /alerts

[2026-07-28T04:50:32.022Z]
GET
/alerts
[2026-07-28T04:50:34.848Z] GET /zone/state
[2026-07-28T04:50:34.849Z] GET /zone/state

[2026-07-28T04:50:34.851Z]
GET
/zone/state
[2026-07-28T04:50:34.876Z] GET /alerts
[2026-07-28T04:50:34.878Z] GET /alerts

[2026-07-28T04:50:34.879Z]
GET
/alerts
[2026-07-28T04:50:38.257Z] GET /zone/state
[2026-07-28T04:50:38.258Z] GET /zone/state

[2026-07-28T04:50:38.262Z]
GET
/zone/state
[2026-07-28T04:50:38.332Z] GET /alerts
[2026-07-28T04:50:38.334Z] GET /alerts

[2026-07-28T04:50:38.337Z]
GET
/alerts
[2026-07-28T04:50:40.919Z] GET /zone/state
[2026-07-28T04:50:40.920Z] GET /zone/state

[2026-07-28T04:50:40.925Z]
GET
/zone/state
[2026-07-28T04:50:40.969Z] GET /alerts
[2026-07-28T04:50:40.971Z] GET /alerts

[2026-07-28T04:50:40.972Z]
GET
/alerts
[2026-07-28T04:50:43.844Z] GET /zone/state
[2026-07-28T04:50:43.845Z] GET /zone/state

[2026-07-28T04:50:43.846Z]
GET
/zone/state
[2026-07-28T04:50:43.856Z] GET /alerts
[2026-07-28T04:50:43.857Z] GET /alerts

[2026-07-28T04:50:43.858Z]
GET
/alerts
[2026-07-28T04:50:46.861Z] GET /zone/state
[2026-07-28T04:50:46.863Z] GET /zone/state

[2026-07-28T04:50:46.864Z]
GET
/zone/state
[2026-07-28T04:50:46.871Z] GET /alerts
[2026-07-28T04:50:46.872Z] GET /alerts

[2026-07-28T04:50:46.873Z]
GET
/alerts
[2026-07-28T04:50:49.847Z] GET /zone/state
[2026-07-28T04:50:49.848Z] GET /zone/state

[2026-07-28T04:50:49.849Z]
GET
/zone/state
[2026-07-28T04:50:49.861Z] GET /alerts
[2026-07-28T04:50:49.861Z] GET /alerts

[2026-07-28T04:50:49.862Z]
GET
/alerts
[2026-07-28T04:50:52.830Z] GET /zone/state
[2026-07-28T04:50:52.830Z] GET /zone/state

[2026-07-28T04:50:52.836Z]
GET
/zone/state
[2026-07-28T04:50:52.858Z] GET /alerts
[2026-07-28T04:50:52.859Z] GET /alerts

[2026-07-28T04:50:52.860Z]
GET
/alerts
[2026-07-28T04:50:55.918Z] GET /zone/state
[2026-07-28T04:50:55.920Z] GET /zone/state

[2026-07-28T04:50:55.920Z]
GET
/zone/state
[2026-07-28T04:50:55.928Z] GET /alerts
[2026-07-28T04:50:55.928Z] GET /alerts

[2026-07-28T04:50:55.929Z]
GET
/alerts
[2026-07-28T04:50:58.874Z] GET /zone/state
[2026-07-28T04:50:58.875Z] GET /zone/state

[2026-07-28T04:50:58.876Z]
GET
/zone/state
[2026-07-28T04:50:58.882Z] GET /alerts
[2026-07-28T04:50:58.883Z] GET /alerts

[2026-07-28T04:50:58.884Z]
GET
/alerts
[2026-07-28T04:51:01.876Z] GET /zone/state
[2026-07-28T04:51:01.878Z] GET /zone/state

[2026-07-28T04:51:01.880Z]
GET
/zone/state
[2026-07-28T04:51:01.892Z] GET /alerts
[2026-07-28T04:51:01.893Z] GET /alerts

[2026-07-28T04:51:01.894Z]
GET
/alerts
[2026-07-28T04:51:04.856Z] GET /zone/state
[2026-07-28T04:51:04.857Z] GET /zone/state

[2026-07-28T04:51:04.859Z]
GET
/zone/state
[2026-07-28T04:51:04.878Z] GET /alerts
[2026-07-28T04:51:04.879Z] GET /alerts

[2026-07-28T04:51:04.880Z]
GET
/alerts
[2026-07-28T04:51:07.863Z] GET /zone/state
[2026-07-28T04:51:07.863Z] GET /zone/state

[2026-07-28T04:51:07.864Z]
GET
/zone/state
[2026-07-28T04:51:07.870Z] GET /alerts
[2026-07-28T04:51:07.871Z] GET /alerts

[2026-07-28T04:51:07.871Z]
GET
/alerts
[2026-07-28T04:51:10.886Z] GET /zone/state
[2026-07-28T04:51:10.887Z] GET /zone/state

[2026-07-28T04:51:10.887Z]
GET
/zone/state
[2026-07-28T04:51:10.892Z] GET /alerts
[2026-07-28T04:51:10.893Z] GET /alerts

[2026-07-28T04:51:10.893Z]
GET
/alerts
[2026-07-28T04:51:13.852Z] GET /zone/state
[2026-07-28T04:51:13.853Z] GET /zone/state

[2026-07-28T04:51:13.856Z]
GET
/zone/state
[2026-07-28T04:51:13.863Z] GET /alerts
[2026-07-28T04:51:13.864Z] GET /alerts

[2026-07-28T04:51:13.864Z]
GET
/alerts
[2026-07-28T04:51:16.858Z] GET /zone/state
[2026-07-28T04:51:16.860Z] GET /zone/state

[2026-07-28T04:51:16.860Z]
GET
/zone/state
[2026-07-28T04:51:16.867Z] GET /alerts
[2026-07-28T04:51:16.868Z] GET /alerts

[2026-07-28T04:51:16.868Z]
GET
/alerts
[2026-07-28T04:51:19.851Z] GET /zone/state
[2026-07-28T04:51:19.853Z] GET /zone/state

[2026-07-28T04:51:19.855Z]
GET
/zone/state
[2026-07-28T04:51:19.880Z] GET /alerts
[2026-07-28T04:51:19.881Z] GET /alerts

[2026-07-28T04:51:19.882Z]
GET
/alerts
[2026-07-28T04:51:22.901Z] GET /zone/state
[2026-07-28T04:51:22.902Z] GET /zone/state

[2026-07-28T04:51:22.903Z]
GET
/zone/state
[2026-07-28T04:51:22.912Z] GET /alerts
[2026-07-28T04:51:22.913Z] GET /alerts

[2026-07-28T04:51:22.914Z]
GET
/alerts
[2026-07-28T04:51:25.855Z] GET /zone/state
[2026-07-28T04:51:25.856Z] GET /zone/state

[2026-07-28T04:51:25.857Z]
GET
/zone/state
[2026-07-28T04:51:25.864Z] GET /alerts
[2026-07-28T04:51:25.865Z] GET /alerts

[2026-07-28T04:51:25.865Z]
GET
/alerts
[2026-07-28T04:51:28.644Z] GET /zone/state
[2026-07-28T04:51:28.646Z] GET /zone/state

[2026-07-28T04:51:28.646Z]
GET
/zone/state
[2026-07-28T04:51:28.654Z] GET /alerts
[2026-07-28T04:51:28.654Z] GET /alerts

[2026-07-28T04:51:28.656Z]
GET
/alerts
[2026-07-28T04:51:31.854Z] GET /zone/state
[2026-07-28T04:51:31.855Z] GET /zone/state

[2026-07-28T04:51:31.856Z]
GET
/zone/state
[2026-07-28T04:51:31.862Z] GET /alerts
[2026-07-28T04:51:31.862Z] GET /alerts

[2026-07-28T04:51:31.863Z]
GET
/alerts
[2026-07-28T04:51:34.851Z] GET /zone/state
[2026-07-28T04:51:34.853Z] GET /zone/state

[2026-07-28T04:51:34.853Z]
GET
/zone/state
[2026-07-28T04:51:34.869Z] GET /alerts
[2026-07-28T04:51:34.870Z] GET /alerts

[2026-07-28T04:51:34.871Z]
GET
/alerts
[2026-07-28T04:51:37.845Z] GET /zone/state
[2026-07-28T04:51:37.846Z] GET /zone/state

[2026-07-28T04:51:37.847Z]
GET
/zone/state
[2026-07-28T04:51:37.855Z] GET /alerts
[2026-07-28T04:51:37.856Z] GET /alerts

[2026-07-28T04:51:37.857Z]
GET
/alerts
[2026-07-28T04:51:40.843Z] GET /zone/state
[2026-07-28T04:51:40.845Z] GET /zone/state

[2026-07-28T04:51:40.846Z]
GET
/zone/state
[2026-07-28T04:51:40.852Z] GET /alerts
[2026-07-28T04:51:40.854Z] GET /alerts

[2026-07-28T04:51:40.855Z]
GET
/alerts
[2026-07-28T04:51:43.840Z] GET /zone/state
[2026-07-28T04:51:43.841Z] GET /zone/state

[2026-07-28T04:51:43.842Z]
GET
/zone/state
[2026-07-28T04:51:43.848Z] GET /alerts
[2026-07-28T04:51:43.849Z] GET /alerts

[2026-07-28T04:51:43.850Z]
GET
/alerts
[2026-07-28T04:51:46.854Z] GET /zone/state
[2026-07-28T04:51:46.855Z] GET /zone/state

[2026-07-28T04:51:46.855Z]
GET
/zone/state
[2026-07-28T04:51:46.860Z] GET /alerts
[2026-07-28T04:51:46.861Z] GET /alerts

[2026-07-28T04:51:46.862Z]
GET
/alerts
[2026-07-28T04:51:49.845Z] GET /zone/state
[2026-07-28T04:51:49.847Z] GET /zone/state

[2026-07-28T04:51:49.848Z]
GET
/zone/state
[2026-07-28T04:51:49.856Z] GET /alerts
[2026-07-28T04:51:49.857Z] GET /alerts

[2026-07-28T04:51:49.858Z]
GET
/alerts
[2026-07-28T04:51:52.649Z] GET /zone/state
[2026-07-28T04:51:52.651Z] GET /zone/state

[2026-07-28T04:51:52.654Z]
GET
/zone/state
[2026-07-28T04:51:52.666Z] GET /alerts
[2026-07-28T04:51:52.667Z] GET /alerts

[2026-07-28T04:51:52.669Z]
GET
/alerts
[2026-07-28T04:51:55.701Z] GET /zone/state
[2026-07-28T04:51:55.702Z] GET /zone/state

[2026-07-28T04:51:55.703Z]
GET
/zone/state
[2026-07-28T04:51:55.711Z] GET /alerts
[2026-07-28T04:51:55.712Z] GET /alerts

[2026-07-28T04:51:55.712Z]
GET
/alerts
[2026-07-28T04:51:57.301Z] GET /zone/state
[2026-07-28T04:51:57.303Z] GET /api/analytics/stats
[2026-07-28T04:51:57.303Z] GET /zone/state

[2026-07-28T04:51:57.304Z]
GET
/zone/state
[2026-07-28T04:51:57.310Z] GET /zone/state
[2026-07-28T04:51:57.311Z] GET /api/analytics/stats

[2026-07-28T04:51:57.313Z]
GET
/api/analytics/stats
[2026-07-28T04:51:57.317Z] GET /zone/state

[2026-07-28T04:51:57.317Z]
GET
/zone/state
[2026-07-28T04:51:57.323Z] GET /api/analytics/stats
[2026-07-28T04:51:57.325Z] GET /api/analytics/stats

[2026-07-28T04:51:57.325Z]
GET
/api/analytics/stats
[2026-07-28T04:51:57.337Z] GET /alerts
[2026-07-28T04:51:57.338Z] GET /alerts

[2026-07-28T04:51:57.339Z]
GET
/alerts
[2026-07-28T04:51:57.344Z] GET /alerts
[2026-07-28T04:51:57.345Z] GET /alerts

[2026-07-28T04:51:57.351Z]
GET
/alerts
[2026-07-28T04:52:00.311Z] GET /zone/state
[2026-07-28T04:52:00.313Z] GET /zone/state

[2026-07-28T04:52:00.313Z]
GET
/zone/state
[2026-07-28T04:52:00.319Z] GET /alerts
[2026-07-28T04:52:00.320Z] GET /alerts

[2026-07-28T04:52:00.321Z]
GET
/alerts
[2026-07-28T04:52:03.395Z] GET /zone/state
[2026-07-28T04:52:03.398Z] GET /zone/state

[2026-07-28T04:52:03.403Z]
GET
/zone/state
[2026-07-28T04:52:03.423Z] GET /alerts
[2026-07-28T04:52:03.424Z] GET /alerts

[2026-07-28T04:52:03.424Z]
GET
/alerts
[2026-07-28T04:52:06.305Z] GET /zone/state
[2026-07-28T04:52:06.305Z] GET /zone/state

[2026-07-28T04:52:06.306Z]
GET
/zone/state
[2026-07-28T04:52:06.311Z] GET /alerts
[2026-07-28T04:52:06.312Z] GET /alerts

[2026-07-28T04:52:06.313Z]
GET
/alerts
[2026-07-28T04:52:09.309Z] GET /zone/state
[2026-07-28T04:52:09.311Z] GET /zone/state

[2026-07-28T04:52:09.313Z]
GET
/zone/state
[2026-07-28T04:52:09.321Z] GET /alerts
[2026-07-28T04:52:09.322Z] GET /alerts

[2026-07-28T04:52:09.325Z]
GET
/alerts
[2026-07-28T04:52:11.070Z] GET /api/zones
[2026-07-28T04:52:11.071Z] GET /api/zones

[2026-07-28T04:52:11.075Z]
GET
/api/zones
[2026-07-28T04:52:11.260Z] GET /api/zones
[2026-07-28T04:52:11.267Z] POST /api/execution/request
[2026-07-28T04:52:11.268Z] POST /api/execution/request

[2026-07-28T04:52:11.269Z]
POST
/api/execution/request
[2026-07-28T04:52:11.273Z] POST /api/execution/request
[2026-07-28T04:52:11.274Z] POST /api/execution/request

[2026-07-28T04:52:11.274Z]
POST
/api/execution/request
[2026-07-28T04:52:11.277Z] POST /api/execution/request
[2026-07-28T04:52:11.277Z] POST /api/execution/request

[2026-07-28T04:52:11.278Z]
POST
/api/execution/request
[2026-07-28T04:52:11.281Z] POST /api/execution/request
[2026-07-28T04:52:11.281Z] POST /api/execution/request

[2026-07-28T04:52:11.282Z]
POST
/api/execution/request
[2026-07-28T04:52:11.284Z] GET /api/zones

[2026-07-28T04:52:11.285Z]
GET
/api/zones
[2026-07-28T04:52:11.423Z] POST /api/execution/request
[2026-07-28T04:52:11.423Z] POST /api/execution/request

[2026-07-28T04:52:11.424Z]
POST
/api/execution/request
[2026-07-28T04:52:11.426Z] POST /api/execution/request
[2026-07-28T04:52:11.427Z] POST /api/execution/request

[2026-07-28T04:52:11.428Z]
POST
/api/execution/request
[2026-07-28T04:52:11.430Z] POST /api/execution/request
[2026-07-28T04:52:11.431Z] POST /api/execution/request

[2026-07-28T04:52:11.431Z]
POST
/api/execution/request
[2026-07-28T04:52:11.434Z] POST /api/execution/request
[2026-07-28T04:52:11.434Z] POST /api/execution/request

[2026-07-28T04:52:11.435Z]
POST
/api/execution/request
[2026-07-28T04:52:49.225Z] POST /api/action/trigger
[2026-07-28T04:52:49.225Z] POST /api/action/trigger

[2026-07-28T04:52:49.234Z]
POST
/api/action/trigger
[2026-07-28T04:53:24.596Z] POST /api/action/trigger
[2026-07-28T04:53:24.598Z] POST /api/action/trigger

[2026-07-28T04:53:24.614Z]
POST
/api/action/trigger
[2026-07-28T04:56:38.844Z] GET /api/action/trigger
[2026-07-28T04:56:38.851Z] GET /api/action/trigger

[2026-07-28T04:56:38.853Z]
GET
/api/action/trigger
[2026-07-28T04:56:38.968Z] GET /favicon.ico
[2026-07-28T04:56:38.969Z] GET /favicon.ico

[2026-07-28T04:56:38.970Z]
GET
/favicon.ico
[2026-07-28T04:59:58.346Z] GET /api/zones
[2026-07-28T04:59:58.348Z] GET /api/zones

[2026-07-28T04:59:58.349Z]
GET
/api/zones
[2026-07-28T04:59:58.444Z] POST /api/execution/request
[2026-07-28T04:59:58.444Z] POST /api/execution/request

[2026-07-28T04:59:58.445Z]
POST
/api/execution/request
[2026-07-28T04:59:58.449Z] POST /api/execution/request
[2026-07-28T04:59:58.449Z] POST /api/execution/request

[2026-07-28T04:59:58.450Z]
POST
/api/execution/request
[2026-07-28T04:59:58.452Z] POST /api/execution/request
[2026-07-28T04:59:58.453Z] POST /api/execution/request

[2026-07-28T04:59:58.453Z]
POST
/api/execution/request
[2026-07-28T04:59:58.456Z] POST /api/execution/request
[2026-07-28T04:59:58.457Z] POST /api/execution/request

[2026-07-28T04:59:58.458Z]
POST
/api/execution/request
[2026-07-28T05:00:12.573Z] GET /zone/state
[2026-07-28T05:00:12.575Z] GET /zone/state

[2026-07-28T05:00:12.576Z]
GET
/zone/state
[2026-07-28T05:00:12.586Z] GET /zone/state
[2026-07-28T05:00:12.589Z] GET /api/analytics/stats
[2026-07-28T05:00:12.591Z] GET /zone/state

[2026-07-28T05:00:12.595Z]
GET
/zone/state
[2026-07-28T05:00:12.611Z] GET /api/analytics/stats

[2026-07-28T05:00:12.622Z]
GET
/api/analytics/stats
[2026-07-28T05:00:12.633Z] GET /alerts
[2026-07-28T05:00:12.635Z] GET /api/analytics/stats
[2026-07-28T05:00:12.636Z] GET /alerts

[2026-07-28T05:00:12.659Z]
GET
/alerts
[2026-07-28T05:00:12.664Z] GET /api/analytics/stats

[2026-07-28T05:00:12.666Z]
GET
/api/analytics/stats
[2026-07-28T05:00:12.673Z] GET /alerts
[2026-07-28T05:00:12.677Z] GET /alerts

[2026-07-28T05:00:12.678Z]
GET
/alerts
[2026-07-28T05:00:13.570Z] GET /api/zones
[2026-07-28T05:00:13.571Z] GET /api/zones

[2026-07-28T05:00:13.572Z]
GET
/api/zones
[2026-07-28T05:00:13.716Z] GET /api/zones
[2026-07-28T05:00:13.719Z] POST /api/execution/request
[2026-07-28T05:00:13.720Z] POST /api/execution/request

[2026-07-28T05:00:13.720Z]
POST
/api/execution/request
[2026-07-28T05:00:13.724Z] POST /api/execution/request
[2026-07-28T05:00:13.725Z] POST /api/execution/request

[2026-07-28T05:00:13.726Z]
POST
/api/execution/request
[2026-07-28T05:00:13.731Z] POST /api/execution/request
[2026-07-28T05:00:13.732Z] POST /api/execution/request

[2026-07-28T05:00:13.733Z]
POST
/api/execution/request
[2026-07-28T05:00:13.750Z] POST /api/execution/request
[2026-07-28T05:00:13.752Z] POST /api/execution/request

[2026-07-28T05:00:13.754Z]
POST
/api/execution/request
[2026-07-28T05:00:13.766Z] GET /api/zones

[2026-07-28T05:00:13.767Z]
GET
/api/zones
[2026-07-28T05:00:13.897Z] POST /api/execution/request
[2026-07-28T05:00:13.897Z] POST /api/execution/request

[2026-07-28T05:00:13.898Z]
POST
/api/execution/request
[2026-07-28T05:00:13.901Z] POST /api/execution/request
[2026-07-28T05:00:13.902Z] POST /api/execution/request

[2026-07-28T05:00:13.903Z]
POST
/api/execution/request
[2026-07-28T05:00:13.905Z] POST /api/execution/request
[2026-07-28T05:00:13.906Z] POST /api/execution/request

[2026-07-28T05:00:13.908Z]
POST
/api/execution/request
[2026-07-28T05:00:13.911Z] POST /api/execution/request
[2026-07-28T05:00:13.911Z] POST /api/execution/request

[2026-07-28T05:00:13.912Z]
POST
/api/execution/request
[2026-07-28T05:00:17.001Z] POST /action/trigger
[2026-07-28T05:00:17.001Z] POST /action/trigger

[2026-07-28T05:00:17.010Z]
POST
/action/trigger
[2026-07-28T05:03:42.346Z] GET /zone/state
[2026-07-28T05:03:42.349Z] GET /zone/state

[2026-07-28T05:03:42.356Z]
GET
/zone/state
[2026-07-28T05:03:42.368Z] GET /zone/state
[2026-07-28T05:03:42.370Z] GET /api/analytics/stats
[2026-07-28T05:03:42.372Z] GET /zone/state

[2026-07-28T05:03:42.373Z]
GET
/zone/state
[2026-07-28T05:03:42.377Z] GET /api/analytics/stats

[2026-07-28T05:03:42.398Z]
GET
/api/analytics/stats
[2026-07-28T05:03:42.408Z] GET /alerts
[2026-07-28T05:03:42.409Z] GET /api/analytics/stats
[2026-07-28T05:03:42.410Z] GET /alerts

[2026-07-28T05:03:42.412Z]
GET
/alerts
[2026-07-28T05:03:42.417Z] GET /api/analytics/stats

[2026-07-28T05:03:42.418Z]
GET
/api/analytics/stats
[2026-07-28T05:03:42.421Z] GET /alerts
[2026-07-28T05:03:42.422Z] GET /alerts

[2026-07-28T05:03:42.423Z]
GET
/alerts
[2026-07-28T05:03:45.364Z] GET /zone/state
[2026-07-28T05:03:45.367Z] GET /zone/state

[2026-07-28T05:03:45.368Z]
GET
/zone/state
[2026-07-28T05:03:45.375Z] GET /alerts
[2026-07-28T05:03:45.377Z] GET /alerts

[2026-07-28T05:03:45.379Z]
GET
/alerts
[2026-07-28T05:03:46.337Z] GET /api/zones
[2026-07-28T05:03:46.339Z] GET /api/zones

[2026-07-28T05:03:46.340Z]
GET
/api/zones
[2026-07-28T05:03:46.492Z] GET /api/zones
[2026-07-28T05:03:46.505Z] POST /api/execution/request
[2026-07-28T05:03:46.506Z] POST /api/execution/request

[2026-07-28T05:03:46.507Z]
POST
/api/execution/request
[2026-07-28T05:03:46.510Z] POST /api/execution/request
[2026-07-28T05:03:46.512Z] POST /api/execution/request

[2026-07-28T05:03:46.514Z]
POST
/api/execution/request
[2026-07-28T05:03:46.530Z] POST /api/execution/request
[2026-07-28T05:03:46.531Z] POST /api/execution/request

[2026-07-28T05:03:46.534Z]
POST
/api/execution/request
[2026-07-28T05:03:46.538Z] POST /api/execution/request
[2026-07-28T05:03:46.538Z] POST /api/execution/request

[2026-07-28T05:03:46.539Z]
POST
/api/execution/request
[2026-07-28T05:03:46.543Z] GET /api/zones

[2026-07-28T05:03:46.544Z]
GET
/api/zones
[2026-07-28T05:03:46.679Z] POST /api/execution/request
[2026-07-28T05:03:46.680Z] POST /api/execution/request

[2026-07-28T05:03:46.680Z]
POST
/api/execution/request
[2026-07-28T05:03:46.683Z] POST /api/execution/request
[2026-07-28T05:03:46.684Z] POST /api/execution/request

[2026-07-28T05:03:46.684Z]
POST
/api/execution/request
[2026-07-28T05:03:46.686Z] POST /api/execution/request
[2026-07-28T05:03:46.686Z] POST /api/execution/request

[2026-07-28T05:03:46.687Z]
POST
/api/execution/request
[2026-07-28T05:03:46.690Z] POST /api/execution/request
[2026-07-28T05:03:46.690Z] POST /api/execution/request

[2026-07-28T05:03:46.691Z]
POST
/api/execution/request
[2026-07-28T05:03:57.544Z] POST /action/trigger
[2026-07-28T05:03:57.545Z] POST /action/trigger

[2026-07-28T05:03:57.548Z]
POST
/action/trigger
[2026-07-28T05:03:59.187Z] POST /action/trigger
[2026-07-28T05:03:59.188Z] POST /action/trigger

[2026-07-28T05:03:59.189Z]
POST
/action/trigger
[2026-07-28T05:04:00.661Z] POST /action/trigger
[2026-07-28T05:04:00.662Z] POST /action/trigger

[2026-07-28T05:04:00.664Z]
POST
/action/trigger
[2026-07-28T05:04:01.977Z] POST /action/trigger
[2026-07-28T05:04:01.978Z] POST /action/trigger

[2026-07-28T05:04:01.980Z]
POST
/action/trigger
[2026-07-28T05:04:02.204Z] POST /action/trigger
[2026-07-28T05:04:02.205Z] POST /action/trigger

[2026-07-28T05:04:02.207Z]
POST
/action/trigger
[2026-07-28T05:04:02.385Z] POST /action/trigger
[2026-07-28T05:04:02.386Z] POST /action/trigger

[2026-07-28T05:04:02.387Z]
POST
/action/trigger
[2026-07-28T05:04:02.557Z] POST /action/trigger
[2026-07-28T05:04:02.558Z] POST /action/trigger

[2026-07-28T05:04:02.559Z]
POST
/action/trigger
[2026-07-28T05:04:03.166Z] POST /action/trigger
[2026-07-28T05:04:03.167Z] POST /action/trigger

[2026-07-28T05:04:03.168Z]
POST
/action/trigger
[2026-07-28T05:04:03.320Z] POST /action/trigger
[2026-07-28T05:04:03.321Z] POST /action/trigger

[2026-07-28T05:04:03.324Z]
POST
/action/trigger
[2026-07-28T05:04:03.491Z] POST /action/trigger
[2026-07-28T05:04:03.491Z] POST /action/trigger

[2026-07-28T05:04:03.491Z]
POST
/action/trigger
[2026-07-28T05:04:03.646Z] POST /action/trigger
[2026-07-28T05:04:03.647Z] POST /action/trigger

[2026-07-28T05:04:03.648Z]
POST
/action/trigger
[2026-07-28T05:12:15.030Z] GET /api/zones
[2026-07-28T05:12:15.031Z] GET /api/zones

[2026-07-28T05:12:15.032Z]
GET
/api/zones
[2026-07-28T05:12:15.099Z] POST /api/execution/request
[2026-07-28T05:12:15.099Z] POST /api/execution/request

[2026-07-28T05:12:15.099Z]
POST
/api/execution/request
[2026-07-28T05:12:15.101Z] POST /api/execution/request
[2026-07-28T05:12:15.101Z] POST /api/execution/request

[2026-07-28T05:12:15.101Z]
POST
/api/execution/request
[2026-07-28T05:12:15.103Z] POST /api/execution/request
[2026-07-28T05:12:15.103Z] POST /api/execution/request

[2026-07-28T05:12:15.104Z]
POST
/api/execution/request
[2026-07-28T05:12:15.105Z] POST /api/execution/request
[2026-07-28T05:12:15.106Z] POST /api/execution/request

[2026-07-28T05:12:15.106Z]
POST
/api/execution/request
[2026-07-28T05:12:21.011Z] GET /zone/state
[2026-07-28T05:12:21.011Z] GET /zone/state

[2026-07-28T05:12:21.013Z]
GET
/zone/state
[2026-07-28T05:12:21.018Z] GET /zone/state
[2026-07-28T05:12:21.020Z] GET /api/analytics/stats
[2026-07-28T05:12:21.021Z] GET /zone/state

[2026-07-28T05:12:21.022Z]
GET
/zone/state
[2026-07-28T05:12:21.026Z] GET /api/analytics/stats

[2026-07-28T05:12:21.027Z]
GET
/api/analytics/stats
[2026-07-28T05:12:21.031Z] GET /api/analytics/stats
[2026-07-28T05:12:21.032Z] GET /api/analytics/stats

[2026-07-28T05:12:21.033Z]
GET
/api/analytics/stats
[2026-07-28T05:12:21.047Z] GET /alerts
[2026-07-28T05:12:21.048Z] GET /alerts

[2026-07-28T05:12:21.049Z]
GET
/alerts
[2026-07-28T05:12:21.053Z] GET /alerts
[2026-07-28T05:12:21.054Z] GET /alerts

[2026-07-28T05:12:21.055Z]
GET
/alerts
[2026-07-28T05:12:22.140Z] GET /api/zones
[2026-07-28T05:12:22.141Z] GET /api/zones

[2026-07-28T05:12:22.141Z]
GET
/api/zones
[2026-07-28T05:12:22.273Z] GET /api/zones
[2026-07-28T05:12:22.275Z] POST /api/execution/request
[2026-07-28T05:12:22.276Z] POST /api/execution/request

[2026-07-28T05:12:22.278Z]
POST
/api/execution/request
[2026-07-28T05:12:22.284Z] POST /api/execution/request
[2026-07-28T05:12:22.285Z] POST /api/execution/request

[2026-07-28T05:12:22.287Z]
POST
/api/execution/request
[2026-07-28T05:12:22.291Z] POST /api/execution/request
[2026-07-28T05:12:22.292Z] POST /api/execution/request

[2026-07-28T05:12:22.292Z]
POST
/api/execution/request
[2026-07-28T05:12:22.295Z] POST /api/execution/request
[2026-07-28T05:12:22.295Z] POST /api/execution/request

[2026-07-28T05:12:22.296Z]
POST
/api/execution/request
[2026-07-28T05:12:22.305Z] GET /api/zones

[2026-07-28T05:12:22.306Z]
GET
/api/zones
[2026-07-28T05:12:22.415Z] POST /api/execution/request
[2026-07-28T05:12:22.416Z] POST /api/execution/request

[2026-07-28T05:12:22.417Z]
POST
/api/execution/request
[2026-07-28T05:12:22.422Z] POST /api/execution/request
[2026-07-28T05:12:22.423Z] POST /api/execution/request

[2026-07-28T05:12:22.424Z]
POST
/api/execution/request
[2026-07-28T05:12:22.427Z] POST /api/execution/request
[2026-07-28T05:12:22.428Z] POST /api/execution/request

[2026-07-28T05:12:22.429Z]
POST
/api/execution/request
[2026-07-28T05:12:22.431Z] POST /api/execution/request
[2026-07-28T05:12:22.432Z] POST /api/execution/request

[2026-07-28T05:12:22.432Z]
POST
/api/execution/request
[2026-07-28T05:12:28.066Z] POST /action/trigger
[2026-07-28T05:12:28.067Z] POST /action/trigger

[2026-07-28T05:12:28.067Z]
POST
/action/trigger
[2026-07-28T05:12:30.939Z] POST /action/trigger
[2026-07-28T05:12:30.939Z] POST /action/trigger

[2026-07-28T05:12:30.940Z]
POST
/action/trigger
[2026-07-28T05:12:33.217Z] POST /action/trigger
[2026-07-28T05:12:33.217Z] POST /action/trigger

[2026-07-28T05:12:33.218Z]
POST
/action/trigger
[2026-07-28T05:12:36.628Z] POST /action/trigger
[2026-07-28T05:12:36.628Z] POST /action/trigger

[2026-07-28T05:12:36.629Z]
POST
/action/trigger
[2026-07-28T05:12:38.581Z] POST /action/trigger
[2026-07-28T05:12:38.582Z] POST /action/trigger

[2026-07-28T05:12:38.582Z]
POST
/action/trigger
[2026-07-28T05:12:40.795Z] POST /action/trigger
[2026-07-28T05:12:40.795Z] POST /action/trigger

[2026-07-28T05:12:40.796Z]
POST
/action/trigger
[2026-07-28T05:12:43.883Z] POST /action/trigger
[2026-07-28T05:12:43.884Z] POST /action/trigger

[2026-07-28T05:12:43.885Z]
POST
/action/trigger
[2026-07-28T05:12:46.067Z] POST /action/trigger
[2026-07-28T05:12:46.068Z] POST /action/trigger

[2026-07-28T05:12:46.069Z]
POST
/action/trigger
[2026-07-28T05:18:25.254Z] GET /zone/state
[2026-07-28T05:18:25.256Z] GET /zone/state

[2026-07-28T05:18:25.257Z]
GET
/zone/state
[2026-07-28T05:18:25.262Z] GET /api/analytics/stats
[2026-07-28T05:18:25.264Z] GET /zone/state
[2026-07-28T05:18:25.265Z] GET /api/analytics/stats

[2026-07-28T05:18:25.266Z]
GET
/api/analytics/stats
[2026-07-28T05:18:25.268Z] GET /zone/state

[2026-07-28T05:18:25.269Z]
GET
/zone/state
[2026-07-28T05:18:25.272Z] GET /api/analytics/stats
[2026-07-28T05:18:25.273Z] GET /api/analytics/stats

[2026-07-28T05:18:25.274Z]
GET
/api/analytics/stats
[2026-07-28T05:18:25.285Z] GET /alerts
[2026-07-28T05:18:25.286Z] GET /alerts

[2026-07-28T05:18:25.287Z]
GET
/alerts
[2026-07-28T05:18:25.291Z] GET /alerts
[2026-07-28T05:18:25.292Z] GET /alerts

[2026-07-28T05:18:25.293Z]
GET
/alerts
[2026-07-28T05:18:26.354Z] GET /api/zones
[2026-07-28T05:18:26.354Z] GET /api/zones

[2026-07-28T05:18:26.355Z]
GET
/api/zones
[2026-07-28T05:18:26.467Z] GET /api/zones
[2026-07-28T05:18:26.477Z] POST /api/execution/request
[2026-07-28T05:18:26.477Z] POST /api/execution/request

[2026-07-28T05:18:26.478Z]
POST
/api/execution/request
[2026-07-28T05:18:26.481Z] POST /api/execution/request
[2026-07-28T05:18:26.482Z] POST /api/execution/request

[2026-07-28T05:18:26.482Z]
POST
/api/execution/request
[2026-07-28T05:18:26.484Z] POST /api/execution/request
[2026-07-28T05:18:26.484Z] POST /api/execution/request

[2026-07-28T05:18:26.485Z]
POST
/api/execution/request
[2026-07-28T05:18:26.487Z] POST /api/execution/request
[2026-07-28T05:18:26.488Z] POST /api/execution/request

[2026-07-28T05:18:26.489Z]
POST
/api/execution/request
[2026-07-28T05:18:26.491Z] GET /api/zones

[2026-07-28T05:18:26.491Z]
GET
/api/zones
[2026-07-28T05:18:26.603Z] POST /api/execution/request
[2026-07-28T05:18:26.604Z] POST /api/execution/request

[2026-07-28T05:18:26.606Z]
POST
/api/execution/request
[2026-07-28T05:18:26.610Z] POST /api/execution/request
[2026-07-28T05:18:26.611Z] POST /api/execution/request

[2026-07-28T05:18:26.612Z]
POST
/api/execution/request
[2026-07-28T05:18:26.615Z] POST /api/execution/request
[2026-07-28T05:18:26.616Z] POST /api/execution/request

[2026-07-28T05:18:26.616Z]
POST
/api/execution/request
[2026-07-28T05:18:26.619Z] POST /api/execution/request
[2026-07-28T05:18:26.619Z] POST /api/execution/request

[2026-07-28T05:18:26.620Z]
POST
/api/execution/request
[2026-07-28T05:22:43.815Z] GET /zone/state
[2026-07-28T05:22:43.816Z] GET /zone/state

[2026-07-28T05:22:43.817Z]
GET
/zone/state
[2026-07-28T05:22:43.821Z] GET /api/analytics/stats
[2026-07-28T05:22:43.822Z] GET /zone/state
[2026-07-28T05:22:43.823Z] GET /api/analytics/stats

[2026-07-28T05:22:43.824Z]
GET
/api/analytics/stats
[2026-07-28T05:22:43.827Z] GET /zone/state

[2026-07-28T05:22:43.828Z]
GET
/zone/state
[2026-07-28T05:22:43.831Z] GET /api/analytics/stats
[2026-07-28T05:22:43.832Z] GET /api/analytics/stats

[2026-07-28T05:22:43.833Z]
GET
/api/analytics/stats
[2026-07-28T05:22:43.846Z] GET /alerts
[2026-07-28T05:22:43.847Z] GET /alerts

[2026-07-28T05:22:43.848Z]
GET
/alerts
[2026-07-28T05:22:43.851Z] GET /alerts
[2026-07-28T05:22:43.852Z] GET /alerts

[2026-07-28T05:22:43.853Z]
GET
/alerts
[2026-07-28T05:22:45.420Z] GET /api/zones
[2026-07-28T05:22:45.421Z] GET /api/zones

[2026-07-28T05:22:45.422Z]
GET
/api/zones
[2026-07-28T05:22:45.498Z] GET /api/zones
[2026-07-28T05:22:45.500Z] POST /api/execution/request
[2026-07-28T05:22:45.500Z] POST /api/execution/request

[2026-07-28T05:22:45.501Z]
POST
/api/execution/request
[2026-07-28T05:22:45.503Z] POST /api/execution/request
[2026-07-28T05:22:45.503Z] POST /api/execution/request

[2026-07-28T05:22:45.504Z]
POST
/api/execution/request
[2026-07-28T05:22:45.506Z] POST /api/execution/request
[2026-07-28T05:22:45.507Z] POST /api/execution/request

[2026-07-28T05:22:45.507Z]
POST
/api/execution/request
[2026-07-28T05:22:45.510Z] POST /api/execution/request
[2026-07-28T05:22:45.511Z] POST /api/execution/request

[2026-07-28T05:22:45.511Z]
POST
/api/execution/request
[2026-07-28T05:22:45.514Z] GET /api/zones

[2026-07-28T05:22:45.516Z]
GET
/api/zones
[2026-07-28T05:22:45.631Z] POST /api/execution/request
[2026-07-28T05:22:45.632Z] POST /api/execution/request

[2026-07-28T05:22:45.634Z]
POST
/api/execution/request
[2026-07-28T05:22:45.637Z] POST /api/execution/request
[2026-07-28T05:22:45.638Z] POST /api/execution/request

[2026-07-28T05:22:45.638Z]
POST
/api/execution/request
[2026-07-28T05:22:45.641Z] POST /api/execution/request
[2026-07-28T05:22:45.642Z] POST /api/execution/request

[2026-07-28T05:22:45.642Z]
POST
/api/execution/request
[2026-07-28T05:22:45.644Z] POST /api/execution/request
[2026-07-28T05:22:45.645Z] POST /api/execution/request

[2026-07-28T05:22:45.645Z]
POST
/api/execution/request
[2026-07-28T05:24:29.906Z] GET /api/zones
[2026-07-28T05:24:29.907Z] GET /api/zones

[2026-07-28T05:24:29.907Z]
GET
/api/zones
[2026-07-28T05:24:29.968Z] POST /api/execution/request
[2026-07-28T05:24:29.969Z] POST /api/execution/request

[2026-07-28T05:24:29.969Z]
POST
/api/execution/request
[2026-07-28T05:24:29.970Z] POST /api/execution/request
[2026-07-28T05:24:29.971Z] POST /api/execution/request

[2026-07-28T05:24:29.971Z]
POST
/api/execution/request
[2026-07-28T05:24:29.972Z] POST /api/execution/request
[2026-07-28T05:24:29.972Z] POST /api/execution/request

[2026-07-28T05:24:29.973Z]
POST
/api/execution/request
[2026-07-28T05:24:29.974Z] POST /api/execution/request
[2026-07-28T05:24:29.974Z] POST /api/execution/request

[2026-07-28T05:24:29.974Z]
POST
/api/execution/request
[2026-07-28T05:24:48.830Z] GET /zone/state
[2026-07-28T05:24:48.831Z] GET /zone/state

[2026-07-28T05:24:48.832Z]
GET
/zone/state
[2026-07-28T05:24:48.835Z] GET /zone/state
[2026-07-28T05:24:48.837Z] GET /api/analytics/stats
[2026-07-28T05:24:48.839Z] GET /zone/state

[2026-07-28T05:24:48.839Z]
GET
/zone/state
[2026-07-28T05:24:48.842Z] GET /api/analytics/stats

[2026-07-28T05:24:48.843Z]
GET
/api/analytics/stats
[2026-07-28T05:24:48.846Z] GET /api/analytics/stats
[2026-07-28T05:24:48.846Z] GET /api/analytics/stats

[2026-07-28T05:24:48.847Z]
GET
/api/analytics/stats
[2026-07-28T05:24:48.857Z] GET /alerts
[2026-07-28T05:24:48.858Z] GET /alerts

[2026-07-28T05:24:48.859Z]
GET
/alerts
[2026-07-28T05:24:48.863Z] GET /alerts
[2026-07-28T05:24:48.864Z] GET /alerts

[2026-07-28T05:24:48.864Z]
GET
/alerts
[2026-07-28T05:24:49.820Z] GET /api/zones
[2026-07-28T05:24:49.821Z] GET /api/zones

[2026-07-28T05:24:49.823Z]
GET
/api/zones
[2026-07-28T05:24:49.923Z] GET /api/zones
[2026-07-28T05:24:49.930Z] POST /api/execution/request
[2026-07-28T05:24:49.931Z] POST /api/execution/request

[2026-07-28T05:24:49.932Z]
POST
/api/execution/request
[2026-07-28T05:24:49.935Z] POST /api/execution/request
[2026-07-28T05:24:49.936Z] POST /api/execution/request

[2026-07-28T05:24:49.936Z]
POST
/api/execution/request
[2026-07-28T05:24:49.939Z] POST /api/execution/request
[2026-07-28T05:24:49.940Z] POST /api/execution/request

[2026-07-28T05:24:49.942Z]
POST
/api/execution/request
[2026-07-28T05:24:49.945Z] POST /api/execution/request
[2026-07-28T05:24:49.945Z] POST /api/execution/request

[2026-07-28T05:24:49.946Z]
POST
/api/execution/request
[2026-07-28T05:24:49.952Z] GET /api/zones

[2026-07-28T05:24:49.954Z]
GET
/api/zones
[2026-07-28T05:24:50.054Z] POST /api/execution/request
[2026-07-28T05:24:50.054Z] POST /api/execution/request

[2026-07-28T05:24:50.055Z]
POST
/api/execution/request
[2026-07-28T05:24:50.058Z] POST /api/execution/request
[2026-07-28T05:24:50.058Z] POST /api/execution/request

[2026-07-28T05:24:50.059Z]
POST
/api/execution/request
[2026-07-28T05:24:50.061Z] POST /api/execution/request
[2026-07-28T05:24:50.062Z] POST /api/execution/request

[2026-07-28T05:24:50.063Z]
POST
/api/execution/request
[2026-07-28T05:24:50.066Z] POST /api/execution/request
[2026-07-28T05:24:50.067Z] POST /api/execution/request

[2026-07-28T05:24:50.068Z]
POST
/api/execution/request
[2026-07-28T05:25:02.650Z] POST /action/trigger
[2026-07-28T05:25:02.650Z] POST /action/trigger

[2026-07-28T05:25:02.651Z]
POST
/action/trigger
[2026-07-28T05:25:04.501Z] POST /action/trigger
[2026-07-28T05:25:04.501Z] POST /action/trigger

[2026-07-28T05:25:04.502Z]
POST
/action/trigger
[2026-07-28T05:25:06.211Z] POST /action/trigger
[2026-07-28T05:25:06.211Z] POST /action/trigger

[2026-07-28T05:25:06.212Z]
POST
/action/trigger
[2026-07-28T05:25:09.023Z] POST /action/trigger
[2026-07-28T05:25:09.024Z] POST /action/trigger

[2026-07-28T05:25:09.025Z]
POST
/action/trigger
[2026-07-28T05:25:10.729Z] POST /action/trigger
[2026-07-28T05:25:10.730Z] POST /action/trigger

[2026-07-28T05:25:10.731Z]
POST
/action/trigger
[2026-07-28T05:25:12.575Z] POST /action/trigger
[2026-07-28T05:25:12.575Z] POST /action/trigger

[2026-07-28T05:25:12.576Z]
POST
/action/trigger
[2026-07-28T05:25:16.070Z] POST /action/trigger
[2026-07-28T05:25:16.071Z] POST /action/trigger

[2026-07-28T05:25:16.071Z]
POST
/action/trigger
[2026-07-28T05:25:17.953Z] POST /action/trigger
[2026-07-28T05:25:17.954Z] POST /action/trigger

[2026-07-28T05:25:17.955Z]
POST
/action/trigger
[2026-07-28T05:25:46.766Z] GET /api/zones
[2026-07-28T05:25:46.768Z] GET /api/zones

[2026-07-28T05:25:46.769Z]
GET
/api/zones
[2026-07-28T05:25:46.862Z] POST /api/execution/request
[2026-07-28T05:25:46.862Z] POST /api/execution/request

[2026-07-28T05:25:46.863Z]
POST
/api/execution/request
[2026-07-28T05:25:46.865Z] POST /api/execution/request
[2026-07-28T05:25:46.866Z] POST /api/execution/request

[2026-07-28T05:25:46.867Z]
POST
/api/execution/request
[2026-07-28T05:25:46.869Z] POST /api/execution/request
[2026-07-28T05:25:46.870Z] POST /api/execution/request

[2026-07-28T05:25:46.870Z]
POST
/api/execution/request
[2026-07-28T05:25:46.873Z] POST /api/execution/request
[2026-07-28T05:25:46.873Z] POST /api/execution/request

[2026-07-28T05:25:46.874Z]
POST
/api/execution/request
[2026-07-28T05:25:46.926Z] GET /favicon.ico
[2026-07-28T05:25:46.928Z] GET /favicon.ico

[2026-07-28T05:25:46.928Z]
GET
/favicon.ico
[2026-07-28T05:28:36.980Z] GET /api/zones
[2026-07-28T05:28:36.981Z] GET /api/zones

[2026-07-28T05:28:36.982Z]
GET
/api/zones
[2026-07-28T05:28:37.101Z] POST /api/execution/request
[2026-07-28T05:28:37.102Z] POST /api/execution/request

[2026-07-28T05:28:37.103Z]
POST
/api/execution/request
[2026-07-28T05:28:37.106Z] POST /api/execution/request
[2026-07-28T05:28:37.107Z] POST /api/execution/request

[2026-07-28T05:28:37.107Z]
POST
/api/execution/request
[2026-07-28T05:28:37.110Z] POST /api/execution/request
[2026-07-28T05:28:37.110Z] POST /api/execution/request

[2026-07-28T05:28:37.111Z]
POST
/api/execution/request
[2026-07-28T05:28:37.114Z] POST /api/execution/request
[2026-07-28T05:28:37.115Z] POST /api/execution/request

[2026-07-28T05:28:37.115Z]
POST
/api/execution/request
[2026-07-28T05:29:21.746Z] POST /action/trigger
[2026-07-28T05:29:21.747Z] POST /action/trigger

[2026-07-28T05:29:21.748Z]
POST
/action/trigger
[2026-07-28T05:29:24.085Z] POST /action/trigger
[2026-07-28T05:29:24.086Z] POST /action/trigger

[2026-07-28T05:29:24.087Z]
POST
/action/trigger
[2026-07-28T05:29:26.618Z] POST /action/trigger
[2026-07-28T05:29:26.618Z] POST /action/trigger

[2026-07-28T05:29:26.619Z]
POST
/action/trigger
[2026-07-28T05:29:30.047Z] POST /action/trigger
[2026-07-28T05:29:30.048Z] POST /action/trigger

[2026-07-28T05:29:30.048Z]
POST
/action/trigger
[2026-07-28T05:29:32.177Z] POST /action/trigger
[2026-07-28T05:29:32.177Z] POST /action/trigger

[2026-07-28T05:29:32.178Z]
POST
/action/trigger
[2026-07-28T05:29:34.480Z] POST /action/trigger
[2026-07-28T05:29:34.480Z] POST /action/trigger

[2026-07-28T05:29:34.481Z]
POST
/action/trigger
[2026-07-28T05:29:37.181Z] POST /action/trigger
[2026-07-28T05:29:37.182Z] POST /action/trigger

[2026-07-28T05:29:37.182Z]
POST
/action/trigger
[2026-07-28T05:29:39.266Z] POST /action/trigger
[2026-07-28T05:29:39.266Z] POST /action/trigger

[2026-07-28T05:29:39.267Z]
POST
/action/trigger
[2026-07-28T05:29:47.182Z] GET /api/zone/intelligence?zone_id=1
[2026-07-28T05:29:47.185Z] GET /api/zone/intelligence?zone_id=2
[2026-07-28T05:29:47.186Z] GET /api/zone/intelligence?zone_id=3
[2026-07-28T05:29:47.187Z] GET /api/zone/intelligence?zone_id=4
[2026-07-28T05:29:47.188Z] GET /api/zone/intelligence?zone_id=6
[2026-07-28T05:29:47.189Z] GET /api/zone/intelligence?zone_id=5
[2026-07-28T05:29:47.189Z] GET /api/zone/intelligence?zone_id=1

[2026-07-28T05:29:47.190Z]
GET
/api/zone/intelligence?zone_id=1
[2026-07-28T05:29:47.200Z] GET /api/zone/intelligence?zone_id=2

[2026-07-28T05:29:47.202Z]
GET
/api/zone/intelligence?zone_id=2
[2026-07-28T05:29:47.205Z] GET /api/zone/intelligence?zone_id=3

[2026-07-28T05:29:47.206Z]
GET
/api/zone/intelligence?zone_id=3
[2026-07-28T05:29:47.210Z] GET /api/zone/intelligence?zone_id=4

[2026-07-28T05:29:47.212Z]
GET
/api/zone/intelligence?zone_id=4
[2026-07-28T05:29:47.216Z] GET /api/zone/intelligence?zone_id=6

[2026-07-28T05:29:47.217Z]
GET
/api/zone/intelligence?zone_id=6
[2026-07-28T05:29:47.220Z] GET /api/zone/intelligence?zone_id=5

[2026-07-28T05:29:47.222Z]
GET
/api/zone/intelligence?zone_id=5
[2026-07-28T05:29:47.226Z] GET /api/zone/intelligence?zone_id=1
[2026-07-28T05:29:47.228Z] GET /api/zone/intelligence?zone_id=2
[2026-07-28T05:29:47.230Z] GET /api/zone/intelligence?zone_id=3
[2026-07-28T05:29:47.232Z] GET /api/zone/intelligence?zone_id=4
[2026-07-28T05:29:47.234Z] GET /api/zone/intelligence?zone_id=6
[2026-07-28T05:29:47.235Z] GET /api/zone/intelligence?zone_id=5
[2026-07-28T05:29:47.236Z] GET /api/zone/intelligence?zone_id=1

[2026-07-28T05:29:47.237Z]
GET
/api/zone/intelligence?zone_id=1
[2026-07-28T05:29:47.239Z] GET /api/zone/intelligence?zone_id=2

[2026-07-28T05:29:47.241Z]
GET
/api/zone/intelligence?zone_id=2
[2026-07-28T05:29:47.244Z] GET /api/zone/intelligence?zone_id=3

[2026-07-28T05:29:47.246Z]
GET
/api/zone/intelligence?zone_id=3
[2026-07-28T05:29:47.248Z] GET /api/zone/intelligence?zone_id=4

[2026-07-28T05:29:47.249Z]
GET
/api/zone/intelligence?zone_id=4
[2026-07-28T05:29:47.251Z] GET /api/zone/intelligence?zone_id=6

[2026-07-28T05:29:47.253Z]
GET
/api/zone/intelligence?zone_id=6
[2026-07-28T05:29:47.255Z] GET /api/zone/intelligence?zone_id=5

[2026-07-28T05:29:47.256Z]
GET
/api/zone/intelligence?zone_id=5
[2026-07-28T05:29:55.916Z] GET /api/zones/intelligence
[2026-07-28T05:29:55.917Z] GET /api/zones/intelligence

[2026-07-28T05:29:55.918Z]
GET
/api/zones/intelligence
[2026-07-28T05:29:55.933Z] GET /api/zones/intelligence
[2026-07-28T05:29:55.934Z] GET /api/zones/intelligence

[2026-07-28T05:29:55.934Z]
GET
/api/zones/intelligence
[2026-07-28T05:29:59.639Z] GET /api/zone/intelligence?zone_id=1
[2026-07-28T05:29:59.639Z] GET /api/zone/intelligence?zone_id=1

[2026-07-28T05:29:59.640Z]
GET
/api/zone/intelligence?zone_id=1
[2026-07-28T05:29:59.643Z] GET /api/zone/intelligence?zone_id=2
[2026-07-28T05:29:59.644Z] GET /api/zone/intelligence?zone_id=3
[2026-07-28T05:29:59.645Z] GET /api/zone/intelligence?zone_id=4
[2026-07-28T05:29:59.646Z] GET /api/zone/intelligence?zone_id=5
[2026-07-28T05:29:59.647Z] GET /api/zone/intelligence?zone_id=6
[2026-07-28T05:29:59.648Z] GET /api/zone/intelligence?zone_id=1
[2026-07-28T05:29:59.650Z] GET /api/zone/intelligence?zone_id=2

[2026-07-28T05:29:59.650Z]
GET
/api/zone/intelligence?zone_id=2
[2026-07-28T05:29:59.652Z] GET /api/zone/intelligence?zone_id=3

[2026-07-28T05:29:59.652Z]
GET
/api/zone/intelligence?zone_id=3
[2026-07-28T05:29:59.654Z] GET /api/zone/intelligence?zone_id=4

[2026-07-28T05:29:59.654Z]
GET
/api/zone/intelligence?zone_id=4
[2026-07-28T05:29:59.656Z] GET /api/zone/intelligence?zone_id=6

[2026-07-28T05:29:59.657Z]
GET
/api/zone/intelligence?zone_id=6
[2026-07-28T05:29:59.660Z] GET /api/zone/intelligence?zone_id=5

[2026-07-28T05:29:59.662Z]
GET
/api/zone/intelligence?zone_id=5
[2026-07-28T05:29:59.664Z] GET /api/zone/intelligence?zone_id=1

[2026-07-28T05:29:59.665Z]
GET
/api/zone/intelligence?zone_id=1
[2026-07-28T05:29:59.667Z] GET /api/zone/intelligence?zone_id=2
[2026-07-28T05:29:59.668Z] GET /api/zone/intelligence?zone_id=3
[2026-07-28T05:29:59.669Z] GET /api/zone/intelligence?zone_id=4
[2026-07-28T05:29:59.670Z] GET /api/zone/intelligence?zone_id=6
[2026-07-28T05:29:59.671Z] GET /api/zone/intelligence?zone_id=5
[2026-07-28T05:29:59.672Z] GET /api/zone/intelligence?zone_id=2

[2026-07-28T05:29:59.672Z]
GET
/api/zone/intelligence?zone_id=2
[2026-07-28T05:29:59.675Z] GET /api/zone/intelligence?zone_id=3

[2026-07-28T05:29:59.676Z]
GET
/api/zone/intelligence?zone_id=3
[2026-07-28T05:29:59.680Z] GET /api/zone/intelligence?zone_id=6

[2026-07-28T05:29:59.681Z]
GET
/api/zone/intelligence?zone_id=6
[2026-07-28T05:29:59.683Z] GET /api/zone/intelligence?zone_id=4

[2026-07-28T05:29:59.684Z]
GET
/api/zone/intelligence?zone_id=4
[2026-07-28T05:29:59.687Z] GET /api/zone/intelligence?zone_id=5

[2026-07-28T05:29:59.687Z]
GET
/api/zone/intelligence?zone_id=5
[2026-07-28T05:43:10.935Z] GET /api/zone/intelligence?zone_id=2
[2026-07-28T05:43:10.936Z] GET /api/zone/intelligence?zone_id=3
[2026-07-28T05:43:10.937Z] GET /api/zone/intelligence?zone_id=1
[2026-07-28T05:43:10.937Z] GET /api/zone/intelligence?zone_id=4
[2026-07-28T05:43:10.938Z] GET /api/zone/intelligence?zone_id=5
[2026-07-28T05:43:10.939Z] GET /api/zone/intelligence?zone_id=6
[2026-07-28T05:43:10.940Z] GET /api/zone/intelligence?zone_id=2

[2026-07-28T05:43:10.941Z]
GET
/api/zone/intelligence?zone_id=2
[2026-07-28T05:43:10.943Z] GET /api/zone/intelligence?zone_id=3

[2026-07-28T05:43:10.944Z]
GET
/api/zone/intelligence?zone_id=3
[2026-07-28T05:43:10.946Z] GET /api/zone/intelligence?zone_id=1

[2026-07-28T05:43:10.947Z]
GET
/api/zone/intelligence?zone_id=1
[2026-07-28T05:43:10.948Z] GET /api/zone/intelligence?zone_id=4

[2026-07-28T05:43:10.949Z]
GET
/api/zone/intelligence?zone_id=4
[2026-07-28T05:43:10.951Z] GET /api/zone/intelligence?zone_id=5

[2026-07-28T05:43:10.952Z]
GET
/api/zone/intelligence?zone_id=5
[2026-07-28T05:43:10.955Z] GET /api/zone/intelligence?zone_id=6

[2026-07-28T05:43:10.956Z]
GET
/api/zone/intelligence?zone_id=6
[2026-07-28T05:46:19.880Z] GET /api/zone/intelligence?zone_id=1
[2026-07-28T05:46:19.881Z] GET /api/zone/intelligence?zone_id=2
[2026-07-28T05:46:19.884Z] GET /api/zone/intelligence?zone_id=3
[2026-07-28T05:46:19.884Z] GET /api/zone/intelligence?zone_id=4
[2026-07-28T05:46:19.885Z] GET /api/zone/intelligence?zone_id=1

[2026-07-28T05:46:19.887Z]
GET
/api/zone/intelligence?zone_id=1
[2026-07-28T05:46:19.890Z] GET /api/zone/intelligence?zone_id=2

[2026-07-28T05:46:19.891Z]
GET
/api/zone/intelligence?zone_id=2
[2026-07-28T05:46:19.894Z] GET /api/zone/intelligence?zone_id=5
[2026-07-28T05:46:19.895Z] GET /api/zone/intelligence?zone_id=6
[2026-07-28T05:46:19.896Z] GET /api/zone/intelligence?zone_id=3

[2026-07-28T05:46:19.897Z]
GET
/api/zone/intelligence?zone_id=3
[2026-07-28T05:46:19.899Z] GET /api/zone/intelligence?zone_id=4

[2026-07-28T05:46:19.900Z]
GET
/api/zone/intelligence?zone_id=4
[2026-07-28T05:46:19.904Z] GET /api/zone/intelligence?zone_id=5

[2026-07-28T05:46:19.905Z]
GET
/api/zone/intelligence?zone_id=5
[2026-07-28T05:46:19.907Z] GET /api/zone/intelligence?zone_id=6

[2026-07-28T05:46:19.907Z]
GET
/api/zone/intelligence?zone_id=6
[2026-07-28T05:46:46.044Z] GET /api/zones/intelligence
[2026-07-28T05:46:46.045Z] GET /api/zones/intelligence

[2026-07-28T05:46:46.045Z]
GET
/api/zones/intelligence
[2026-07-28T05:46:46.058Z] GET /api/zones/intelligence
[2026-07-28T05:46:46.060Z] GET /api/zones/intelligence

[2026-07-28T05:46:46.060Z]
GET
/api/zones/intelligence
[2026-07-28T05:46:51.057Z] GET /api/zones/intelligence
[2026-07-28T05:46:51.058Z] GET /api/zones/intelligence

[2026-07-28T05:46:51.059Z]
GET
/api/zones/intelligence
[2026-07-28T05:46:56.848Z] GET /api/zones/intelligence
[2026-07-28T05:46:56.850Z] GET /api/zones/intelligence

[2026-07-28T05:46:56.852Z]
GET
/api/zones/intelligence
[2026-07-28T05:47:01.840Z] GET /api/zones/intelligence
[2026-07-28T05:47:01.841Z] GET /api/zones/intelligence

[2026-07-28T05:47:01.843Z]
GET
/api/zones/intelligence
[2026-07-28T05:47:06.858Z] GET /api/zones/intelligence
[2026-07-28T05:47:06.860Z] GET /api/zones/intelligence

[2026-07-28T05:47:06.861Z]
GET
/api/zones/intelligence
[2026-07-28T05:47:11.843Z] GET /api/zones/intelligence
[2026-07-28T05:47:11.844Z] GET /api/zones/intelligence

[2026-07-28T05:47:11.846Z]
GET
/api/zones/intelligence
[2026-07-28T05:47:16.850Z] GET /api/zones/intelligence
[2026-07-28T05:47:16.852Z] GET /api/zones/intelligence

[2026-07-28T05:47:16.854Z]
GET
/api/zones/intelligence
[2026-07-28T05:47:21.844Z] GET /api/zones/intelligence
[2026-07-28T05:47:21.846Z] GET /api/zones/intelligence

[2026-07-28T05:47:21.847Z]
GET
/api/zones/intelligence
[2026-07-28T05:47:26.852Z] GET /api/zones/intelligence
[2026-07-28T05:47:26.854Z] GET /api/zones/intelligence

[2026-07-28T05:47:26.855Z]
GET
/api/zones/intelligence
[2026-07-28T05:47:31.855Z] GET /api/zones/intelligence
[2026-07-28T05:47:31.857Z] GET /api/zones/intelligence

[2026-07-28T05:47:31.858Z]
GET
/api/zones/intelligence
[2026-07-28T05:47:36.846Z] GET /api/zones/intelligence
[2026-07-28T05:47:36.848Z] GET /api/zones/intelligence

[2026-07-28T05:47:36.849Z]
GET
/api/zones/intelligence
[2026-07-28T05:47:41.841Z] GET /api/zones/intelligence
[2026-07-28T05:47:41.842Z] GET /api/zones/intelligence

[2026-07-28T05:47:41.843Z]
GET
/api/zones/intelligence
[2026-07-28T05:47:46.839Z] GET /api/zones/intelligence
[2026-07-28T05:47:46.841Z] GET /api/zones/intelligence

[2026-07-28T05:47:46.842Z]
GET
/api/zones/intelligence
[2026-07-28T05:47:51.857Z] GET /api/zones/intelligence
[2026-07-28T05:47:51.858Z] GET /api/zones/intelligence

[2026-07-28T05:47:51.859Z]
GET
/api/zones/intelligence
[2026-07-28T05:48:22.857Z] GET /api/zones/intelligence
[2026-07-28T05:48:22.858Z] GET /api/zones/intelligence

[2026-07-28T05:48:22.859Z]
GET
/api/zones/intelligence
[2026-07-28T05:49:22.859Z] GET /api/zones/intelligence
[2026-07-28T05:49:22.860Z] GET /api/zones/intelligence

[2026-07-28T05:49:22.860Z]
GET
/api/zones/intelligence
[2026-07-28T05:50:22.850Z] GET /api/zones/intelligence
[2026-07-28T05:50:22.851Z] GET /api/zones/intelligence

[2026-07-28T05:50:22.852Z]
GET
/api/zones/intelligence
[2026-07-28T05:51:22.855Z] GET /api/zones/intelligence
[2026-07-28T05:51:22.856Z] GET /api/zones/intelligence

[2026-07-28T05:51:22.857Z]
GET
/api/zones/intelligence
[2026-07-28T05:52:22.855Z] GET /api/zones/intelligence
[2026-07-28T05:52:22.857Z] GET /api/zones/intelligence

[2026-07-28T05:52:22.857Z]
GET
/api/zones/intelligence
[2026-07-28T05:53:22.866Z] GET /api/zones/intelligence
[2026-07-28T05:53:22.867Z] GET /api/zones/intelligence

[2026-07-28T05:53:22.868Z]
GET
/api/zones/intelligence
[2026-07-28T05:54:22.846Z] GET /api/zones/intelligence
[2026-07-28T05:54:22.848Z] GET /api/zones/intelligence

[2026-07-28T05:54:22.848Z]
GET
/api/zones/intelligence
[2026-07-28T05:55:22.853Z] GET /api/zones/intelligence
[2026-07-28T05:55:22.854Z] GET /api/zones/intelligence

[2026-07-28T05:55:22.855Z]
GET
/api/zones/intelligence
[2026-07-28T05:56:22.845Z] GET /api/zones/intelligence
[2026-07-28T05:56:22.846Z] GET /api/zones/intelligence

[2026-07-28T05:56:22.847Z]
GET
/api/zones/intelligence
[2026-07-28T05:57:22.853Z] GET /api/zones/intelligence
[2026-07-28T05:57:22.854Z] GET /api/zones/intelligence

[2026-07-28T05:57:22.855Z]
GET
/api/zones/intelligence
[2026-07-28T05:58:22.861Z] GET /api/zones/intelligence
[2026-07-28T05:58:22.862Z] GET /api/zones/intelligence

[2026-07-28T05:58:22.862Z]
GET
/api/zones/intelligence
[2026-07-28T06:00:25.674Z] GET /api/zones/intelligence
[2026-07-28T06:00:25.675Z] GET /api/zones/intelligence

[2026-07-28T06:00:25.676Z]
GET
/api/zones/intelligence
[2026-07-28T06:00:31.310Z] GET /api/zones/intelligence
[2026-07-28T06:00:31.314Z] GET /api/zones/intelligence

[2026-07-28T06:00:31.340Z]
GET
/api/zones/intelligence
[2026-07-28T06:00:36.845Z] GET /api/zones/intelligence
[2026-07-28T06:00:36.847Z] GET /api/zones/intelligence

[2026-07-28T06:00:36.848Z]
GET
/api/zones/intelligence
[2026-07-28T06:00:41.876Z] GET /api/zones/intelligence
[2026-07-28T06:00:41.877Z] GET /api/zones/intelligence

[2026-07-28T06:00:41.877Z]
GET
/api/zones/intelligence
[2026-07-28T06:00:46.846Z] GET /api/zones/intelligence
[2026-07-28T06:00:46.847Z] GET /api/zones/intelligence

[2026-07-28T06:00:46.847Z]
GET
/api/zones/intelligence
[2026-07-28T06:00:53.266Z] GET /api/zones/intelligence
[2026-07-28T06:00:53.267Z] GET /api/zones/intelligence

[2026-07-28T06:00:53.267Z]
GET
/api/zones/intelligence
[2026-07-28T06:00:56.869Z] GET /api/zones/intelligence
[2026-07-28T06:00:56.870Z] GET /api/zones/intelligence

[2026-07-28T06:00:56.871Z]
GET
/api/zones/intelligence
[2026-07-28T06:01:01.858Z] GET /api/zones/intelligence
[2026-07-28T06:01:01.859Z] GET /api/zones/intelligence

[2026-07-28T06:01:01.860Z]
GET
/api/zones/intelligence
[2026-07-28T06:01:06.842Z] GET /api/zones/intelligence
[2026-07-28T06:01:06.842Z] GET /api/zones/intelligence

[2026-07-28T06:01:06.843Z]
GET
/api/zones/intelligence
[2026-07-28T06:01:11.855Z] GET /api/zones/intelligence
[2026-07-28T06:01:11.856Z] GET /api/zones/intelligence

[2026-07-28T06:01:11.857Z]
GET
/api/zones/intelligence
[2026-07-28T06:01:16.839Z] GET /api/zones/intelligence
[2026-07-28T06:01:16.840Z] GET /api/zones/intelligence

[2026-07-28T06:01:16.841Z]
GET
/api/zones/intelligence
[2026-07-28T06:01:21.853Z] GET /api/zones/intelligence
[2026-07-28T06:01:21.854Z] GET /api/zones/intelligence

[2026-07-28T06:01:21.862Z]
GET
/api/zones/intelligence
[2026-07-28T06:01:26.864Z] GET /api/zones/intelligence
[2026-07-28T06:01:26.866Z] GET /api/zones/intelligence

[2026-07-28T06:01:26.867Z]
GET
/api/zones/intelligence
[2026-07-28T06:01:31.846Z] GET /api/zones/intelligence
[2026-07-28T06:01:31.847Z] GET /api/zones/intelligence

[2026-07-28T06:01:31.847Z]
GET
/api/zones/intelligence
[2026-07-28T06:02:22.896Z] GET /api/zones/intelligence
[2026-07-28T06:02:22.896Z] GET /api/zones/intelligence

[2026-07-28T06:02:22.897Z]
GET
/api/zones/intelligence
[2026-07-28T06:03:22.889Z] GET /api/zones/intelligence
[2026-07-28T06:03:22.890Z] GET /api/zones/intelligence

[2026-07-28T06:03:22.891Z]
GET
/api/zones/intelligence
[2026-07-28T06:04:22.879Z] GET /api/zones/intelligence
[2026-07-28T06:04:22.880Z] GET /api/zones/intelligence

[2026-07-28T06:04:22.880Z]
GET
/api/zones/intelligence
[2026-07-28T06:05:22.871Z] GET /api/zones/intelligence
[2026-07-28T06:05:22.872Z] GET /api/zones/intelligence

[2026-07-28T06:05:22.873Z]
GET
/api/zones/intelligence
[2026-07-28T06:06:22.884Z] GET /api/zones/intelligence
[2026-07-28T06:06:22.885Z] GET /api/zones/intelligence

[2026-07-28T06:06:22.886Z]
GET
/api/zones/intelligence
[2026-07-28T06:07:22.877Z] GET /api/zones/intelligence
[2026-07-28T06:07:22.878Z] GET /api/zones/intelligence

[2026-07-28T06:07:22.879Z]
GET
/api/zones/intelligence
[2026-07-28T06:08:22.870Z] GET /api/zones/intelligence
[2026-07-28T06:08:22.871Z] GET /api/zones/intelligence

[2026-07-28T06:08:22.872Z]
GET
/api/zones/intelligence
[2026-07-28T06:09:22.871Z] GET /api/zones/intelligence
[2026-07-28T06:09:22.872Z] GET /api/zones/intelligence

[2026-07-28T06:09:22.873Z]
GET
/api/zones/intelligence
[2026-07-28T06:10:22.873Z] GET /api/zones/intelligence
[2026-07-28T06:10:22.874Z] GET /api/zones/intelligence

[2026-07-28T06:10:22.875Z]
GET
/api/zones/intelligence
[2026-07-28T06:11:22.863Z] GET /api/zones/intelligence
[2026-07-28T06:11:22.864Z] GET /api/zones/intelligence

[2026-07-28T06:11:22.865Z]
GET
/api/zones/intelligence
[2026-07-28T06:12:22.873Z] GET /api/zones/intelligence
[2026-07-28T06:12:22.875Z] GET /api/zones/intelligence

[2026-07-28T06:12:22.875Z]
GET
/api/zones/intelligence
[2026-07-28T06:13:22.876Z] GET /api/zones/intelligence
[2026-07-28T06:13:22.877Z] GET /api/zones/intelligence

[2026-07-28T06:13:22.878Z]
GET
/api/zones/intelligence
[2026-07-28T06:14:22.882Z] GET /api/zones/intelligence
[2026-07-28T06:14:22.883Z] GET /api/zones/intelligence

[2026-07-28T06:14:22.885Z]
GET
/api/zones/intelligence
[2026-07-28T06:15:22.900Z] GET /api/zones/intelligence
[2026-07-28T06:15:22.901Z] GET /api/zones/intelligence

[2026-07-28T06:15:22.902Z]
GET
/api/zones/intelligence
[2026-07-28T06:16:22.872Z] GET /api/zones/intelligence
[2026-07-28T06:16:22.873Z] GET /api/zones/intelligence

[2026-07-28T06:16:22.880Z]
GET
/api/zones/intelligence
[2026-07-28T06:17:22.878Z] GET /api/zones/intelligence
[2026-07-28T06:17:22.879Z] GET /api/zones/intelligence

[2026-07-28T06:17:22.880Z]
GET
/api/zones/intelligence
[2026-07-28T06:18:22.904Z] GET /api/zones/intelligence
[2026-07-28T06:18:22.905Z] GET /api/zones/intelligence

[2026-07-28T06:18:22.905Z]
GET
/api/zones/intelligence
[2026-07-28T06:19:22.887Z] GET /api/zones/intelligence
[2026-07-28T06:19:22.889Z] GET /api/zones/intelligence

[2026-07-28T06:19:22.890Z]
GET
/api/zones/intelligence
[2026-07-28T06:20:22.849Z] GET /api/zones/intelligence
[2026-07-28T06:20:22.850Z] GET /api/zones/intelligence

[2026-07-28T06:20:22.852Z]
GET
/api/zones/intelligence
[2026-07-28T06:21:22.858Z] GET /api/zones/intelligence
[2026-07-28T06:21:22.859Z] GET /api/zones/intelligence

[2026-07-28T06:21:22.860Z]
GET
/api/zones/intelligence
[2026-07-28T06:22:22.902Z] GET /api/zones/intelligence
[2026-07-28T06:22:22.903Z] GET /api/zones/intelligence

[2026-07-28T06:22:22.904Z]
GET
/api/zones/intelligence
[2026-07-28T06:23:22.879Z] GET /api/zones/intelligence
[2026-07-28T06:23:22.880Z] GET /api/zones/intelligence

[2026-07-28T06:23:22.880Z]
GET
/api/zones/intelligence
[2026-07-28T06:24:22.886Z] GET /api/zones/intelligence
[2026-07-28T06:24:22.887Z] GET /api/zones/intelligence

[2026-07-28T06:24:22.889Z]
GET
/api/zones/intelligence
[2026-07-28T06:25:22.886Z] GET /api/zones/intelligence
[2026-07-28T06:25:22.887Z] GET /api/zones/intelligence

[2026-07-28T06:25:22.887Z]
GET
/api/zones/intelligence
[2026-07-28T06:26:22.887Z] GET /api/zones/intelligence
[2026-07-28T06:26:22.888Z] GET /api/zones/intelligence

[2026-07-28T06:26:22.888Z]
GET
/api/zones/intelligence
[2026-07-28T06:27:22.885Z] GET /api/zones/intelligence
[2026-07-28T06:27:22.885Z] GET /api/zones/intelligence

[2026-07-28T06:27:22.886Z]
GET
/api/zones/intelligence
[2026-07-28T06:28:22.866Z] GET /api/zones/intelligence
[2026-07-28T06:28:22.867Z] GET /api/zones/intelligence

[2026-07-28T06:28:22.867Z]
GET
/api/zones/intelligence
[2026-07-28T06:29:22.887Z] GET /api/zones/intelligence
[2026-07-28T06:29:22.888Z] GET /api/zones/intelligence

[2026-07-28T06:29:22.888Z]
GET
/api/zones/intelligence
[2026-07-28T06:30:22.858Z] GET /api/zones/intelligence
[2026-07-28T06:30:22.859Z] GET /api/zones/intelligence

[2026-07-28T06:30:22.861Z]
GET
/api/zones/intelligence
[2026-07-28T06:31:22.895Z] GET /api/zones/intelligence
[2026-07-28T06:31:22.896Z] GET /api/zones/intelligence

[2026-07-28T06:31:22.897Z]
GET
/api/zones/intelligence
[2026-07-28T06:32:22.857Z] GET /api/zones/intelligence
[2026-07-28T06:32:22.858Z] GET /api/zones/intelligence

[2026-07-28T06:32:22.859Z]
GET
/api/zones/intelligence
[2026-07-28T06:33:22.886Z] GET /api/zones/intelligence
[2026-07-28T06:33:22.887Z] GET /api/zones/intelligence

[2026-07-28T06:33:22.887Z]
GET
/api/zones/intelligence
[2026-07-28T06:34:22.890Z] GET /api/zones/intelligence
[2026-07-28T06:34:22.891Z] GET /api/zones/intelligence

[2026-07-28T06:34:22.892Z]
GET
/api/zones/intelligence
[2026-07-28T06:35:22.872Z] GET /api/zones/intelligence
[2026-07-28T06:35:22.873Z] GET /api/zones/intelligence

[2026-07-28T06:35:22.874Z]
GET
/api/zones/intelligence
[2026-07-28T06:36:22.880Z] GET /api/zones/intelligence
[2026-07-28T06:36:22.881Z] GET /api/zones/intelligence

[2026-07-28T06:36:22.882Z]
GET
/api/zones/intelligence
[2026-07-28T06:37:22.881Z] GET /api/zones/intelligence
[2026-07-28T06:37:22.882Z] GET /api/zones/intelligence

[2026-07-28T06:37:22.883Z]
GET
/api/zones/intelligence
[2026-07-28T06:38:22.866Z] GET /api/zones/intelligence
[2026-07-28T06:38:22.867Z] GET /api/zones/intelligence

[2026-07-28T06:38:22.868Z]
GET
/api/zones/intelligence
[2026-07-28T06:39:22.848Z] GET /api/zones/intelligence
[2026-07-28T06:39:22.849Z] GET /api/zones/intelligence

[2026-07-28T06:39:22.851Z]
GET
/api/zones/intelligence
[2026-07-28T06:40:22.868Z] GET /api/zones/intelligence
[2026-07-28T06:40:22.870Z] GET /api/zones/intelligence

[2026-07-28T06:40:22.870Z]
GET
/api/zones/intelligence
[2026-07-28T06:41:22.883Z] GET /api/zones/intelligence
[2026-07-28T06:41:22.885Z] GET /api/zones/intelligence

[2026-07-28T06:41:22.886Z]
GET
/api/zones/intelligence
[2026-07-28T06:42:22.880Z] GET /api/zones/intelligence
[2026-07-28T06:42:22.882Z] GET /api/zones/intelligence

[2026-07-28T06:42:22.884Z]
GET
/api/zones/intelligence
[2026-07-28T06:43:22.886Z] GET /api/zones/intelligence
[2026-07-28T06:43:22.887Z] GET /api/zones/intelligence

[2026-07-28T06:43:22.887Z]
GET
/api/zones/intelligence
[2026-07-28T06:44:22.922Z] GET /api/zones/intelligence
[2026-07-28T06:44:22.923Z] GET /api/zones/intelligence

[2026-07-28T06:44:22.924Z]
GET
/api/zones/intelligence
[2026-07-28T06:45:22.869Z] GET /api/zones/intelligence
[2026-07-28T06:45:22.871Z] GET /api/zones/intelligence

[2026-07-28T06:45:22.874Z]
GET
/api/zones/intelligence
[2026-07-28T06:46:22.866Z] GET /api/zones/intelligence
[2026-07-28T06:46:22.867Z] GET /api/zones/intelligence

[2026-07-28T06:46:22.867Z]
GET
/api/zones/intelligence
[2026-07-28T06:47:22.875Z] GET /api/zones/intelligence
[2026-07-28T06:47:22.875Z] GET /api/zones/intelligence

[2026-07-28T06:47:22.877Z]
GET
/api/zones/intelligence
[2026-07-28T06:48:22.888Z] GET /api/zones/intelligence
[2026-07-28T06:48:22.889Z] GET /api/zones/intelligence

[2026-07-28T06:48:22.890Z]
GET
/api/zones/intelligence
[2026-07-28T06:49:22.878Z] GET /api/zones/intelligence
[2026-07-28T06:49:22.879Z] GET /api/zones/intelligence

[2026-07-28T06:49:22.880Z]
GET
/api/zones/intelligence
[2026-07-28T06:50:22.874Z] GET /api/zones/intelligence
[2026-07-28T06:50:22.875Z] GET /api/zones/intelligence

[2026-07-28T06:50:22.875Z]
GET
/api/zones/intelligence
[2026-07-28T06:51:22.854Z] GET /api/zones/intelligence
[2026-07-28T06:51:22.855Z] GET /api/zones/intelligence

[2026-07-28T06:51:22.856Z]
GET
/api/zones/intelligence
[2026-07-28T06:52:22.871Z] GET /api/zones/intelligence
[2026-07-28T06:52:22.872Z] GET /api/zones/intelligence

[2026-07-28T06:52:22.874Z]
GET
/api/zones/intelligence
[2026-07-28T06:53:22.863Z] GET /api/zones/intelligence
[2026-07-28T06:53:22.864Z] GET /api/zones/intelligence

[2026-07-28T06:53:22.865Z]
GET
/api/zones/intelligence
[2026-07-28T06:54:22.877Z] GET /api/zones/intelligence
[2026-07-28T06:54:22.878Z] GET /api/zones/intelligence

[2026-07-28T06:54:22.880Z]
GET
/api/zones/intelligence
[2026-07-28T06:55:22.861Z] GET /api/zones/intelligence
[2026-07-28T06:55:22.862Z] GET /api/zones/intelligence

[2026-07-28T06:55:22.863Z]
GET
/api/zones/intelligence
[2026-07-28T06:56:22.892Z] GET /api/zones/intelligence
[2026-07-28T06:56:22.893Z] GET /api/zones/intelligence

[2026-07-28T06:56:22.893Z]
GET
/api/zones/intelligence
[2026-07-28T06:57:22.890Z] GET /api/zones/intelligence
[2026-07-28T06:57:22.891Z] GET /api/zones/intelligence

[2026-07-28T06:57:22.892Z]
GET
/api/zones/intelligence
[2026-07-28T06:58:22.911Z] GET /api/zones/intelligence
[2026-07-28T06:58:22.912Z] GET /api/zones/intelligence

[2026-07-28T06:58:22.913Z]
GET
/api/zones/intelligence
[2026-07-28T06:59:22.883Z] GET /api/zones/intelligence
[2026-07-28T06:59:22.885Z] GET /api/zones/intelligence

[2026-07-28T06:59:22.886Z]
GET
/api/zones/intelligence
[2026-07-28T07:00:22.882Z] GET /api/zones/intelligence
[2026-07-28T07:00:22.883Z] GET /api/zones/intelligence

[2026-07-28T07:00:22.883Z]
GET
/api/zones/intelligence
[2026-07-28T07:01:22.909Z] GET /api/zones/intelligence
[2026-07-28T07:01:22.910Z] GET /api/zones/intelligence

[2026-07-28T07:01:22.915Z]
GET
/api/zones/intelligence
[2026-07-28T07:02:23.025Z] GET /api/zones/intelligence
[2026-07-28T07:02:23.026Z] GET /api/zones/intelligence

[2026-07-28T07:02:23.029Z]
GET
/api/zones/intelligence
[2026-07-28T07:03:22.878Z] GET /api/zones/intelligence
[2026-07-28T07:03:22.879Z] GET /api/zones/intelligence

[2026-07-28T07:03:22.880Z]
GET
/api/zones/intelligence
[2026-07-28T07:04:22.879Z] GET /api/zones/intelligence
[2026-07-28T07:04:22.880Z] GET /api/zones/intelligence

[2026-07-28T07:04:22.880Z]
GET
/api/zones/intelligence
[2026-07-28T07:05:24.858Z] GET /api/zones/intelligence
[2026-07-28T07:05:24.860Z] GET /api/zones/intelligence

[2026-07-28T07:05:24.862Z]
GET
/api/zones/intelligence
[2026-07-28T07:06:22.891Z] GET /api/zones/intelligence
[2026-07-28T07:06:22.892Z] GET /api/zones/intelligence

[2026-07-28T07:06:22.893Z]
GET
/api/zones/intelligence
[2026-07-28T07:07:22.856Z] GET /api/zones/intelligence
[2026-07-28T07:07:22.857Z] GET /api/zones/intelligence

[2026-07-28T07:07:22.858Z]
GET
/api/zones/intelligence
[2026-07-28T07:08:22.925Z] GET /api/zones/intelligence
[2026-07-28T07:08:22.926Z] GET /api/zones/intelligence

[2026-07-28T07:08:22.927Z]
GET
/api/zones/intelligence
[2026-07-28T07:09:22.883Z] GET /api/zones/intelligence
[2026-07-28T07:09:22.884Z] GET /api/zones/intelligence

[2026-07-28T07:09:22.886Z]
GET
/api/zones/intelligence
[2026-07-28T07:10:22.882Z] GET /api/zones/intelligence
[2026-07-28T07:10:22.883Z] GET /api/zones/intelligence

[2026-07-28T07:10:22.884Z]
GET
/api/zones/intelligence
[2026-07-28T07:11:22.864Z] GET /api/zones/intelligence
[2026-07-28T07:11:22.865Z] GET /api/zones/intelligence

[2026-07-28T07:11:22.866Z]
GET
/api/zones/intelligence
[2026-07-28T07:11:59.269Z] GET /api/zones/intelligence
[2026-07-28T07:11:59.270Z] GET /api/zones/intelligence

[2026-07-28T07:11:59.271Z]
GET
/api/zones/intelligence
[2026-07-28T07:12:01.852Z] GET /api/zones/intelligence
[2026-07-28T07:12:01.866Z] GET /api/zones/intelligence

[2026-07-28T07:12:01.867Z]
GET
/api/zones/intelligence
[2026-07-28T07:12:06.845Z] GET /api/zones/intelligence
[2026-07-28T07:12:06.846Z] GET /api/zones/intelligence

[2026-07-28T07:12:06.847Z]
GET
/api/zones/intelligence
[2026-07-28T07:12:11.842Z] GET /api/zones/intelligence
[2026-07-28T07:12:11.844Z] GET /api/zones/intelligence

[2026-07-28T07:12:11.844Z]
GET
/api/zones/intelligence
[2026-07-28T07:12:16.051Z] GET /api/zones/intelligence
[2026-07-28T07:12:16.051Z] GET /api/zones/intelligence

[2026-07-28T07:12:16.052Z]
GET
/api/zones/intelligence
[2026-07-28T07:12:21.046Z] GET /api/zones/intelligence
[2026-07-28T07:12:21.047Z] GET /api/zones/intelligence

[2026-07-28T07:12:21.047Z]
GET
/api/zones/intelligence
[2026-07-28T07:12:26.045Z] GET /api/zones/intelligence
[2026-07-28T07:12:26.046Z] GET /api/zones/intelligence

[2026-07-28T07:12:26.047Z]
GET
/api/zones/intelligence
[2026-07-28T07:12:31.849Z] GET /api/zones/intelligence
[2026-07-28T07:12:31.851Z] GET /api/zones/intelligence

[2026-07-28T07:12:31.853Z]
GET
/api/zones/intelligence
[2026-07-28T07:12:36.851Z] GET /api/zones/intelligence
[2026-07-28T07:12:36.852Z] GET /api/zones/intelligence

[2026-07-28T07:12:36.852Z]
GET
/api/zones/intelligence
[2026-07-28T07:12:41.855Z] GET /api/zones/intelligence
[2026-07-28T07:12:41.856Z] GET /api/zones/intelligence

[2026-07-28T07:12:41.857Z]
GET
/api/zones/intelligence
[2026-07-28T07:12:46.855Z] GET /api/zones/intelligence
[2026-07-28T07:12:46.857Z] GET /api/zones/intelligence

[2026-07-28T07:12:46.857Z]
GET
/api/zones/intelligence
[2026-07-28T07:12:51.868Z] GET /api/zones/intelligence
[2026-07-28T07:12:51.869Z] GET /api/zones/intelligence

[2026-07-28T07:12:51.870Z]
GET
/api/zones/intelligence
[2026-07-28T07:12:56.872Z] GET /api/zones/intelligence
[2026-07-28T07:12:56.873Z] GET /api/zones/intelligence

[2026-07-28T07:12:56.877Z]
GET
/api/zones/intelligence
[2026-07-28T07:13:01.854Z] GET /api/zones/intelligence
[2026-07-28T07:13:01.855Z] GET /api/zones/intelligence

[2026-07-28T07:13:01.856Z]
GET
/api/zones/intelligence
[2026-07-28T07:13:06.853Z] GET /api/zones/intelligence
[2026-07-28T07:13:06.855Z] GET /api/zones/intelligence

[2026-07-28T07:13:06.855Z]
GET
/api/zones/intelligence
[2026-07-28T07:13:11.860Z] GET /api/zones/intelligence
[2026-07-28T07:13:11.862Z] GET /api/zones/intelligence

[2026-07-28T07:13:11.864Z]
GET
/api/zones/intelligence
[2026-07-28T07:13:16.844Z] GET /api/zones/intelligence
[2026-07-28T07:13:16.845Z] GET /api/zones/intelligence

[2026-07-28T07:13:16.845Z]
GET
/api/zones/intelligence
[2026-07-28T07:13:21.844Z] GET /api/zones/intelligence
[2026-07-28T07:13:21.845Z] GET /api/zones/intelligence

[2026-07-28T07:13:21.847Z]
GET
/api/zones/intelligence
[2026-07-28T07:13:26.843Z] GET /api/zones/intelligence
[2026-07-28T07:13:26.845Z] GET /api/zones/intelligence

[2026-07-28T07:13:26.846Z]
GET
/api/zones/intelligence
[2026-07-28T07:13:44.885Z] GET /api/zones/intelligence
[2026-07-28T07:13:44.888Z] GET /api/zones/intelligence

[2026-07-28T07:13:44.894Z]
GET
/api/zones/intelligence
[2026-07-28T07:13:46.053Z] GET /api/zones/intelligence
[2026-07-28T07:13:46.054Z] GET /api/zones/intelligence

[2026-07-28T07:13:46.054Z]
GET
/api/zones/intelligence
[2026-07-28T07:13:51.852Z] GET /api/zones/intelligence
[2026-07-28T07:13:51.858Z] GET /api/zones/intelligence

[2026-07-28T07:13:51.860Z]
GET
/api/zones/intelligence
[2026-07-28T07:13:56.861Z] GET /api/zones/intelligence
[2026-07-28T07:13:56.863Z] GET /api/zones/intelligence

[2026-07-28T07:13:56.864Z]
GET
/api/zones/intelligence
[2026-07-28T07:14:01.846Z] GET /api/zones/intelligence
[2026-07-28T07:14:01.847Z] GET /api/zones/intelligence

[2026-07-28T07:14:01.848Z]
GET
/api/zones/intelligence
[2026-07-28T07:14:06.047Z] GET /api/zones/intelligence
[2026-07-28T07:14:06.049Z] GET /api/zones/intelligence

[2026-07-28T07:14:06.050Z]
GET
/api/zones/intelligence
[2026-07-28T07:14:11.839Z] GET /api/zones/intelligence
[2026-07-28T07:14:11.840Z] GET /api/zones/intelligence

[2026-07-28T07:14:11.841Z]
GET
/api/zones/intelligence
[2026-07-28T07:14:16.888Z] GET /api/zones/intelligence
[2026-07-28T07:14:16.888Z] GET /api/zones/intelligence

[2026-07-28T07:14:16.889Z]
GET
/api/zones/intelligence
[2026-07-28T07:14:21.853Z] GET /api/zones/intelligence
[2026-07-28T07:14:21.855Z] GET /api/zones/intelligence

[2026-07-28T07:14:21.861Z]
GET
/api/zones/intelligence
[2026-07-28T07:14:26.849Z] GET /api/zones/intelligence
[2026-07-28T07:14:26.850Z] GET /api/zones/intelligence

[2026-07-28T07:14:26.851Z]
GET
/api/zones/intelligence
[2026-07-28T07:14:31.849Z] GET /api/zones/intelligence
[2026-07-28T07:14:31.850Z] GET /api/zones/intelligence

[2026-07-28T07:14:31.852Z]
GET
/api/zones/intelligence
[2026-07-28T07:14:36.854Z] GET /api/zones/intelligence
[2026-07-28T07:14:36.855Z] GET /api/zones/intelligence

[2026-07-28T07:14:36.856Z]
GET
/api/zones/intelligence
[2026-07-28T07:14:41.855Z] GET /api/zones/intelligence
[2026-07-28T07:14:41.859Z] GET /api/zones/intelligence

[2026-07-28T07:14:41.861Z]
GET
/api/zones/intelligence
[2026-07-28T07:14:46.850Z] GET /api/zones/intelligence
[2026-07-28T07:14:46.851Z] GET /api/zones/intelligence

[2026-07-28T07:14:46.852Z]
GET
/api/zones/intelligence
[2026-07-28T07:14:51.849Z] GET /api/zones/intelligence
[2026-07-28T07:14:51.850Z] GET /api/zones/intelligence

[2026-07-28T07:14:51.852Z]
GET
/api/zones/intelligence
[2026-07-28T07:14:56.856Z] GET /api/zones/intelligence
[2026-07-28T07:14:56.857Z] GET /api/zones/intelligence

[2026-07-28T07:14:56.861Z]
GET
/api/zones/intelligence
[2026-07-28T07:15:01.848Z] GET /api/zones/intelligence
[2026-07-28T07:15:01.850Z] GET /api/zones/intelligence

[2026-07-28T07:15:01.851Z]
GET
/api/zones/intelligence
[2026-07-28T07:15:06.856Z] GET /api/zones/intelligence
[2026-07-28T07:15:06.857Z] GET /api/zones/intelligence

[2026-07-28T07:15:06.859Z]
GET
/api/zones/intelligence
[2026-07-28T07:15:22.861Z] GET /api/zones/intelligence
[2026-07-28T07:15:22.863Z] GET /api/zones/intelligence

[2026-07-28T07:15:22.864Z]
GET
/api/zones/intelligence
[2026-07-28T07:16:23.109Z] GET /api/zones/intelligence
[2026-07-28T07:16:23.110Z] GET /api/zones/intelligence

[2026-07-28T07:16:23.111Z]
GET
/api/zones/intelligence
[2026-07-28T07:17:22.855Z] GET /api/zones/intelligence
[2026-07-28T07:17:22.856Z] GET /api/zones/intelligence

[2026-07-28T07:17:22.857Z]
GET
/api/zones/intelligence
[2026-07-28T07:18:22.885Z] GET /api/zones/intelligence
[2026-07-28T07:18:22.886Z] GET /api/zones/intelligence

[2026-07-28T07:18:22.887Z]
GET
/api/zones/intelligence
[2026-07-28T07:19:22.868Z] GET /api/zones/intelligence
[2026-07-28T07:19:22.869Z] GET /api/zones/intelligence

[2026-07-28T07:19:22.870Z]
GET
/api/zones/intelligence
[2026-07-28T07:20:22.869Z] GET /api/zones/intelligence
[2026-07-28T07:20:22.870Z] GET /api/zones/intelligence

[2026-07-28T07:20:22.871Z]
GET
/api/zones/intelligence
[2026-07-28T07:21:22.880Z] GET /api/zones/intelligence
[2026-07-28T07:21:22.881Z] GET /api/zones/intelligence

[2026-07-28T07:21:22.882Z]
GET
/api/zones/intelligence
[2026-07-28T07:22:22.858Z] GET /api/zones/intelligence
[2026-07-28T07:22:22.860Z] GET /api/zones/intelligence

[2026-07-28T07:22:22.862Z]
GET
/api/zones/intelligence
[2026-07-28T07:23:22.901Z] GET /api/zones/intelligence
[2026-07-28T07:23:22.902Z] GET /api/zones/intelligence

[2026-07-28T07:23:22.903Z]
GET
/api/zones/intelligence
[2026-07-28T07:24:22.881Z] GET /api/zones/intelligence
[2026-07-28T07:24:22.882Z] GET /api/zones/intelligence

[2026-07-28T07:24:22.883Z]
GET
/api/zones/intelligence
[2026-07-28T07:25:22.890Z] GET /api/zones/intelligence
[2026-07-28T07:25:22.891Z] GET /api/zones/intelligence

[2026-07-28T07:25:22.892Z]
GET
/api/zones/intelligence
[2026-07-28T07:26:22.859Z] GET /api/zones/intelligence
[2026-07-28T07:26:22.860Z] GET /api/zones/intelligence

[2026-07-28T07:26:22.861Z]
GET
/api/zones/intelligence
[2026-07-28T07:26:57.094Z] GET /api/zones/intelligence
[2026-07-28T07:26:57.095Z] GET /api/zones/intelligence

[2026-07-28T07:26:57.097Z]
GET
/api/zones/intelligence
[2026-07-28T07:27:01.053Z] GET /api/zones/intelligence
[2026-07-28T07:27:01.054Z] GET /api/zones/intelligence

[2026-07-28T07:27:01.055Z]
GET
/api/zones/intelligence
[2026-07-28T07:27:06.049Z] GET /api/zones/intelligence
[2026-07-28T07:27:06.050Z] GET /api/zones/intelligence

[2026-07-28T07:27:06.051Z]
GET
/api/zones/intelligence
[2026-07-28T07:27:08.300Z] GET /api/zones
[2026-07-28T07:27:08.306Z] GET /api/zones

[2026-07-28T07:27:08.621Z]
GET
/api/zones
[2026-07-28T07:27:09.759Z] GET /api/zones
[2026-07-28T07:27:09.770Z] POST /api/execution/request
[2026-07-28T07:27:09.771Z] POST /api/execution/request

[2026-07-28T07:27:09.811Z]
POST
/api/execution/request
[2026-07-28T07:27:09.892Z] POST /api/execution/request
[2026-07-28T07:27:09.893Z] POST /api/execution/request

[2026-07-28T07:27:09.896Z]
POST
/api/execution/request
[2026-07-28T07:27:09.918Z] POST /api/execution/request
[2026-07-28T07:27:09.919Z] POST /api/execution/request

[2026-07-28T07:27:09.933Z]
POST
/api/execution/request
[2026-07-28T07:27:09.956Z] POST /api/execution/request
[2026-07-28T07:27:09.959Z] POST /api/execution/request

[2026-07-28T07:27:09.960Z]
POST
/api/execution/request
[2026-07-28T07:27:09.965Z] GET /api/zones

[2026-07-28T07:27:09.966Z]
GET
/api/zones
[2026-07-28T07:27:10.353Z] POST /api/execution/request
[2026-07-28T07:27:10.358Z] POST /api/execution/request

[2026-07-28T07:27:10.370Z]
POST
/api/execution/request
[2026-07-28T07:27:10.468Z] POST /api/execution/request
[2026-07-28T07:27:10.469Z] POST /api/execution/request

[2026-07-28T07:27:10.470Z]
POST
/api/execution/request
[2026-07-28T07:27:10.477Z] POST /api/execution/request
[2026-07-28T07:27:10.477Z] POST /api/execution/request

[2026-07-28T07:27:10.479Z]
POST
/api/execution/request
[2026-07-28T07:27:10.509Z] POST /api/execution/request
[2026-07-28T07:27:10.509Z] POST /api/execution/request

[2026-07-28T07:27:10.563Z]
POST
/api/execution/request
[2026-07-28T07:27:17.117Z] GET /api/zones
[2026-07-28T07:27:17.120Z] GET /api/zones

[2026-07-28T07:27:17.122Z]
GET
/api/zones
[2026-07-28T07:27:17.292Z] POST /api/execution/request
[2026-07-28T07:27:17.294Z] POST /api/execution/request

[2026-07-28T07:27:17.296Z]
POST
/api/execution/request
[2026-07-28T07:27:17.307Z] POST /api/execution/request
[2026-07-28T07:27:17.308Z] POST /api/execution/request

[2026-07-28T07:27:17.315Z]
POST
/api/execution/request
[2026-07-28T07:27:17.342Z] POST /api/execution/request
[2026-07-28T07:27:17.344Z] POST /api/execution/request

[2026-07-28T07:27:17.345Z]
POST
/api/execution/request
[2026-07-28T07:27:17.363Z] POST /api/execution/request
[2026-07-28T07:27:17.364Z] POST /api/execution/request

[2026-07-28T07:27:17.365Z]
POST
/api/execution/request
[2026-07-28T07:27:18.510Z] GET /api/zones
[2026-07-28T07:27:18.516Z] GET /api/zones

[2026-07-28T07:27:18.567Z]
GET
/api/zones
[2026-07-28T07:27:18.998Z] POST /api/execution/request
[2026-07-28T07:27:18.998Z] POST /api/execution/request

[2026-07-28T07:27:19.010Z]
POST
/api/execution/request
[2026-07-28T07:27:19.044Z] POST /api/execution/request
[2026-07-28T07:27:19.046Z] POST /api/execution/request

[2026-07-28T07:27:19.054Z]
POST
/api/execution/request
[2026-07-28T07:27:19.104Z] POST /api/execution/request
[2026-07-28T07:27:19.105Z] POST /api/execution/request

[2026-07-28T07:27:19.106Z]
POST
/api/execution/request
[2026-07-28T07:27:19.111Z] POST /api/execution/request
[2026-07-28T07:27:19.111Z] POST /api/execution/request

[2026-07-28T07:27:19.113Z]
POST
/api/execution/request
[2026-07-28T12:11:25.934Z] GET /api/zones
[2026-07-28T12:11:25.937Z] GET /api/zones

[2026-07-28T12:11:25.940Z]
GET
/api/zones
[2026-07-28T12:11:26.067Z] POST /api/execution/request
[2026-07-28T12:11:26.067Z] POST /api/execution/request

[2026-07-28T12:11:26.068Z]
POST
/api/execution/request
[2026-07-28T12:11:26.071Z] POST /api/execution/request
[2026-07-28T12:11:26.072Z] POST /api/execution/request

[2026-07-28T12:11:26.073Z]
POST
/api/execution/request
[2026-07-28T12:11:26.076Z] POST /api/execution/request
[2026-07-28T12:11:26.077Z] POST /api/execution/request

[2026-07-28T12:11:26.078Z]
POST
/api/execution/request
[2026-07-28T12:11:26.079Z] POST /api/execution/request
[2026-07-28T12:11:26.080Z] POST /api/execution/request

[2026-07-28T12:11:26.082Z]
POST
/api/execution/request
[2026-07-28T12:11:33.928Z] GET /api/zones
[2026-07-28T12:11:33.930Z] GET /api/zones

[2026-07-28T12:11:33.936Z]
GET
/api/zones
[2026-07-28T12:11:34.093Z] POST /api/execution/request
[2026-07-28T12:11:34.094Z] POST /api/execution/request

[2026-07-28T12:11:34.097Z]
POST
/api/execution/request
[2026-07-28T12:11:34.106Z] POST /api/execution/request
[2026-07-28T12:11:34.108Z] POST /api/execution/request

[2026-07-28T12:11:34.108Z]
POST
/api/execution/request
[2026-07-28T12:11:34.111Z] POST /api/execution/request
[2026-07-28T12:11:34.111Z] POST /api/execution/request

[2026-07-28T12:11:34.112Z]
POST
/api/execution/request
[2026-07-28T12:11:34.115Z] POST /api/execution/request
[2026-07-28T12:11:34.116Z] POST /api/execution/request

[2026-07-28T12:11:34.116Z]
POST
/api/execution/request
[2026-07-28T13:02:40.133Z] GET /zone/state
[2026-07-28T13:02:40.137Z] GET /api/analytics/stats
[2026-07-28T13:02:40.139Z] GET /zone/state

[2026-07-28T13:02:40.142Z]
GET
/zone/state
[2026-07-28T13:02:40.160Z] GET /api/analytics/stats

[2026-07-28T13:02:40.162Z]
GET
/api/analytics/stats
[2026-07-28T13:02:40.170Z] GET /zone/state
[2026-07-28T13:02:40.171Z] GET /alerts
[2026-07-28T13:02:40.172Z] GET /api/analytics/stats
[2026-07-28T13:02:40.174Z] GET /zone/state

[2026-07-28T13:02:40.175Z]
GET
/zone/state
[2026-07-28T13:02:40.178Z] GET /alerts

[2026-07-28T13:02:40.180Z]
GET
/alerts
[2026-07-28T13:02:40.187Z] GET /api/analytics/stats

[2026-07-28T13:02:40.189Z]
GET
/api/analytics/stats
[2026-07-28T13:02:40.194Z] GET /alerts
[2026-07-28T13:02:40.195Z] GET /alerts

[2026-07-28T13:02:40.197Z]
GET
/alerts
[2026-07-28T13:06:16.998Z] GET /zone/state
[2026-07-28T13:06:16.999Z] GET /zone/state

[2026-07-28T13:06:17.000Z]
GET
/zone/state
[2026-07-28T13:06:17.012Z] GET /zone/state
[2026-07-28T13:06:17.014Z] GET /api/analytics/stats
[2026-07-28T13:06:17.018Z] GET /zone/state

[2026-07-28T13:06:17.019Z]
GET
/zone/state
[2026-07-28T13:06:17.026Z] GET /api/analytics/stats

[2026-07-28T13:06:17.032Z]
GET
/api/analytics/stats
[2026-07-28T13:06:17.046Z] GET /alerts
[2026-07-28T13:06:17.049Z] GET /api/analytics/stats
[2026-07-28T13:06:17.050Z] GET /alerts

[2026-07-28T13:06:17.055Z]
GET
/alerts
[2026-07-28T13:06:17.069Z] GET /api/analytics/stats

[2026-07-28T13:06:17.072Z]
GET
/api/analytics/stats
[2026-07-28T13:06:17.075Z] GET /alerts
[2026-07-28T13:06:17.077Z] GET /alerts

[2026-07-28T13:06:17.077Z]
GET
/alerts
[2026-07-28T13:06:25.305Z] GET /api/intelligence/run
[2026-07-28T13:06:25.308Z] GET /api/intelligence/run

[2026-07-28T13:06:25.310Z]
GET
/api/intelligence/run
[2026-07-29T04:35:49.791Z] GET /zone/state
[2026-07-29T04:35:49.800Z] GET /api/analytics/stats
[2026-07-29T04:35:49.803Z] GET /zone/state

[2026-07-29T04:35:49.806Z]
GET
/zone/state
[2026-07-29T04:35:49.830Z] GET /zone/state
[2026-07-29T04:35:49.833Z] GET /api/analytics/stats

[2026-07-29T04:35:49.834Z]
GET
/api/analytics/stats
[2026-07-29T04:35:49.845Z] GET /api/analytics/stats
[2026-07-29T04:35:49.846Z] GET /zone/state

[2026-07-29T04:35:49.850Z]
GET
/zone/state
[2026-07-29T04:35:49.860Z] GET /api/analytics/stats

[2026-07-29T04:35:49.861Z]
GET
/api/analytics/stats
[2026-07-29T04:35:49.869Z] GET /alerts
[2026-07-29T04:35:49.871Z] GET /alerts

[2026-07-29T04:35:49.872Z]
GET
/alerts
[2026-07-29T04:35:49.882Z] GET /alerts
[2026-07-29T04:35:49.884Z] GET /alerts

[2026-07-29T04:35:49.886Z]
GET
/alerts
[2026-07-29T04:35:52.788Z] GET /zone/state
[2026-07-29T04:35:52.790Z] GET /zone/state

[2026-07-29T04:35:52.791Z]
GET
/zone/state
[2026-07-29T04:35:52.799Z] GET /alerts
[2026-07-29T04:35:52.801Z] GET /alerts

[2026-07-29T04:35:52.802Z]
GET
/alerts
[2026-07-29T04:35:55.794Z] GET /zone/state
[2026-07-29T04:35:55.796Z] GET /zone/state

[2026-07-29T04:35:55.798Z]
GET
/zone/state
[2026-07-29T04:35:55.808Z] GET /alerts
[2026-07-29T04:35:55.810Z] GET /alerts

[2026-07-29T04:35:55.811Z]
GET
/alerts
[2026-07-29T04:35:58.788Z] GET /zone/state
[2026-07-29T04:35:58.790Z] GET /zone/state

[2026-07-29T04:35:58.792Z]
GET
/zone/state
[2026-07-29T04:35:58.799Z] GET /alerts
[2026-07-29T04:35:58.801Z] GET /alerts

[2026-07-29T04:35:58.802Z]
GET
/alerts
[2026-07-29T04:36:01.783Z] GET /zone/state
[2026-07-29T04:36:01.785Z] GET /zone/state

[2026-07-29T04:36:01.786Z]
GET
/zone/state
[2026-07-29T04:36:01.796Z] GET /alerts
[2026-07-29T04:36:01.798Z] GET /alerts

[2026-07-29T04:36:01.799Z]
GET
/alerts
[2026-07-29T04:36:04.782Z] GET /zone/state
[2026-07-29T04:36:04.783Z] GET /zone/state

[2026-07-29T04:36:04.785Z]
GET
/zone/state
[2026-07-29T04:36:04.821Z] GET /alerts
[2026-07-29T04:36:04.829Z] GET /alerts

[2026-07-29T04:36:04.846Z]
GET
/alerts
[2026-07-29T04:36:07.785Z] GET /zone/state
[2026-07-29T04:36:07.786Z] GET /zone/state

[2026-07-29T04:36:07.788Z]
GET
/zone/state
[2026-07-29T04:36:07.798Z] GET /alerts
[2026-07-29T04:36:07.799Z] GET /alerts

[2026-07-29T04:36:07.801Z]
GET
/alerts
[2026-07-29T04:36:10.780Z] GET /zone/state
[2026-07-29T04:36:10.781Z] GET /zone/state

[2026-07-29T04:36:10.783Z]
GET
/zone/state
[2026-07-29T04:36:10.790Z] GET /alerts
[2026-07-29T04:36:10.791Z] GET /alerts

[2026-07-29T04:36:10.792Z]
GET
/alerts
[2026-07-29T04:36:13.785Z] GET /zone/state
[2026-07-29T04:36:13.787Z] GET /zone/state

[2026-07-29T04:36:13.789Z]
GET
/zone/state
[2026-07-29T04:36:13.800Z] GET /alerts
[2026-07-29T04:36:13.802Z] GET /alerts

[2026-07-29T04:36:13.806Z]
GET
/alerts
[2026-07-29T04:36:16.789Z] GET /zone/state
[2026-07-29T04:36:16.791Z] GET /zone/state

[2026-07-29T04:36:16.793Z]
GET
/zone/state
[2026-07-29T04:36:16.803Z] GET /alerts
[2026-07-29T04:36:16.805Z] GET /alerts

[2026-07-29T04:36:16.813Z]
GET
/alerts
[2026-07-29T04:36:19.780Z] GET /zone/state
[2026-07-29T04:36:19.782Z] GET /zone/state

[2026-07-29T04:36:19.784Z]
GET
/zone/state
[2026-07-29T04:36:19.791Z] GET /alerts
[2026-07-29T04:36:19.793Z] GET /alerts

[2026-07-29T04:36:19.794Z]
GET
/alerts
[2026-07-29T04:36:22.784Z] GET /zone/state
[2026-07-29T04:36:22.789Z] GET /zone/state

[2026-07-29T04:36:22.798Z]
GET
/zone/state
[2026-07-29T04:36:22.834Z] GET /alerts
[2026-07-29T04:36:22.839Z] GET /alerts

[2026-07-29T04:36:22.880Z]
GET
/alerts
[2026-07-29T04:36:25.789Z] GET /zone/state
[2026-07-29T04:36:25.792Z] GET /zone/state

[2026-07-29T04:36:25.798Z]
GET
/zone/state
[2026-07-29T04:36:25.827Z] GET /alerts
[2026-07-29T04:36:25.839Z] GET /alerts

[2026-07-29T04:36:25.841Z]
GET
/alerts
[2026-07-29T04:36:28.783Z] GET /zone/state
[2026-07-29T04:36:28.785Z] GET /zone/state

[2026-07-29T04:36:28.786Z]
GET
/zone/state
[2026-07-29T04:36:28.794Z] GET /alerts
[2026-07-29T04:36:28.797Z] GET /alerts

[2026-07-29T04:36:28.805Z]
GET
/alerts
[2026-07-29T04:36:31.778Z] GET /zone/state
[2026-07-29T04:36:31.779Z] GET /zone/state

[2026-07-29T04:36:31.780Z]
GET
/zone/state
[2026-07-29T04:36:31.784Z] GET /alerts
[2026-07-29T04:36:31.785Z] GET /alerts

[2026-07-29T04:36:31.786Z]
GET
/alerts
[2026-07-29T04:36:34.784Z] GET /zone/state
[2026-07-29T04:36:34.795Z] GET /zone/state

[2026-07-29T04:36:34.799Z]
GET
/zone/state
[2026-07-29T04:36:34.818Z] GET /alerts
[2026-07-29T04:36:34.819Z] GET /alerts

[2026-07-29T04:36:34.832Z]
GET
/alerts
[2026-07-29T04:36:37.782Z] GET /zone/state
[2026-07-29T04:36:37.783Z] GET /zone/state

[2026-07-29T04:36:37.786Z]
GET
/zone/state
[2026-07-29T04:36:37.792Z] GET /alerts
[2026-07-29T04:36:37.824Z] GET /alerts

[2026-07-29T04:36:37.844Z]
GET
/alerts
[2026-07-29T04:36:40.790Z] GET /zone/state
[2026-07-29T04:36:40.791Z] GET /zone/state

[2026-07-29T04:36:40.792Z]
GET
/zone/state
[2026-07-29T04:36:40.806Z] GET /alerts
[2026-07-29T04:36:40.807Z] GET /alerts

[2026-07-29T04:36:40.812Z]
GET
/alerts
[2026-07-29T04:36:43.793Z] GET /zone/state
[2026-07-29T04:36:43.795Z] GET /zone/state

[2026-07-29T04:36:43.803Z]
GET
/zone/state
[2026-07-29T04:36:43.816Z] GET /alerts
[2026-07-29T04:36:43.846Z] GET /alerts

[2026-07-29T04:36:43.851Z]
GET
/alerts
[2026-07-29T04:36:46.781Z] GET /zone/state
[2026-07-29T04:36:46.783Z] GET /zone/state

[2026-07-29T04:36:46.790Z]
GET
/zone/state
[2026-07-29T04:36:46.801Z] GET /alerts
[2026-07-29T04:36:46.803Z] GET /alerts

[2026-07-29T04:36:46.806Z]
GET
/alerts
[2026-07-29T04:36:49.787Z] GET /zone/state
[2026-07-29T04:36:49.912Z] GET /zone/state

[2026-07-29T04:36:49.915Z]
GET
/zone/state
[2026-07-29T04:36:49.923Z] GET /alerts
[2026-07-29T04:36:49.924Z] GET /alerts

[2026-07-29T04:36:49.927Z]
GET
/alerts
[2026-07-29T04:36:52.790Z] GET /zone/state
[2026-07-29T04:36:52.796Z] GET /zone/state

[2026-07-29T04:36:52.871Z]
GET
/zone/state
[2026-07-29T04:36:52.903Z] GET /alerts
[2026-07-29T04:36:52.908Z] GET /alerts

[2026-07-29T04:36:52.920Z]
GET
/alerts
[2026-07-29T04:36:55.787Z] GET /zone/state
[2026-07-29T04:36:55.790Z] GET /zone/state

[2026-07-29T04:36:55.803Z]
GET
/zone/state
[2026-07-29T04:36:55.851Z] GET /alerts
[2026-07-29T04:36:55.852Z] GET /alerts

[2026-07-29T04:36:55.853Z]
GET
/alerts
[2026-07-29T04:36:58.788Z] GET /zone/state
[2026-07-29T04:36:58.791Z] GET /zone/state

[2026-07-29T04:36:58.795Z]
GET
/zone/state
[2026-07-29T04:36:58.809Z] GET /alerts
[2026-07-29T04:36:58.817Z] GET /alerts

[2026-07-29T04:36:58.832Z]
GET
/alerts
[2026-07-29T04:37:01.790Z] GET /zone/state
[2026-07-29T04:37:01.791Z] GET /zone/state

[2026-07-29T04:37:01.793Z]
GET
/zone/state
[2026-07-29T04:37:01.805Z] GET /alerts
[2026-07-29T04:37:01.806Z] GET /alerts

[2026-07-29T04:37:01.809Z]
GET
/alerts
[2026-07-29T04:37:04.813Z] GET /zone/state
[2026-07-29T04:37:04.852Z] GET /zone/state

[2026-07-29T04:37:04.861Z]
GET
/zone/state
[2026-07-29T04:37:04.950Z] GET /alerts
[2026-07-29T04:37:04.987Z] GET /alerts

[2026-07-29T04:37:04.999Z]
GET
/alerts
[2026-07-29T04:37:07.861Z] GET /zone/state
[2026-07-29T04:37:08.028Z] GET /zone/state

[2026-07-29T04:37:08.601Z]
GET
/zone/state
[2026-07-29T04:37:08.823Z] GET /alerts
[2026-07-29T04:37:08.886Z] GET /alerts

[2026-07-29T04:37:08.926Z]
GET
/alerts
[2026-07-29T04:37:10.781Z] GET /zone/state
[2026-07-29T04:37:10.782Z] GET /zone/state

[2026-07-29T04:37:10.784Z]
GET
/zone/state
[2026-07-29T04:37:10.834Z] GET /alerts
[2026-07-29T04:37:10.879Z] GET /alerts

[2026-07-29T04:37:10.888Z]
GET
/alerts
[2026-07-29T04:37:13.790Z] GET /zone/state
[2026-07-29T04:37:13.793Z] GET /zone/state

[2026-07-29T04:37:13.808Z]
GET
/zone/state
[2026-07-29T04:37:13.870Z] GET /alerts
[2026-07-29T04:37:13.881Z] GET /alerts

[2026-07-29T04:37:13.897Z]
GET
/alerts
[2026-07-29T04:37:16.788Z] GET /zone/state
[2026-07-29T04:37:16.791Z] GET /zone/state

[2026-07-29T04:37:16.792Z]
GET
/zone/state
[2026-07-29T04:37:16.801Z] GET /alerts
[2026-07-29T04:37:16.803Z] GET /alerts

[2026-07-29T04:37:16.804Z]
GET
/alerts
[2026-07-29T04:37:19.783Z] GET /zone/state
[2026-07-29T04:37:19.785Z] GET /zone/state

[2026-07-29T04:37:19.785Z]
GET
/zone/state
[2026-07-29T04:37:19.792Z] GET /alerts
[2026-07-29T04:37:19.793Z] GET /alerts

[2026-07-29T04:37:19.794Z]
GET
/alerts
[2026-07-29T04:37:22.781Z] GET /zone/state
[2026-07-29T04:37:22.783Z] GET /zone/state

[2026-07-29T04:37:22.791Z]
GET
/zone/state
[2026-07-29T04:37:22.806Z] GET /alerts
[2026-07-29T04:37:22.808Z] GET /alerts

[2026-07-29T04:37:22.809Z]
GET
/alerts
[2026-07-29T04:37:25.851Z] GET /zone/state
[2026-07-29T04:37:25.887Z] GET /zone/state

[2026-07-29T04:37:25.889Z]
GET
/zone/state
[2026-07-29T04:37:25.905Z] GET /alerts
[2026-07-29T04:37:25.906Z] GET /alerts

[2026-07-29T04:37:25.910Z]
GET
/alerts
[2026-07-29T04:37:28.792Z] GET /zone/state
[2026-07-29T04:37:28.794Z] GET /zone/state

[2026-07-29T04:37:28.802Z]
GET
/zone/state
[2026-07-29T04:37:28.838Z] GET /alerts
[2026-07-29T04:37:28.870Z] GET /alerts

[2026-07-29T04:37:28.877Z]
GET
/alerts
[2026-07-29T04:37:31.793Z] GET /zone/state
[2026-07-29T04:37:31.796Z] GET /zone/state

[2026-07-29T04:37:31.802Z]
GET
/zone/state
[2026-07-29T04:37:31.830Z] GET /alerts
[2026-07-29T04:37:31.837Z] GET /alerts

[2026-07-29T04:37:31.844Z]
GET
/alerts
[2026-07-29T04:37:34.790Z] GET /zone/state
[2026-07-29T04:37:34.791Z] GET /zone/state

[2026-07-29T04:37:34.792Z]
GET
/zone/state
[2026-07-29T04:37:34.799Z] GET /alerts
[2026-07-29T04:37:34.800Z] GET /alerts

[2026-07-29T04:37:34.802Z]
GET
/alerts
[2026-07-29T04:37:37.792Z] GET /zone/state
[2026-07-29T04:37:37.794Z] GET /zone/state

[2026-07-29T04:37:37.801Z]
GET
/zone/state
[2026-07-29T04:37:37.835Z] GET /alerts
[2026-07-29T04:37:37.854Z] GET /alerts

[2026-07-29T04:37:37.864Z]
GET
/alerts
[2026-07-29T04:37:40.791Z] GET /zone/state
[2026-07-29T04:37:40.794Z] GET /zone/state

[2026-07-29T04:37:40.801Z]
GET
/zone/state
[2026-07-29T04:37:40.816Z] GET /alerts
[2026-07-29T04:37:40.825Z] GET /alerts

[2026-07-29T04:37:40.831Z]
GET
/alerts
[2026-07-29T04:37:43.780Z] GET /zone/state
[2026-07-29T04:37:43.781Z] GET /zone/state

[2026-07-29T04:37:43.782Z]
GET
/zone/state
[2026-07-29T04:37:43.787Z] GET /alerts
[2026-07-29T04:37:43.788Z] GET /alerts

[2026-07-29T04:37:43.790Z]
GET
/alerts
[2026-07-29T04:37:46.787Z] GET /zone/state
[2026-07-29T04:37:46.792Z] GET /zone/state

[2026-07-29T04:37:46.803Z]
GET
/zone/state
[2026-07-29T04:37:46.860Z] GET /alerts
[2026-07-29T04:37:46.882Z] GET /alerts

[2026-07-29T04:37:46.893Z]
GET
/alerts
[2026-07-29T04:37:49.909Z] GET /zone/state
[2026-07-29T04:37:49.912Z] GET /zone/state

[2026-07-29T04:37:49.913Z]
GET
/zone/state
[2026-07-29T04:37:50.018Z] GET /alerts
[2026-07-29T04:37:50.020Z] GET /alerts

[2026-07-29T04:37:50.021Z]
GET
/alerts
[2026-07-29T04:37:52.793Z] GET /zone/state
[2026-07-29T04:37:52.794Z] GET /zone/state

[2026-07-29T04:37:52.795Z]
GET
/zone/state
[2026-07-29T04:37:52.825Z] GET /alerts
[2026-07-29T04:37:52.827Z] GET /alerts

[2026-07-29T04:37:52.828Z]
GET
/alerts
[2026-07-29T04:37:55.782Z] GET /zone/state
[2026-07-29T04:37:55.784Z] GET /zone/state

[2026-07-29T04:37:55.785Z]
GET
/zone/state
[2026-07-29T04:37:55.793Z] GET /alerts
[2026-07-29T04:37:55.794Z] GET /alerts

[2026-07-29T04:37:55.795Z]
GET
/alerts
[2026-07-29T04:37:59.585Z] GET /zone/state
[2026-07-29T04:37:59.586Z] GET /zone/state

[2026-07-29T04:37:59.594Z]
GET
/zone/state
[2026-07-29T04:59:28.812Z] GET /zone/state
[2026-07-29T04:59:28.815Z] GET /zone/state

[2026-07-29T04:59:28.816Z]
GET
/zone/state
[2026-07-29T04:59:29.013Z] GET /alerts
[2026-07-29T04:59:29.015Z] GET /alerts

[2026-07-29T04:59:29.016Z]
GET
/alerts
[2026-07-29T07:04:38.221Z] GET /zone/state
[2026-07-29T07:04:38.333Z] GET /zone/state

[2026-07-29T07:04:38.447Z]
GET
/zone/state
[2026-07-29T07:04:38.774Z] GET /alerts
[2026-07-29T07:04:38.854Z] GET /alerts

[2026-07-29T07:04:38.894Z]
GET
/alerts
[2026-07-29T07:04:42.383Z] GET /zone/state
[2026-07-29T07:04:42.385Z] GET /zone/state

[2026-07-29T07:04:42.390Z]
GET
/zone/state
[2026-07-29T07:04:42.416Z] GET /alerts
[2026-07-29T07:04:42.443Z] GET /alerts

[2026-07-29T07:04:42.451Z]
GET
/alerts
[2026-07-29T07:04:44.508Z] GET /api/intelligence/run
[2026-07-29T07:04:44.511Z] GET /api/intelligence/run

[2026-07-29T07:04:44.514Z]
GET
/api/intelligence/run
[2026-07-29T07:04:45.903Z] GET /api/intelligence/run
[2026-07-29T07:04:45.905Z] GET /api/intelligence/run

[2026-07-29T07:04:45.909Z]
GET
/api/intelligence/run
[2026-07-29T07:04:50.811Z] GET /api/intelligence/run
[2026-07-29T07:04:50.813Z] GET /api/intelligence/run

[2026-07-29T07:04:50.814Z]
GET
/api/intelligence/run
[2026-07-29T07:41:28.892Z] GET /zone/state
[2026-07-29T07:41:28.898Z] GET /api/analytics/stats
[2026-07-29T07:41:28.903Z] GET /api/analytics/stats

[2026-07-29T07:41:28.907Z]
GET
/api/analytics/stats
[2026-07-29T07:41:28.940Z] GET /zone/state

[2026-07-29T07:41:28.942Z]
GET
/zone/state
[2026-07-29T07:41:28.952Z] GET /api/analytics/stats
[2026-07-29T07:41:28.955Z] GET /zone/state
[2026-07-29T07:41:28.957Z] GET /zone/state

[2026-07-29T07:41:28.958Z]
GET
/zone/state
[2026-07-29T07:41:28.964Z] GET /api/analytics/stats

[2026-07-29T07:41:28.966Z]
GET
/api/analytics/stats
[2026-07-29T07:41:28.984Z] GET /alerts
[2026-07-29T07:41:28.986Z] GET /alerts

[2026-07-29T07:41:28.987Z]
GET
/alerts
[2026-07-29T07:41:28.996Z] GET /alerts
[2026-07-29T07:41:28.998Z] GET /alerts

[2026-07-29T07:41:29.000Z]
GET
/alerts
[2026-07-29T07:41:31.513Z] GET /api/intelligence/run
[2026-07-29T07:41:31.514Z] GET /api/intelligence/run

[2026-07-29T07:41:31.517Z]
GET
/api/intelligence/run
[2026-07-29T07:44:20.585Z] GET /zone/state
[2026-07-29T07:44:20.610Z] GET /api/analytics/stats
[2026-07-29T07:44:20.611Z] GET /zone/state

[2026-07-29T07:44:20.611Z]
GET
/zone/state
[2026-07-29T07:44:20.616Z] GET /api/analytics/stats

[2026-07-29T07:44:20.616Z]
GET
/api/analytics/stats
[2026-07-29T07:44:20.621Z] GET /zone/state
[2026-07-29T07:44:20.622Z] GET /alerts
[2026-07-29T07:44:20.626Z] GET /api/analytics/stats
[2026-07-29T07:44:20.627Z] GET /zone/state

[2026-07-29T07:44:20.628Z]
GET
/zone/state
[2026-07-29T07:44:20.642Z] GET /alerts

[2026-07-29T07:44:20.643Z]
GET
/alerts
[2026-07-29T07:44:20.652Z] GET /alerts
[2026-07-29T07:44:20.653Z] GET /api/analytics/stats

[2026-07-29T07:44:20.653Z]
GET
/api/analytics/stats
[2026-07-29T07:44:20.655Z] GET /alerts

[2026-07-29T07:44:20.656Z]
GET
/alerts
[2026-07-29T07:44:27.661Z] GET /api/intelligence-run
[2026-07-29T07:44:27.663Z] GET /api/intelligence-run

[2026-07-29T07:44:27.664Z]
GET
/api/intelligence-run
[2026-07-29T07:55:35.565Z] GET /api/run-simulation
[2026-07-29T07:55:35.574Z] GET /api/run-simulation

[2026-07-29T07:55:35.575Z]
GET
/api/run-simulation
[2026-07-29T08:29:28.708Z] GET /zone/state
[2026-07-29T08:29:28.713Z] GET /api/analytics/stats
[2026-07-29T08:29:28.716Z] GET /zone/state

[2026-07-29T08:29:28.718Z]
GET
/zone/state
[2026-07-29T08:29:28.726Z] GET /api/analytics/stats

[2026-07-29T08:29:28.727Z]
GET
/api/analytics/stats
[2026-07-29T08:29:28.731Z] GET /zone/state
[2026-07-29T08:29:28.733Z] GET /api/analytics/stats
[2026-07-29T08:29:28.734Z] GET /zone/state

[2026-07-29T08:29:28.735Z]
GET
/zone/state
[2026-07-29T08:29:28.737Z] GET /api/analytics/stats

[2026-07-29T08:29:28.738Z]
GET
/api/analytics/stats
[2026-07-29T08:29:28.740Z] GET /alerts
[2026-07-29T08:29:28.742Z] GET /alerts

[2026-07-29T08:29:28.743Z]
GET
/alerts
[2026-07-29T08:29:28.763Z] GET /alerts
[2026-07-29T08:29:28.764Z] GET /alerts

[2026-07-29T08:29:28.765Z]
GET
/alerts
[2026-07-29T08:36:52.818Z] GET /zone/state
[2026-07-29T08:36:52.820Z] GET /zone/state

[2026-07-29T08:36:52.821Z]
GET
/zone/state
[2026-07-29T08:36:52.825Z] GET /api/analytics/stats
[2026-07-29T08:36:52.826Z] GET /zone/state
[2026-07-29T08:36:52.827Z] GET /api/analytics/stats

[2026-07-29T08:36:52.827Z]
GET
/api/analytics/stats
[2026-07-29T08:36:52.829Z] GET /zone/state

[2026-07-29T08:36:52.830Z]
GET
/zone/state
[2026-07-29T08:36:52.833Z] GET /api/analytics/stats
[2026-07-29T08:36:52.833Z] GET /api/analytics/stats

[2026-07-29T08:36:52.834Z]
GET
/api/analytics/stats
[2026-07-29T08:36:52.848Z] GET /alerts
[2026-07-29T08:36:52.848Z] GET /alerts

[2026-07-29T08:36:52.849Z]
GET
/alerts
[2026-07-29T08:36:52.853Z] GET /alerts
[2026-07-29T08:36:52.855Z] GET /alerts

[2026-07-29T08:36:52.856Z]
GET
/alerts
[2026-07-29T08:40:37.789Z] GET /zone/state
[2026-07-29T08:40:37.790Z] GET /zone/state

[2026-07-29T08:40:37.790Z]
GET
/zone/state
[2026-07-29T08:40:37.796Z] GET /zone/state
[2026-07-29T08:40:37.797Z] GET /api/analytics/stats
[2026-07-29T08:40:37.798Z] GET /zone/state

[2026-07-29T08:40:37.815Z]
GET
/zone/state
[2026-07-29T08:40:37.818Z] GET /api/analytics/stats

[2026-07-29T08:40:37.819Z]
GET
/api/analytics/stats
[2026-07-29T08:40:37.821Z] GET /alerts
[2026-07-29T08:40:37.822Z] GET /api/analytics/stats
[2026-07-29T08:40:37.824Z] GET /alerts

[2026-07-29T08:40:37.825Z]
GET
/alerts
[2026-07-29T08:40:37.828Z] GET /api/analytics/stats

[2026-07-29T08:40:37.829Z]
GET
/api/analytics/stats
[2026-07-29T08:40:37.831Z] GET /alerts
[2026-07-29T08:40:37.832Z] GET /alerts

[2026-07-29T08:40:37.833Z]
GET
/alerts
[2026-07-30T04:30:15.667Z] GET /zone/state
[2026-07-30T04:30:15.675Z] GET /api/analytics/stats
[2026-07-30T04:30:15.678Z] GET /zone/state

[2026-07-30T04:30:15.680Z]
GET
/zone/state
[2026-07-30T04:30:15.697Z] GET /zone/state
[2026-07-30T04:30:15.698Z] GET /api/analytics/stats

[2026-07-30T04:30:15.699Z]
GET
/api/analytics/stats
[2026-07-30T04:30:15.708Z] GET /api/analytics/stats
[2026-07-30T04:30:15.709Z] GET /zone/state

[2026-07-30T04:30:15.710Z]
GET
/zone/state
[2026-07-30T04:30:15.726Z] GET /api/analytics/stats

[2026-07-30T04:30:15.727Z]
GET
/api/analytics/stats
[2026-07-30T04:30:15.743Z] GET /alerts
[2026-07-30T04:30:15.753Z] GET /alerts

[2026-07-30T04:30:15.754Z]
GET
/alerts
[2026-07-30T04:30:15.765Z] GET /alerts
[2026-07-30T04:30:15.767Z] GET /alerts

[2026-07-30T04:30:15.770Z]
GET
/alerts
[2026-07-30T04:30:18.657Z] GET /zone/state
[2026-07-30T04:30:18.658Z] GET /zone/state

[2026-07-30T04:30:18.660Z]
GET
/zone/state
[2026-07-30T04:30:18.667Z] GET /alerts
[2026-07-30T04:30:18.668Z] GET /alerts

[2026-07-30T04:30:18.669Z]
GET
/alerts
[2026-07-30T04:30:21.661Z] GET /zone/state
[2026-07-30T04:30:21.662Z] GET /zone/state

[2026-07-30T04:30:21.664Z]
GET
/zone/state
[2026-07-30T04:30:21.671Z] GET /alerts
[2026-07-30T04:30:21.672Z] GET /alerts

[2026-07-30T04:30:21.672Z]
GET
/alerts
[2026-07-30T04:30:24.668Z] GET /zone/state
[2026-07-30T04:30:24.669Z] GET /zone/state

[2026-07-30T04:30:24.670Z]
GET
/zone/state
[2026-07-30T04:30:24.675Z] GET /alerts
[2026-07-30T04:30:24.676Z] GET /alerts

[2026-07-30T04:30:24.677Z]
GET
/alerts
[2026-07-30T04:30:27.671Z] GET /zone/state
[2026-07-30T04:30:27.673Z] GET /zone/state

[2026-07-30T04:30:27.675Z]
GET
/zone/state
[2026-07-30T04:30:27.685Z] GET /alerts
[2026-07-30T04:30:27.686Z] GET /alerts

[2026-07-30T04:30:27.690Z]
GET
/alerts
[2026-07-30T04:30:30.668Z] GET /zone/state
[2026-07-30T04:30:30.669Z] GET /zone/state

[2026-07-30T04:30:30.669Z]
GET
/zone/state
[2026-07-30T04:30:30.673Z] GET /alerts
[2026-07-30T04:30:30.674Z] GET /alerts

[2026-07-30T04:30:30.675Z]
GET
/alerts
[2026-07-30T04:30:33.744Z] GET /zone/state
[2026-07-30T04:30:33.745Z] GET /zone/state

[2026-07-30T04:30:33.746Z]
GET
/zone/state
[2026-07-30T04:30:33.751Z] GET /alerts
[2026-07-30T04:30:33.752Z] GET /alerts

[2026-07-30T04:30:33.752Z]
GET
/alerts
[2026-07-30T04:30:36.667Z] GET /zone/state
[2026-07-30T04:30:36.668Z] GET /zone/state

[2026-07-30T04:30:36.669Z]
GET
/zone/state
[2026-07-30T04:30:36.677Z] GET /alerts
[2026-07-30T04:30:36.678Z] GET /alerts

[2026-07-30T04:30:36.679Z]
GET
/alerts
[2026-07-30T04:30:39.669Z] GET /zone/state
[2026-07-30T04:30:39.670Z] GET /zone/state

[2026-07-30T04:30:39.671Z]
GET
/zone/state
[2026-07-30T04:30:39.675Z] GET /alerts
[2026-07-30T04:30:39.676Z] GET /alerts

[2026-07-30T04:30:39.677Z]
GET
/alerts
[2026-07-30T04:30:42.657Z] GET /zone/state
[2026-07-30T04:30:42.658Z] GET /zone/state

[2026-07-30T04:30:42.658Z]
GET
/zone/state
[2026-07-30T04:30:42.662Z] GET /alerts
[2026-07-30T04:30:42.663Z] GET /alerts

[2026-07-30T04:30:42.664Z]
GET
/alerts
[2026-07-30T04:30:45.666Z] GET /zone/state
[2026-07-30T04:30:45.667Z] GET /zone/state

[2026-07-30T04:30:45.668Z]
GET
/zone/state
[2026-07-30T04:30:45.672Z] GET /alerts
[2026-07-30T04:30:45.673Z] GET /alerts

[2026-07-30T04:30:45.674Z]
GET
/alerts
[2026-07-30T04:30:48.660Z] GET /zone/state
[2026-07-30T04:30:48.662Z] GET /zone/state

[2026-07-30T04:30:48.662Z]
GET
/zone/state
[2026-07-30T04:30:48.667Z] GET /alerts
[2026-07-30T04:30:48.668Z] GET /alerts

[2026-07-30T04:30:48.668Z]
GET
/alerts
[2026-07-30T04:30:51.666Z] GET /zone/state
[2026-07-30T04:30:51.667Z] GET /zone/state

[2026-07-30T04:30:51.668Z]
GET
/zone/state
[2026-07-30T04:30:51.673Z] GET /alerts
[2026-07-30T04:30:51.674Z] GET /alerts

[2026-07-30T04:30:51.675Z]
GET
/alerts
[2026-07-30T04:30:54.672Z] GET /zone/state
[2026-07-30T04:30:54.673Z] GET /zone/state

[2026-07-30T04:30:54.673Z]
GET
/zone/state
[2026-07-30T04:30:54.678Z] GET /alerts
[2026-07-30T04:30:54.681Z] GET /alerts

[2026-07-30T04:30:54.682Z]
GET
/alerts
[2026-07-30T04:30:57.663Z] GET /zone/state
[2026-07-30T04:30:57.664Z] GET /zone/state

[2026-07-30T04:30:57.665Z]
GET
/zone/state
[2026-07-30T04:30:57.670Z] GET /alerts
[2026-07-30T04:30:57.671Z] GET /alerts

[2026-07-30T04:30:57.672Z]
GET
/alerts
[2026-07-30T04:31:00.667Z] GET /zone/state
[2026-07-30T04:31:00.668Z] GET /zone/state

[2026-07-30T04:31:00.668Z]
GET
/zone/state
[2026-07-30T04:31:00.673Z] GET /alerts
[2026-07-30T04:31:00.674Z] GET /alerts

[2026-07-30T04:31:00.675Z]
GET
/alerts
[2026-07-30T04:31:03.666Z] GET /zone/state
[2026-07-30T04:31:03.667Z] GET /zone/state

[2026-07-30T04:31:03.668Z]
GET
/zone/state
[2026-07-30T04:31:03.672Z] GET /alerts
[2026-07-30T04:31:03.673Z] GET /alerts

[2026-07-30T04:31:03.674Z]
GET
/alerts
[2026-07-30T04:31:06.658Z] GET /zone/state
[2026-07-30T04:31:06.659Z] GET /zone/state

[2026-07-30T04:31:06.659Z]
GET
/zone/state
[2026-07-30T04:31:06.664Z] GET /alerts
[2026-07-30T04:31:06.665Z] GET /alerts

[2026-07-30T04:31:06.665Z]
GET
/alerts
[2026-07-30T04:31:09.664Z] GET /zone/state
[2026-07-30T04:31:09.665Z] GET /zone/state

[2026-07-30T04:31:09.666Z]
GET
/zone/state
[2026-07-30T04:31:09.673Z] GET /alerts
[2026-07-30T04:31:09.674Z] GET /alerts

[2026-07-30T04:31:09.676Z]
GET
/alerts
[2026-07-30T04:31:12.666Z] GET /zone/state
[2026-07-30T04:31:12.667Z] GET /zone/state

[2026-07-30T04:31:12.667Z]
GET
/zone/state
[2026-07-30T04:31:12.672Z] GET /alerts
[2026-07-30T04:31:12.673Z] GET /alerts

[2026-07-30T04:31:12.673Z]
GET
/alerts
[2026-07-30T04:31:15.663Z] GET /zone/state
[2026-07-30T04:31:15.664Z] GET /zone/state

[2026-07-30T04:31:15.665Z]
GET
/zone/state
[2026-07-30T04:31:15.670Z] GET /alerts
[2026-07-30T04:31:15.671Z] GET /alerts

[2026-07-30T04:31:15.671Z]
GET
/alerts
[2026-07-30T04:31:18.666Z] GET /zone/state
[2026-07-30T04:31:18.667Z] GET /zone/state

[2026-07-30T04:31:18.668Z]
GET
/zone/state
[2026-07-30T04:31:18.673Z] GET /alerts
[2026-07-30T04:31:18.674Z] GET /alerts

[2026-07-30T04:31:18.674Z]
GET
/alerts
[2026-07-30T04:31:21.672Z] GET /zone/state
[2026-07-30T04:31:21.673Z] GET /zone/state

[2026-07-30T04:31:21.674Z]
GET
/zone/state
[2026-07-30T04:31:21.679Z] GET /alerts
[2026-07-30T04:31:21.680Z] GET /alerts

[2026-07-30T04:31:21.681Z]
GET
/alerts
[2026-07-30T04:31:24.668Z] GET /zone/state
[2026-07-30T04:31:24.670Z] GET /zone/state

[2026-07-30T04:31:24.670Z]
GET
/zone/state
[2026-07-30T04:31:24.680Z] GET /alerts
[2026-07-30T04:31:24.682Z] GET /alerts

[2026-07-30T04:31:24.684Z]
GET
/alerts
[2026-07-30T04:31:27.661Z] GET /zone/state
[2026-07-30T04:31:27.662Z] GET /zone/state

[2026-07-30T04:31:27.663Z]
GET
/zone/state
[2026-07-30T04:31:27.668Z] GET /alerts
[2026-07-30T04:31:27.668Z] GET /alerts

[2026-07-30T04:31:27.669Z]
GET
/alerts
[2026-07-30T04:31:30.664Z] GET /zone/state
[2026-07-30T04:31:30.665Z] GET /zone/state

[2026-07-30T04:31:30.666Z]
GET
/zone/state
[2026-07-30T04:31:30.671Z] GET /alerts
[2026-07-30T04:31:30.672Z] GET /alerts

[2026-07-30T04:31:30.672Z]
GET
/alerts
[2026-07-30T04:31:33.657Z] GET /zone/state
[2026-07-30T04:31:33.658Z] GET /zone/state

[2026-07-30T04:31:33.659Z]
GET
/zone/state
[2026-07-30T04:31:33.664Z] GET /alerts
[2026-07-30T04:31:33.666Z] GET /alerts

[2026-07-30T04:31:33.666Z]
GET
/alerts
[2026-07-30T04:31:36.658Z] GET /zone/state
[2026-07-30T04:31:36.659Z] GET /zone/state

[2026-07-30T04:31:36.660Z]
GET
/zone/state
[2026-07-30T04:31:36.667Z] GET /alerts
[2026-07-30T04:31:36.668Z] GET /alerts

[2026-07-30T04:31:36.669Z]
GET
/alerts
[2026-07-30T04:31:39.658Z] GET /zone/state
[2026-07-30T04:31:39.659Z] GET /zone/state

[2026-07-30T04:31:39.660Z]
GET
/zone/state
[2026-07-30T04:31:39.665Z] GET /alerts
[2026-07-30T04:31:39.666Z] GET /alerts

[2026-07-30T04:31:39.667Z]
GET
/alerts
[2026-07-30T04:31:42.659Z] GET /zone/state
[2026-07-30T04:31:42.659Z] GET /zone/state

[2026-07-30T04:31:42.660Z]
GET
/zone/state
[2026-07-30T04:31:42.664Z] GET /alerts
[2026-07-30T04:31:42.665Z] GET /alerts

[2026-07-30T04:31:42.666Z]
GET
/alerts
[2026-07-30T04:31:45.664Z] GET /zone/state
[2026-07-30T04:31:45.665Z] GET /zone/state

[2026-07-30T04:31:45.666Z]
GET
/zone/state
[2026-07-30T04:31:45.673Z] GET /alerts
[2026-07-30T04:31:45.674Z] GET /alerts

[2026-07-30T04:31:45.675Z]
GET
/alerts
[2026-07-30T04:31:48.668Z] GET /zone/state
[2026-07-30T04:31:48.669Z] GET /zone/state

[2026-07-30T04:31:48.670Z]
GET
/zone/state
[2026-07-30T04:31:48.675Z] GET /alerts
[2026-07-30T04:31:48.676Z] GET /alerts

[2026-07-30T04:31:48.677Z]
GET
/alerts
[2026-07-30T04:31:51.664Z] GET /zone/state
[2026-07-30T04:31:51.665Z] GET /zone/state

[2026-07-30T04:31:51.666Z]
GET
/zone/state
[2026-07-30T04:31:51.671Z] GET /alerts
[2026-07-30T04:31:51.672Z] GET /alerts

[2026-07-30T04:31:51.672Z]
GET
/alerts
[2026-07-30T04:31:54.668Z] GET /zone/state
[2026-07-30T04:31:54.669Z] GET /zone/state

[2026-07-30T04:31:54.669Z]
GET
/zone/state
[2026-07-30T04:31:54.674Z] GET /alerts
[2026-07-30T04:31:54.675Z] GET /alerts

[2026-07-30T04:31:54.676Z]
GET
/alerts
[2026-07-30T04:31:57.662Z] GET /zone/state
[2026-07-30T04:31:57.663Z] GET /zone/state

[2026-07-30T04:31:57.664Z]
GET
/zone/state
[2026-07-30T04:31:57.673Z] GET /alerts
[2026-07-30T04:31:57.675Z] GET /alerts

[2026-07-30T04:31:57.676Z]
GET
/alerts
[2026-07-30T04:32:00.659Z] GET /zone/state
[2026-07-30T04:32:00.660Z] GET /zone/state

[2026-07-30T04:32:00.660Z]
GET
/zone/state
[2026-07-30T04:32:00.666Z] GET /alerts
[2026-07-30T04:32:00.667Z] GET /alerts

[2026-07-30T04:32:00.668Z]
GET
/alerts
[2026-07-30T04:32:03.660Z] GET /zone/state
[2026-07-30T04:32:03.661Z] GET /zone/state

[2026-07-30T04:32:03.661Z]
GET
/zone/state
[2026-07-30T04:32:03.666Z] GET /alerts
[2026-07-30T04:32:03.667Z] GET /alerts

[2026-07-30T04:32:03.668Z]
GET
/alerts
[2026-07-30T04:32:06.668Z] GET /zone/state
[2026-07-30T04:32:06.669Z] GET /zone/state

[2026-07-30T04:32:06.670Z]
GET
/zone/state
[2026-07-30T04:32:06.675Z] GET /alerts
[2026-07-30T04:32:06.676Z] GET /alerts

[2026-07-30T04:32:06.677Z]
GET
/alerts
[2026-07-30T04:32:09.659Z] GET /zone/state
[2026-07-30T04:32:09.660Z] GET /zone/state

[2026-07-30T04:32:09.660Z]
GET
/zone/state
[2026-07-30T04:32:09.664Z] GET /alerts
[2026-07-30T04:32:09.665Z] GET /alerts

[2026-07-30T04:32:09.665Z]
GET
/alerts
[2026-07-30T04:32:12.669Z] GET /zone/state
[2026-07-30T04:32:12.670Z] GET /zone/state

[2026-07-30T04:32:12.671Z]
GET
/zone/state
[2026-07-30T04:32:12.675Z] GET /alerts
[2026-07-30T04:32:12.676Z] GET /alerts

[2026-07-30T04:32:12.676Z]
GET
/alerts
[2026-07-30T04:32:15.664Z] GET /zone/state
[2026-07-30T04:32:15.665Z] GET /zone/state

[2026-07-30T04:32:15.666Z]
GET
/zone/state
[2026-07-30T04:32:15.675Z] GET /alerts
[2026-07-30T04:32:15.676Z] GET /alerts

[2026-07-30T04:32:15.677Z]
GET
/alerts
[2026-07-30T04:32:18.660Z] GET /zone/state
[2026-07-30T04:32:18.662Z] GET /zone/state

[2026-07-30T04:32:18.663Z]
GET
/zone/state
[2026-07-30T04:32:18.671Z] GET /alerts
[2026-07-30T04:32:18.672Z] GET /alerts

[2026-07-30T04:32:18.672Z]
GET
/alerts
[2026-07-30T04:32:21.777Z] GET /zone/state
[2026-07-30T04:32:21.779Z] GET /zone/state

[2026-07-30T04:32:21.780Z]
GET
/zone/state
[2026-07-30T04:32:21.786Z] GET /alerts
[2026-07-30T04:32:21.788Z] GET /alerts

[2026-07-30T04:32:21.793Z]
GET
/alerts
[2026-07-30T04:32:24.664Z] GET /zone/state
[2026-07-30T04:32:24.665Z] GET /zone/state

[2026-07-30T04:32:24.666Z]
GET
/zone/state
[2026-07-30T04:32:24.672Z] GET /alerts
[2026-07-30T04:32:24.674Z] GET /alerts

[2026-07-30T04:32:24.675Z]
GET
/alerts
[2026-07-30T04:32:27.657Z] GET /zone/state
[2026-07-30T04:32:27.658Z] GET /zone/state

[2026-07-30T04:32:27.659Z]
GET
/zone/state
[2026-07-30T04:32:27.663Z] GET /alerts
[2026-07-30T04:32:27.664Z] GET /alerts

[2026-07-30T04:32:27.664Z]
GET
/alerts
[2026-07-30T04:32:30.658Z] GET /zone/state
[2026-07-30T04:32:30.659Z] GET /zone/state

[2026-07-30T04:32:30.660Z]
GET
/zone/state
[2026-07-30T04:32:30.667Z] GET /alerts
[2026-07-30T04:32:30.668Z] GET /alerts

[2026-07-30T04:32:30.669Z]
GET
/alerts
[2026-07-30T04:32:33.659Z] GET /zone/state
[2026-07-30T04:32:33.659Z] GET /zone/state

[2026-07-30T04:32:33.660Z]
GET
/zone/state
[2026-07-30T04:32:33.664Z] GET /alerts
[2026-07-30T04:32:33.665Z] GET /alerts

[2026-07-30T04:32:33.666Z]
GET
/alerts
[2026-07-30T04:32:36.660Z] GET /zone/state
[2026-07-30T04:32:36.661Z] GET /zone/state

[2026-07-30T04:32:36.661Z]
GET
/zone/state
[2026-07-30T04:32:36.665Z] GET /alerts
[2026-07-30T04:32:36.666Z] GET /alerts

[2026-07-30T04:32:36.667Z]
GET
/alerts
[2026-07-30T04:32:39.672Z] GET /zone/state
[2026-07-30T04:32:39.673Z] GET /zone/state

[2026-07-30T04:32:39.674Z]
GET
/zone/state
[2026-07-30T04:32:39.679Z] GET /alerts
[2026-07-30T04:32:39.679Z] GET /alerts

[2026-07-30T04:32:39.680Z]
GET
/alerts
[2026-07-30T04:32:42.659Z] GET /zone/state
[2026-07-30T04:32:42.659Z] GET /zone/state

[2026-07-30T04:32:42.660Z]
GET
/zone/state
[2026-07-30T04:32:42.668Z] GET /alerts
[2026-07-30T04:32:42.669Z] GET /alerts

[2026-07-30T04:32:42.670Z]
GET
/alerts
[2026-07-30T04:32:45.665Z] GET /zone/state
[2026-07-30T04:32:45.666Z] GET /zone/state

[2026-07-30T04:32:45.666Z]
GET
/zone/state
[2026-07-30T04:32:45.671Z] GET /alerts
[2026-07-30T04:32:45.671Z] GET /alerts

[2026-07-30T04:32:45.672Z]
GET
/alerts
[2026-07-30T04:32:48.658Z] GET /zone/state
[2026-07-30T04:32:48.658Z] GET /zone/state

[2026-07-30T04:32:48.659Z]
GET
/zone/state
[2026-07-30T04:32:48.665Z] GET /alerts
[2026-07-30T04:32:48.666Z] GET /alerts

[2026-07-30T04:32:48.666Z]
GET
/alerts
[2026-07-30T04:37:23.802Z] GET /zone/state
[2026-07-30T04:37:23.806Z] GET /zone/state

[2026-07-30T04:37:23.807Z]
GET
/zone/state
[2026-07-30T04:37:25.949Z] GET /alerts
[2026-07-30T04:37:25.950Z] GET /alerts

[2026-07-30T04:37:25.951Z]
GET
/alerts
[2026-07-30T04:40:23.035Z] GET /zone/state
[2026-07-30T04:40:23.036Z] GET /zone/state

[2026-07-30T04:40:23.037Z]
GET
/zone/state
[2026-07-30T04:40:23.082Z] GET /alerts
[2026-07-30T04:40:23.083Z] GET /alerts

[2026-07-30T04:40:23.084Z]
GET
/alerts
[2026-07-30T05:05:36.361Z] GET /zone/state
[2026-07-30T05:05:36.362Z] GET /zone/state

[2026-07-30T05:05:36.363Z]
GET
/zone/state
[2026-07-30T05:05:36.405Z] GET /alerts
[2026-07-30T05:05:36.406Z] GET /alerts

[2026-07-30T05:05:36.406Z]
GET
/alerts
[2026-07-30T05:05:36.864Z] GET /zone/state
[2026-07-30T05:05:36.866Z] GET /zone/state

[2026-07-30T05:05:36.893Z]
GET
/zone/state
[2026-07-30T05:05:37.032Z] GET /alerts
[2026-07-30T05:05:37.056Z] GET /alerts

[2026-07-30T05:05:37.077Z]
GET
/alerts
[2026-07-30T05:05:39.668Z] GET /zone/state
[2026-07-30T05:05:39.669Z] GET /zone/state

[2026-07-30T05:05:39.673Z]
GET
/zone/state
[2026-07-30T05:05:39.686Z] GET /alerts
[2026-07-30T05:05:39.691Z] GET /alerts

[2026-07-30T05:05:39.699Z]
GET
/alerts
[2026-07-30T05:05:42.663Z] GET /zone/state
[2026-07-30T05:05:42.664Z] GET /zone/state

[2026-07-30T05:05:42.664Z]
GET
/zone/state
[2026-07-30T05:05:42.669Z] GET /alerts
[2026-07-30T05:05:42.670Z] GET /alerts

[2026-07-30T05:05:42.671Z]
GET
/alerts
[2026-07-30T05:05:45.656Z] GET /zone/state
[2026-07-30T05:05:45.657Z] GET /zone/state

[2026-07-30T05:05:45.657Z]
GET
/zone/state
[2026-07-30T05:05:45.662Z] GET /alerts
[2026-07-30T05:05:45.663Z] GET /alerts

[2026-07-30T05:05:45.664Z]
GET
/alerts
[2026-07-30T05:05:48.666Z] GET /zone/state
[2026-07-30T05:05:48.667Z] GET /zone/state

[2026-07-30T05:05:48.671Z]
GET
/zone/state
[2026-07-30T05:05:48.682Z] GET /alerts
[2026-07-30T05:05:48.690Z] GET /alerts

[2026-07-30T05:05:48.696Z]
GET
/alerts
[2026-07-30T05:05:51.661Z] GET /zone/state
[2026-07-30T05:05:51.662Z] GET /zone/state

[2026-07-30T05:05:51.662Z]
GET
/zone/state
[2026-07-30T05:05:51.667Z] GET /alerts
[2026-07-30T05:05:51.667Z] GET /alerts

[2026-07-30T05:05:51.668Z]
GET
/alerts
[2026-07-30T05:05:54.664Z] GET /zone/state
[2026-07-30T05:05:54.665Z] GET /zone/state

[2026-07-30T05:05:54.666Z]
GET
/zone/state
[2026-07-30T05:05:54.672Z] GET /alerts
[2026-07-30T05:05:54.672Z] GET /alerts

[2026-07-30T05:05:54.673Z]
GET
/alerts
[2026-07-30T05:05:57.657Z] GET /zone/state
[2026-07-30T05:05:57.658Z] GET /zone/state

[2026-07-30T05:05:57.659Z]
GET
/zone/state
[2026-07-30T05:05:57.664Z] GET /alerts
[2026-07-30T05:05:57.665Z] GET /alerts

[2026-07-30T05:05:57.665Z]
GET
/alerts
[2026-07-30T05:06:00.657Z] GET /zone/state
[2026-07-30T05:06:00.658Z] GET /zone/state

[2026-07-30T05:06:00.659Z]
GET
/zone/state
[2026-07-30T05:06:00.666Z] GET /alerts
[2026-07-30T05:06:00.667Z] GET /alerts

[2026-07-30T05:06:00.668Z]
GET
/alerts
[2026-07-30T05:06:03.658Z] GET /zone/state
[2026-07-30T05:06:03.659Z] GET /zone/state

[2026-07-30T05:06:03.659Z]
GET
/zone/state
[2026-07-30T05:06:03.664Z] GET /alerts
[2026-07-30T05:06:03.665Z] GET /alerts

[2026-07-30T05:06:03.665Z]
GET
/alerts
[2026-07-30T05:06:06.668Z] GET /zone/state
[2026-07-30T05:06:06.669Z] GET /zone/state

[2026-07-30T05:06:06.670Z]
GET
/zone/state
[2026-07-30T05:06:06.674Z] GET /alerts
[2026-07-30T05:06:06.675Z] GET /alerts

[2026-07-30T05:06:06.675Z]
GET
/alerts
[2026-07-30T05:06:09.660Z] GET /zone/state
[2026-07-30T05:06:09.661Z] GET /zone/state

[2026-07-30T05:06:09.662Z]
GET
/zone/state
[2026-07-30T05:06:09.667Z] GET /alerts
[2026-07-30T05:06:09.668Z] GET /alerts

[2026-07-30T05:06:09.669Z]
GET
/alerts
[2026-07-30T05:06:12.663Z] GET /zone/state
[2026-07-30T05:06:12.664Z] GET /zone/state

[2026-07-30T05:06:12.664Z]
GET
/zone/state
[2026-07-30T05:06:12.668Z] GET /alerts
[2026-07-30T05:06:12.669Z] GET /alerts

[2026-07-30T05:06:12.670Z]
GET
/alerts
[2026-07-30T05:06:15.661Z] GET /zone/state
[2026-07-30T05:06:15.662Z] GET /zone/state

[2026-07-30T05:06:15.663Z]
GET
/zone/state
[2026-07-30T05:06:15.669Z] GET /alerts
[2026-07-30T05:06:15.669Z] GET /alerts

[2026-07-30T05:06:15.670Z]
GET
/alerts
[2026-07-30T05:06:18.670Z] GET /zone/state
[2026-07-30T05:06:18.670Z] GET /zone/state

[2026-07-30T05:06:18.671Z]
GET
/zone/state
[2026-07-30T05:06:18.676Z] GET /alerts
[2026-07-30T05:06:18.677Z] GET /alerts

[2026-07-30T05:06:18.677Z]
GET
/alerts
[2026-07-30T05:06:21.669Z] GET /zone/state
[2026-07-30T05:06:21.670Z] GET /zone/state

[2026-07-30T05:06:21.671Z]
GET
/zone/state
[2026-07-30T05:06:21.679Z] GET /alerts
[2026-07-30T05:06:21.681Z] GET /alerts

[2026-07-30T05:06:21.682Z]
GET
/alerts
[2026-07-30T05:06:24.668Z] GET /zone/state
[2026-07-30T05:06:24.670Z] GET /zone/state

[2026-07-30T05:06:24.672Z]
GET
/zone/state
[2026-07-30T05:06:24.675Z] GET /alerts
[2026-07-30T05:06:24.676Z] GET /alerts

[2026-07-30T05:06:24.676Z]
GET
/alerts
[2026-07-30T05:06:27.658Z] GET /zone/state
[2026-07-30T05:06:27.659Z] GET /zone/state

[2026-07-30T05:06:27.659Z]
GET
/zone/state
[2026-07-30T05:06:27.662Z] GET /alerts
[2026-07-30T05:06:27.662Z] GET /alerts

[2026-07-30T05:06:27.663Z]
GET
/alerts
[2026-07-30T05:06:30.672Z] GET /zone/state
[2026-07-30T05:06:30.673Z] GET /zone/state

[2026-07-30T05:06:30.673Z]
GET
/zone/state
[2026-07-30T05:06:30.679Z] GET /alerts
[2026-07-30T05:06:30.680Z] GET /alerts

[2026-07-30T05:06:30.681Z]
GET
/alerts
[2026-07-30T05:06:33.669Z] GET /zone/state
[2026-07-30T05:06:33.670Z] GET /zone/state

[2026-07-30T05:06:33.671Z]
GET
/zone/state
[2026-07-30T05:06:33.677Z] GET /alerts
[2026-07-30T05:06:33.678Z] GET /alerts

[2026-07-30T05:06:33.679Z]
GET
/alerts
[2026-07-30T05:06:36.670Z] GET /zone/state
[2026-07-30T05:06:36.671Z] GET /zone/state

[2026-07-30T05:06:36.672Z]
GET
/zone/state
[2026-07-30T05:06:36.678Z] GET /alerts
[2026-07-30T05:06:36.679Z] GET /alerts

[2026-07-30T05:06:36.680Z]
GET
/alerts
[2026-07-30T05:06:39.664Z] GET /zone/state
[2026-07-30T05:06:39.665Z] GET /zone/state

[2026-07-30T05:06:39.665Z]
GET
/zone/state
[2026-07-30T05:06:39.671Z] GET /alerts
[2026-07-30T05:06:39.672Z] GET /alerts

[2026-07-30T05:06:39.672Z]
GET
/alerts
[2026-07-30T05:06:42.658Z] GET /zone/state
[2026-07-30T05:06:42.659Z] GET /zone/state

[2026-07-30T05:06:42.660Z]
GET
/zone/state
[2026-07-30T05:06:42.664Z] GET /alerts
[2026-07-30T05:06:42.665Z] GET /alerts

[2026-07-30T05:06:42.665Z]
GET
/alerts
[2026-07-30T05:06:45.667Z] GET /zone/state
[2026-07-30T05:06:45.668Z] GET /zone/state

[2026-07-30T05:06:45.669Z]
GET
/zone/state
[2026-07-30T05:06:45.674Z] GET /alerts
[2026-07-30T05:06:45.676Z] GET /alerts

[2026-07-30T05:06:45.676Z]
GET
/alerts
[2026-07-30T05:06:48.664Z] GET /zone/state
[2026-07-30T05:06:48.665Z] GET /zone/state

[2026-07-30T05:06:48.665Z]
GET
/zone/state
[2026-07-30T05:06:48.670Z] GET /alerts
[2026-07-30T05:06:48.671Z] GET /alerts

[2026-07-30T05:06:48.672Z]
GET
/alerts
[2026-07-30T05:06:51.779Z] GET /zone/state
[2026-07-30T05:06:51.780Z] GET /zone/state

[2026-07-30T05:06:51.781Z]
GET
/zone/state
[2026-07-30T05:06:51.788Z] GET /alerts
[2026-07-30T05:06:51.789Z] GET /alerts

[2026-07-30T05:06:51.790Z]
GET
/alerts
[2026-07-30T05:06:54.767Z] GET /zone/state
[2026-07-30T05:06:54.769Z] GET /zone/state

[2026-07-30T05:06:54.770Z]
GET
/zone/state
[2026-07-30T05:06:54.777Z] GET /alerts
[2026-07-30T05:06:54.778Z] GET /alerts

[2026-07-30T05:06:54.779Z]
GET
/alerts
[2026-07-30T05:06:57.781Z] GET /zone/state
[2026-07-30T05:06:57.782Z] GET /zone/state

[2026-07-30T05:06:57.783Z]
GET
/zone/state
[2026-07-30T05:06:57.799Z] GET /alerts
[2026-07-30T05:06:57.800Z] GET /alerts

[2026-07-30T05:06:57.801Z]
GET
/alerts
[2026-07-30T05:07:00.831Z] GET /zone/state
[2026-07-30T05:07:00.833Z] GET /zone/state

[2026-07-30T05:07:00.834Z]
GET
/zone/state
[2026-07-30T05:07:00.859Z] GET /alerts
[2026-07-30T05:07:00.860Z] GET /alerts

[2026-07-30T05:07:00.860Z]
GET
/alerts
[2026-07-30T05:07:03.767Z] GET /zone/state
[2026-07-30T05:07:03.769Z] GET /zone/state

[2026-07-30T05:07:03.771Z]
GET
/zone/state
[2026-07-30T05:07:03.793Z] GET /alerts
[2026-07-30T05:07:03.795Z] GET /alerts

[2026-07-30T05:07:03.796Z]
GET
/alerts
[2026-07-30T05:07:06.777Z] GET /zone/state
[2026-07-30T05:07:06.778Z] GET /zone/state

[2026-07-30T05:07:06.779Z]
GET
/zone/state
[2026-07-30T05:07:06.807Z] GET /alerts
[2026-07-30T05:07:06.808Z] GET /alerts

[2026-07-30T05:07:06.808Z]
GET
/alerts
[2026-07-30T05:07:09.780Z] GET /zone/state
[2026-07-30T05:07:09.781Z] GET /zone/state

[2026-07-30T05:07:09.783Z]
GET
/zone/state
[2026-07-30T05:07:09.788Z] GET /alerts
[2026-07-30T05:07:09.789Z] GET /alerts

[2026-07-30T05:07:09.790Z]
GET
/alerts
[2026-07-30T05:07:12.774Z] GET /zone/state
[2026-07-30T05:07:12.775Z] GET /zone/state

[2026-07-30T05:07:12.775Z]
GET
/zone/state
[2026-07-30T05:07:12.781Z] GET /alerts
[2026-07-30T05:07:12.782Z] GET /alerts

[2026-07-30T05:07:12.782Z]
GET
/alerts
[2026-07-30T05:07:15.772Z] GET /zone/state
[2026-07-30T05:07:15.773Z] GET /zone/state

[2026-07-30T05:07:15.773Z]
GET
/zone/state
[2026-07-30T05:07:15.779Z] GET /alerts
[2026-07-30T05:07:15.780Z] GET /alerts

[2026-07-30T05:07:15.780Z]
GET
/alerts
[2026-07-30T05:07:18.779Z] GET /zone/state
[2026-07-30T05:07:18.780Z] GET /zone/state

[2026-07-30T05:07:18.781Z]
GET
/zone/state
[2026-07-30T05:07:18.789Z] GET /alerts
[2026-07-30T05:07:18.791Z] GET /alerts

[2026-07-30T05:07:18.792Z]
GET
/alerts
[2026-07-30T05:07:21.774Z] GET /zone/state
[2026-07-30T05:07:21.774Z] GET /zone/state

[2026-07-30T05:07:21.775Z]
GET
/zone/state
[2026-07-30T05:07:21.780Z] GET /alerts
[2026-07-30T05:07:21.780Z] GET /alerts

[2026-07-30T05:07:21.781Z]
GET
/alerts
[2026-07-30T05:07:24.771Z] GET /zone/state
[2026-07-30T05:07:24.773Z] GET /zone/state

[2026-07-30T05:07:24.774Z]
GET
/zone/state
[2026-07-30T05:07:24.778Z] GET /alerts
[2026-07-30T05:07:24.779Z] GET /alerts

[2026-07-30T05:07:24.780Z]
GET
/alerts
[2026-07-30T05:07:27.766Z] GET /zone/state
[2026-07-30T05:07:27.767Z] GET /zone/state

[2026-07-30T05:07:27.768Z]
GET
/zone/state
[2026-07-30T05:07:27.775Z] GET /alerts
[2026-07-30T05:07:27.776Z] GET /alerts

[2026-07-30T05:07:27.777Z]
GET
/alerts
[2026-07-30T05:07:30.779Z] GET /zone/state
[2026-07-30T05:07:30.780Z] GET /zone/state

[2026-07-30T05:07:30.781Z]
GET
/zone/state
[2026-07-30T05:07:30.793Z] GET /alerts
[2026-07-30T05:07:30.795Z] GET /alerts

[2026-07-30T05:07:30.796Z]
GET
/alerts
[2026-07-30T05:07:33.776Z] GET /zone/state
[2026-07-30T05:07:33.777Z] GET /zone/state

[2026-07-30T05:07:33.778Z]
GET
/zone/state
[2026-07-30T05:07:33.785Z] GET /alerts
[2026-07-30T05:07:33.786Z] GET /alerts

[2026-07-30T05:07:33.787Z]
GET
/alerts
[2026-07-30T05:07:36.773Z] GET /zone/state
[2026-07-30T05:07:36.774Z] GET /zone/state

[2026-07-30T05:07:36.774Z]
GET
/zone/state
[2026-07-30T05:07:36.780Z] GET /alerts
[2026-07-30T05:07:36.781Z] GET /alerts

[2026-07-30T05:07:36.782Z]
GET
/alerts
[2026-07-30T05:07:39.779Z] GET /zone/state
[2026-07-30T05:07:39.780Z] GET /zone/state

[2026-07-30T05:07:39.780Z]
GET
/zone/state
[2026-07-30T05:07:39.785Z] GET /alerts
[2026-07-30T05:07:39.786Z] GET /alerts

[2026-07-30T05:07:39.787Z]
GET
/alerts
[2026-07-30T05:07:42.778Z] GET /zone/state
[2026-07-30T05:07:42.780Z] GET /zone/state

[2026-07-30T05:07:42.780Z]
GET
/zone/state
[2026-07-30T05:07:42.785Z] GET /alerts
[2026-07-30T05:07:42.785Z] GET /alerts

[2026-07-30T05:07:42.786Z]
GET
/alerts
[2026-07-30T05:07:45.777Z] GET /zone/state
[2026-07-30T05:07:45.779Z] GET /zone/state

[2026-07-30T05:07:45.780Z]
GET
/zone/state
[2026-07-30T05:07:45.785Z] GET /alerts
[2026-07-30T05:07:45.786Z] GET /alerts

[2026-07-30T05:07:45.786Z]
GET
/alerts
[2026-07-30T05:07:48.772Z] GET /zone/state
[2026-07-30T05:07:48.773Z] GET /zone/state

[2026-07-30T05:07:48.774Z]
GET
/zone/state
[2026-07-30T05:07:48.780Z] GET /alerts
[2026-07-30T05:07:48.781Z] GET /alerts

[2026-07-30T05:07:48.782Z]
GET
/alerts
[2026-07-30T05:07:57.775Z] GET /zone/state
[2026-07-30T05:07:57.776Z] GET /zone/state

[2026-07-30T05:07:57.777Z]
GET
/zone/state
[2026-07-30T05:07:57.787Z] GET /alerts
[2026-07-30T05:07:57.788Z] GET /alerts

[2026-07-30T05:07:57.789Z]
GET
/alerts
[2026-07-30T05:08:29.788Z] GET /zone/state
[2026-07-30T05:08:29.789Z] GET /zone/state

[2026-07-30T05:08:29.790Z]
GET
/zone/state
[2026-07-30T05:08:29.803Z] GET /alerts
[2026-07-30T05:08:29.804Z] GET /alerts

[2026-07-30T05:08:29.805Z]
GET
/alerts
[2026-07-30T05:08:30.659Z] GET /zone/state
[2026-07-30T05:08:30.660Z] GET /zone/state

[2026-07-30T05:08:30.660Z]
GET
/zone/state
[2026-07-30T05:08:30.663Z] GET /alerts
[2026-07-30T05:08:30.664Z] GET /alerts

[2026-07-30T05:08:30.664Z]
GET
/alerts
[2026-07-30T05:08:33.776Z] GET /zone/state
[2026-07-30T05:08:33.778Z] GET /zone/state

[2026-07-30T05:08:33.779Z]
GET
/zone/state
[2026-07-30T05:08:33.791Z] GET /alerts
[2026-07-30T05:08:33.792Z] GET /alerts

[2026-07-30T05:08:33.793Z]
GET
/alerts
[2026-07-30T05:08:36.775Z] GET /zone/state
[2026-07-30T05:08:36.777Z] GET /zone/state

[2026-07-30T05:08:36.778Z]
GET
/zone/state
[2026-07-30T05:08:36.791Z] GET /alerts
[2026-07-30T05:08:36.792Z] GET /alerts

[2026-07-30T05:08:36.793Z]
GET
/alerts
[2026-07-30T05:08:39.778Z] GET /zone/state
[2026-07-30T05:08:39.779Z] GET /zone/state

[2026-07-30T05:08:39.780Z]
GET
/zone/state
[2026-07-30T05:08:39.788Z] GET /alerts
[2026-07-30T05:08:39.789Z] GET /alerts

[2026-07-30T05:08:39.790Z]
GET
/alerts
[2026-07-30T05:08:42.769Z] GET /zone/state
[2026-07-30T05:08:42.770Z] GET /zone/state

[2026-07-30T05:08:42.771Z]
GET
/zone/state
[2026-07-30T05:08:42.778Z] GET /alerts
[2026-07-30T05:08:42.779Z] GET /alerts

[2026-07-30T05:08:42.780Z]
GET
/alerts
[2026-07-30T05:08:45.778Z] GET /zone/state
[2026-07-30T05:08:45.780Z] GET /zone/state

[2026-07-30T05:08:45.781Z]
GET
/zone/state
[2026-07-30T05:08:45.790Z] GET /alerts
[2026-07-30T05:08:45.790Z] GET /alerts

[2026-07-30T05:08:45.792Z]
GET
/alerts
[2026-07-30T05:08:48.767Z] GET /zone/state
[2026-07-30T05:08:48.768Z] GET /zone/state

[2026-07-30T05:08:48.769Z]
GET
/zone/state
[2026-07-30T05:08:48.773Z] GET /alerts
[2026-07-30T05:08:48.775Z] GET /alerts

[2026-07-30T05:08:48.776Z]
GET
/alerts
[2026-07-30T05:08:51.775Z] GET /zone/state
[2026-07-30T05:08:51.777Z] GET /zone/state

[2026-07-30T05:08:51.779Z]
GET
/zone/state
[2026-07-30T05:08:51.786Z] GET /alerts
[2026-07-30T05:08:51.786Z] GET /alerts

[2026-07-30T05:08:51.787Z]
GET
/alerts
[2026-07-30T05:08:54.771Z] GET /zone/state
[2026-07-30T05:08:54.772Z] GET /zone/state

[2026-07-30T05:08:54.773Z]
GET
/zone/state
[2026-07-30T05:08:54.781Z] GET /alerts
[2026-07-30T05:08:54.782Z] GET /alerts

[2026-07-30T05:08:54.783Z]
GET
/alerts
[2026-07-30T05:08:57.782Z] GET /zone/state
[2026-07-30T05:08:57.783Z] GET /zone/state

[2026-07-30T05:08:57.785Z]
GET
/zone/state
[2026-07-30T05:08:57.797Z] GET /alerts
[2026-07-30T05:08:57.798Z] GET /alerts

[2026-07-30T05:08:57.800Z]
GET
/alerts
[2026-07-30T05:09:00.777Z] GET /zone/state
[2026-07-30T05:09:00.778Z] GET /zone/state

[2026-07-30T05:09:00.779Z]
GET
/zone/state
[2026-07-30T05:09:00.784Z] GET /alerts
[2026-07-30T05:09:00.785Z] GET /alerts

[2026-07-30T05:09:00.785Z]
GET
/alerts
[2026-07-30T05:09:03.776Z] GET /zone/state
[2026-07-30T05:09:03.777Z] GET /zone/state

[2026-07-30T05:09:03.777Z]
GET
/zone/state
[2026-07-30T05:09:03.782Z] GET /alerts
[2026-07-30T05:09:03.783Z] GET /alerts

[2026-07-30T05:09:03.784Z]
GET
/alerts
[2026-07-30T05:09:06.766Z] GET /zone/state
[2026-07-30T05:09:06.768Z] GET /zone/state

[2026-07-30T05:09:06.769Z]
GET
/zone/state
[2026-07-30T05:09:06.775Z] GET /alerts
[2026-07-30T05:09:06.776Z] GET /alerts

[2026-07-30T05:09:06.777Z]
GET
/alerts
[2026-07-30T05:09:09.777Z] GET /zone/state
[2026-07-30T05:09:09.777Z] GET /zone/state

[2026-07-30T05:09:09.778Z]
GET
/zone/state
[2026-07-30T05:09:09.783Z] GET /alerts
[2026-07-30T05:09:09.784Z] GET /alerts

[2026-07-30T05:09:09.784Z]
GET
/alerts
[2026-07-30T05:09:12.768Z] GET /zone/state
[2026-07-30T05:09:12.770Z] GET /zone/state

[2026-07-30T05:09:12.772Z]
GET
/zone/state
[2026-07-30T05:09:12.783Z] GET /alerts
[2026-07-30T05:09:12.784Z] GET /alerts

[2026-07-30T05:09:12.786Z]
GET
/alerts
[2026-07-30T05:09:15.771Z] GET /zone/state
[2026-07-30T05:09:15.772Z] GET /zone/state

[2026-07-30T05:09:15.773Z]
GET
/zone/state
[2026-07-30T05:09:15.783Z] GET /alerts
[2026-07-30T05:09:15.785Z] GET /alerts

[2026-07-30T05:09:15.786Z]
GET
/alerts
[2026-07-30T05:09:18.766Z] GET /zone/state
[2026-07-30T05:09:18.767Z] GET /zone/state

[2026-07-30T05:09:18.768Z]
GET
/zone/state
[2026-07-30T05:09:18.776Z] GET /alerts
[2026-07-30T05:09:18.777Z] GET /alerts

[2026-07-30T05:09:18.778Z]
GET
/alerts
[2026-07-30T05:09:21.767Z] GET /zone/state
[2026-07-30T05:09:21.768Z] GET /zone/state

[2026-07-30T05:09:21.768Z]
GET
/zone/state
[2026-07-30T05:09:21.773Z] GET /alerts
[2026-07-30T05:09:21.775Z] GET /alerts

[2026-07-30T05:09:21.776Z]
GET
/alerts
[2026-07-30T05:09:24.774Z] GET /zone/state
[2026-07-30T05:09:24.775Z] GET /zone/state

[2026-07-30T05:09:24.775Z]
GET
/zone/state
[2026-07-30T05:09:24.782Z] GET /alerts
[2026-07-30T05:09:24.783Z] GET /alerts

[2026-07-30T05:09:24.783Z]
GET
/alerts
[2026-07-30T05:09:27.777Z] GET /zone/state
[2026-07-30T05:09:27.779Z] GET /zone/state

[2026-07-30T05:09:27.779Z]
GET
/zone/state
[2026-07-30T05:09:27.785Z] GET /alerts
[2026-07-30T05:09:27.787Z] GET /alerts

[2026-07-30T05:09:27.788Z]
GET
/alerts
[2026-07-30T05:09:30.775Z] GET /zone/state
[2026-07-30T05:09:30.776Z] GET /zone/state

[2026-07-30T05:09:30.777Z]
GET
/zone/state
[2026-07-30T05:09:30.782Z] GET /alerts
[2026-07-30T05:09:30.783Z] GET /alerts

[2026-07-30T05:09:30.783Z]
GET
/alerts
[2026-07-30T05:09:33.763Z] GET /zone/state
[2026-07-30T05:09:33.764Z] GET /zone/state

[2026-07-30T05:09:33.766Z]
GET
/zone/state
[2026-07-30T05:09:33.774Z] GET /alerts
[2026-07-30T05:09:33.775Z] GET /alerts

[2026-07-30T05:09:33.775Z]
GET
/alerts
[2026-07-30T05:09:36.776Z] GET /zone/state
[2026-07-30T05:09:36.778Z] GET /zone/state

[2026-07-30T05:09:36.779Z]
GET
/zone/state
[2026-07-30T05:09:36.794Z] GET /alerts
[2026-07-30T05:09:36.798Z] GET /alerts

[2026-07-30T05:09:36.799Z]
GET
/alerts
[2026-07-30T05:09:39.769Z] GET /zone/state
[2026-07-30T05:09:39.770Z] GET /zone/state

[2026-07-30T05:09:39.771Z]
GET
/zone/state
[2026-07-30T05:09:39.776Z] GET /alerts
[2026-07-30T05:09:39.778Z] GET /alerts

[2026-07-30T05:09:39.779Z]
GET
/alerts
[2026-07-30T05:09:42.767Z] GET /zone/state
[2026-07-30T05:09:42.768Z] GET /zone/state

[2026-07-30T05:09:42.770Z]
GET
/zone/state
[2026-07-30T05:09:42.775Z] GET /alerts
[2026-07-30T05:09:42.776Z] GET /alerts

[2026-07-30T05:09:42.777Z]
GET
/alerts
[2026-07-30T05:09:45.767Z] GET /zone/state
[2026-07-30T05:09:45.768Z] GET /zone/state

[2026-07-30T05:09:45.769Z]
GET
/zone/state
[2026-07-30T05:09:45.776Z] GET /alerts
[2026-07-30T05:09:45.776Z] GET /alerts

[2026-07-30T05:09:45.777Z]
GET
/alerts
[2026-07-30T05:09:48.773Z] GET /zone/state
[2026-07-30T05:09:48.774Z] GET /zone/state

[2026-07-30T05:09:48.775Z]
GET
/zone/state
[2026-07-30T05:09:48.781Z] GET /alerts
[2026-07-30T05:09:48.782Z] GET /alerts

[2026-07-30T05:09:48.783Z]
GET
/alerts
[2026-07-30T05:09:51.769Z] GET /zone/state
[2026-07-30T05:09:51.770Z] GET /zone/state

[2026-07-30T05:09:51.771Z]
GET
/zone/state
[2026-07-30T05:09:51.776Z] GET /alerts
[2026-07-30T05:09:51.777Z] GET /alerts

[2026-07-30T05:09:51.777Z]
GET
/alerts
[2026-07-30T05:09:54.777Z] GET /zone/state
[2026-07-30T05:09:54.778Z] GET /zone/state

[2026-07-30T05:09:54.779Z]
GET
/zone/state
[2026-07-30T05:09:54.786Z] GET /alerts
[2026-07-30T05:09:54.787Z] GET /alerts

[2026-07-30T05:09:54.788Z]
GET
/alerts
[2026-07-30T05:09:57.776Z] GET /zone/state
[2026-07-30T05:09:57.777Z] GET /zone/state

[2026-07-30T05:09:57.779Z]
GET
/zone/state
[2026-07-30T05:09:57.788Z] GET /alerts
[2026-07-30T05:09:57.788Z] GET /alerts

[2026-07-30T05:09:57.789Z]
GET
/alerts
[2026-07-30T05:10:00.769Z] GET /zone/state
[2026-07-30T05:10:00.771Z] GET /zone/state

[2026-07-30T05:10:00.772Z]
GET
/zone/state
[2026-07-30T05:10:00.782Z] GET /alerts
[2026-07-30T05:10:00.785Z] GET /alerts

[2026-07-30T05:10:00.787Z]
GET
/alerts
[2026-07-30T05:10:03.777Z] GET /zone/state
[2026-07-30T05:10:03.778Z] GET /zone/state

[2026-07-30T05:10:03.778Z]
GET
/zone/state
[2026-07-30T05:10:03.785Z] GET /alerts
[2026-07-30T05:10:03.786Z] GET /alerts

[2026-07-30T05:10:03.788Z]
GET
/alerts
[2026-07-30T05:10:06.774Z] GET /zone/state
[2026-07-30T05:10:06.776Z] GET /zone/state

[2026-07-30T05:10:06.777Z]
GET
/zone/state
[2026-07-30T05:10:06.788Z] GET /alerts
[2026-07-30T05:10:06.790Z] GET /alerts

[2026-07-30T05:10:06.792Z]
GET
/alerts
[2026-07-30T05:10:09.772Z] GET /zone/state
[2026-07-30T05:10:09.774Z] GET /zone/state

[2026-07-30T05:10:09.775Z]
GET
/zone/state
[2026-07-30T05:10:09.786Z] GET /alerts
[2026-07-30T05:10:09.789Z] GET /alerts

[2026-07-30T05:10:09.790Z]
GET
/alerts
[2026-07-30T05:10:12.774Z] GET /zone/state
[2026-07-30T05:10:12.775Z] GET /zone/state

[2026-07-30T05:10:12.775Z]
GET
/zone/state
[2026-07-30T05:10:12.783Z] GET /alerts
[2026-07-30T05:10:12.786Z] GET /alerts

[2026-07-30T05:10:12.788Z]
GET
/alerts
[2026-07-30T05:10:35.896Z] GET /zone/state
[2026-07-30T05:10:35.897Z] GET /zone/state

[2026-07-30T05:10:35.898Z]
GET
/zone/state
[2026-07-30T05:10:35.907Z] GET /alerts
[2026-07-30T05:10:35.908Z] GET /alerts

[2026-07-30T05:10:35.909Z]
GET
/alerts
[2026-07-30T05:10:36.671Z] GET /zone/state
[2026-07-30T05:10:36.673Z] GET /zone/state

[2026-07-30T05:10:36.675Z]
GET
/zone/state
[2026-07-30T05:10:36.681Z] GET /alerts
[2026-07-30T05:10:36.682Z] GET /alerts

[2026-07-30T05:10:36.682Z]
GET
/alerts
[2026-07-30T05:10:39.769Z] GET /zone/state
[2026-07-30T05:10:39.772Z] GET /zone/state

[2026-07-30T05:10:39.773Z]
GET
/zone/state
[2026-07-30T05:10:39.780Z] GET /alerts
[2026-07-30T05:10:39.782Z] GET /alerts

[2026-07-30T05:10:39.783Z]
GET
/alerts
[2026-07-30T05:10:42.768Z] GET /zone/state
[2026-07-30T05:10:42.770Z] GET /zone/state

[2026-07-30T05:10:42.771Z]
GET
/zone/state
[2026-07-30T05:10:42.779Z] GET /alerts
[2026-07-30T05:10:42.780Z] GET /alerts

[2026-07-30T05:10:42.781Z]
GET
/alerts
[2026-07-30T05:10:45.768Z] GET /zone/state
[2026-07-30T05:10:45.769Z] GET /zone/state

[2026-07-30T05:10:45.770Z]
GET
/zone/state
[2026-07-30T05:10:45.775Z] GET /alerts
[2026-07-30T05:10:45.776Z] GET /alerts

[2026-07-30T05:10:45.776Z]
GET
/alerts
[2026-07-30T05:10:48.771Z] GET /zone/state
[2026-07-30T05:10:48.773Z] GET /zone/state

[2026-07-30T05:10:48.774Z]
GET
/zone/state
[2026-07-30T05:10:48.785Z] GET /alerts
[2026-07-30T05:10:48.786Z] GET /alerts

[2026-07-30T05:10:48.788Z]
GET
/alerts
[2026-07-30T05:10:51.781Z] GET /zone/state
[2026-07-30T05:10:51.782Z] GET /zone/state

[2026-07-30T05:10:51.783Z]
GET
/zone/state
[2026-07-30T05:10:51.788Z] GET /alerts
[2026-07-30T05:10:51.790Z] GET /alerts

[2026-07-30T05:10:51.791Z]
GET
/alerts
[2026-07-30T05:10:54.774Z] GET /zone/state
[2026-07-30T05:10:54.775Z] GET /zone/state

[2026-07-30T05:10:54.775Z]
GET
/zone/state
[2026-07-30T05:10:54.780Z] GET /alerts
[2026-07-30T05:10:54.781Z] GET /alerts

[2026-07-30T05:10:54.782Z]
GET
/alerts
[2026-07-30T05:10:57.774Z] GET /zone/state
[2026-07-30T05:10:57.775Z] GET /zone/state

[2026-07-30T05:10:57.776Z]
GET
/zone/state
[2026-07-30T05:10:57.782Z] GET /alerts
[2026-07-30T05:10:57.783Z] GET /alerts

[2026-07-30T05:10:57.783Z]
GET
/alerts
[2026-07-30T05:11:00.778Z] GET /zone/state
[2026-07-30T05:11:00.780Z] GET /zone/state

[2026-07-30T05:11:00.780Z]
GET
/zone/state
[2026-07-30T05:11:00.788Z] GET /alerts
[2026-07-30T05:11:00.790Z] GET /alerts

[2026-07-30T05:11:00.792Z]
GET
/alerts
[2026-07-30T05:11:03.777Z] GET /zone/state
[2026-07-30T05:11:03.778Z] GET /zone/state

[2026-07-30T05:11:03.779Z]
GET
/zone/state
[2026-07-30T05:11:03.787Z] GET /alerts
[2026-07-30T05:11:03.789Z] GET /alerts

[2026-07-30T05:11:03.790Z]
GET
/alerts
[2026-07-30T05:11:06.770Z] GET /zone/state
[2026-07-30T05:11:06.771Z] GET /zone/state

[2026-07-30T05:11:06.772Z]
GET
/zone/state
[2026-07-30T05:11:06.778Z] GET /alerts
[2026-07-30T05:11:06.779Z] GET /alerts

[2026-07-30T05:11:06.780Z]
GET
/alerts
[2026-07-30T05:11:09.767Z] GET /zone/state
[2026-07-30T05:11:09.768Z] GET /zone/state

[2026-07-30T05:11:09.769Z]
GET
/zone/state
[2026-07-30T05:11:09.777Z] GET /alerts
[2026-07-30T05:11:09.779Z] GET /alerts

[2026-07-30T05:11:09.780Z]
GET
/alerts
[2026-07-30T05:11:12.768Z] GET /zone/state
[2026-07-30T05:11:12.770Z] GET /zone/state

[2026-07-30T05:11:12.771Z]
GET
/zone/state
[2026-07-30T05:11:12.781Z] GET /alerts
[2026-07-30T05:11:12.783Z] GET /alerts

[2026-07-30T05:11:12.784Z]
GET
/alerts
[2026-07-30T05:11:15.776Z] GET /zone/state
[2026-07-30T05:11:15.777Z] GET /zone/state

[2026-07-30T05:11:15.777Z]
GET
/zone/state
[2026-07-30T05:11:15.784Z] GET /alerts
[2026-07-30T05:11:15.785Z] GET /alerts

[2026-07-30T05:11:15.785Z]
GET
/alerts
[2026-07-30T05:11:18.776Z] GET /zone/state
[2026-07-30T05:11:18.778Z] GET /zone/state

[2026-07-30T05:11:18.779Z]
GET
/zone/state
[2026-07-30T05:11:18.787Z] GET /alerts
[2026-07-30T05:11:18.790Z] GET /alerts

[2026-07-30T05:11:18.791Z]
GET
/alerts
[2026-07-30T05:11:21.774Z] GET /zone/state
[2026-07-30T05:11:21.775Z] GET /zone/state

[2026-07-30T05:11:21.775Z]
GET
/zone/state
[2026-07-30T05:11:21.785Z] GET /alerts
[2026-07-30T05:11:21.786Z] GET /alerts

[2026-07-30T05:11:21.787Z]
GET
/alerts
[2026-07-30T05:11:24.775Z] GET /zone/state
[2026-07-30T05:11:24.776Z] GET /zone/state

[2026-07-30T05:11:24.777Z]
GET
/zone/state
[2026-07-30T05:11:24.787Z] GET /alerts
[2026-07-30T05:11:24.788Z] GET /alerts

[2026-07-30T05:11:24.790Z]
GET
/alerts
[2026-07-30T05:11:27.783Z] GET /zone/state
[2026-07-30T05:11:27.785Z] GET /zone/state

[2026-07-30T05:11:27.786Z]
GET
/zone/state
[2026-07-30T05:11:27.796Z] GET /alerts
[2026-07-30T05:11:27.798Z] GET /alerts

[2026-07-30T05:11:27.798Z]
GET
/alerts
[2026-07-30T05:11:30.780Z] GET /zone/state
[2026-07-30T05:11:30.782Z] GET /zone/state

[2026-07-30T05:11:30.783Z]
GET
/zone/state
[2026-07-30T05:11:30.792Z] GET /alerts
[2026-07-30T05:11:30.794Z] GET /alerts

[2026-07-30T05:11:30.795Z]
GET
/alerts
[2026-07-30T05:11:33.771Z] GET /zone/state
[2026-07-30T05:11:33.773Z] GET /zone/state

[2026-07-30T05:11:33.774Z]
GET
/zone/state
[2026-07-30T05:11:33.782Z] GET /alerts
[2026-07-30T05:11:33.784Z] GET /alerts

[2026-07-30T05:11:33.785Z]
GET
/alerts
[2026-07-30T05:11:36.776Z] GET /zone/state
[2026-07-30T05:11:36.777Z] GET /zone/state

[2026-07-30T05:11:36.778Z]
GET
/zone/state
[2026-07-30T05:11:36.789Z] GET /alerts
[2026-07-30T05:11:36.790Z] GET /alerts

[2026-07-30T05:11:36.792Z]
GET
/alerts
[2026-07-30T05:11:57.782Z] GET /zone/state
[2026-07-30T05:11:57.783Z] GET /zone/state

[2026-07-30T05:11:57.784Z]
GET
/zone/state
[2026-07-30T05:11:57.790Z] GET /alerts
[2026-07-30T05:11:57.791Z] GET /alerts

[2026-07-30T05:11:57.791Z]
GET
/alerts
[2026-07-30T05:12:57.784Z] GET /zone/state
[2026-07-30T05:12:57.785Z] GET /zone/state

[2026-07-30T05:12:57.786Z]
GET
/zone/state
[2026-07-30T05:12:57.795Z] GET /alerts
[2026-07-30T05:12:57.797Z] GET /alerts

[2026-07-30T05:12:57.798Z]
GET
/alerts
[2026-07-30T05:13:57.777Z] GET /zone/state
[2026-07-30T05:13:57.778Z] GET /zone/state

[2026-07-30T05:13:57.779Z]
GET
/zone/state
[2026-07-30T05:13:57.785Z] GET /alerts
[2026-07-30T05:13:57.786Z] GET /alerts

[2026-07-30T05:13:57.787Z]
GET
/alerts
[2026-07-30T05:14:57.775Z] GET /zone/state
[2026-07-30T05:14:57.777Z] GET /zone/state

[2026-07-30T05:14:57.777Z]
GET
/zone/state
[2026-07-30T05:14:57.785Z] GET /alerts
[2026-07-30T05:14:57.787Z] GET /alerts

[2026-07-30T05:14:57.788Z]
GET
/alerts
[2026-07-30T05:15:29.117Z] GET /zone/state
[2026-07-30T05:15:29.119Z] GET /zone/state

[2026-07-30T05:15:29.120Z]
GET
/zone/state
[2026-07-30T05:15:29.173Z] GET /alerts
[2026-07-30T05:15:29.174Z] GET /alerts

[2026-07-30T05:15:29.175Z]
GET
/alerts
[2026-07-30T05:15:30.672Z] GET /zone/state
[2026-07-30T05:15:30.674Z] GET /zone/state

[2026-07-30T05:15:30.675Z]
GET
/zone/state
[2026-07-30T05:15:30.682Z] GET /alerts
[2026-07-30T05:15:30.684Z] GET /alerts

[2026-07-30T05:15:30.685Z]
GET
/alerts
[2026-07-30T05:15:33.662Z] GET /zone/state
[2026-07-30T05:15:33.663Z] GET /zone/state

[2026-07-30T05:15:33.669Z]
GET
/zone/state
[2026-07-30T05:15:33.676Z] GET /alerts
[2026-07-30T05:15:33.677Z] GET /alerts

[2026-07-30T05:15:33.678Z]
GET
/alerts
[2026-07-30T05:15:36.660Z] GET /zone/state
[2026-07-30T05:15:36.662Z] GET /zone/state

[2026-07-30T05:15:36.662Z]
GET
/zone/state
[2026-07-30T05:15:36.669Z] GET /alerts
[2026-07-30T05:15:36.671Z] GET /alerts

[2026-07-30T05:15:36.672Z]
GET
/alerts
[2026-07-30T05:15:39.667Z] GET /zone/state
[2026-07-30T05:15:39.669Z] GET /zone/state

[2026-07-30T05:15:39.670Z]
GET
/zone/state
[2026-07-30T05:15:39.678Z] GET /alerts
[2026-07-30T05:15:39.679Z] GET /alerts

[2026-07-30T05:15:39.679Z]
GET
/alerts
[2026-07-30T05:15:42.664Z] GET /zone/state
[2026-07-30T05:15:42.665Z] GET /zone/state

[2026-07-30T05:15:42.666Z]
GET
/zone/state
[2026-07-30T05:15:42.672Z] GET /alerts
[2026-07-30T05:15:42.673Z] GET /alerts

[2026-07-30T05:15:42.674Z]
GET
/alerts
[2026-07-30T05:19:21.801Z] GET /zone/state
[2026-07-30T05:19:21.802Z] GET /zone/state

[2026-07-30T05:19:21.803Z]
GET
/zone/state
[2026-07-30T05:19:21.806Z] GET /api/analytics/stats
[2026-07-30T05:19:21.807Z] GET /zone/state
[2026-07-30T05:19:21.808Z] GET /api/analytics/stats

[2026-07-30T05:19:21.809Z]
GET
/api/analytics/stats
[2026-07-30T05:19:21.812Z] GET /zone/state

[2026-07-30T05:19:21.813Z]
GET
/zone/state
[2026-07-30T05:19:21.816Z] GET /api/analytics/stats
[2026-07-30T05:19:21.817Z] GET /api/analytics/stats

[2026-07-30T05:19:21.818Z]
GET
/api/analytics/stats
[2026-07-30T05:19:21.832Z] GET /alerts
[2026-07-30T05:19:21.833Z] GET /alerts

[2026-07-30T05:19:21.834Z]
GET
/alerts
[2026-07-30T05:19:21.837Z] GET /alerts
[2026-07-30T05:19:21.838Z] GET /alerts

[2026-07-30T05:19:21.839Z]
GET
/alerts
[2026-07-30T05:28:03.321Z] GET /zone/state
[2026-07-30T05:28:03.325Z] GET /api/analytics/stats
[2026-07-30T05:28:03.326Z] GET /zone/state

[2026-07-30T05:28:03.328Z]
GET
/zone/state
[2026-07-30T05:28:03.346Z] GET /zone/state
[2026-07-30T05:28:03.347Z] GET /api/analytics/stats

[2026-07-30T05:28:03.348Z]
GET
/api/analytics/stats
[2026-07-30T05:28:03.355Z] GET /api/analytics/stats
[2026-07-30T05:28:03.356Z] GET /alerts
[2026-07-30T05:28:03.356Z] GET /zone/state

[2026-07-30T05:28:03.357Z]
GET
/zone/state
[2026-07-30T05:28:03.362Z] GET /api/analytics/stats

[2026-07-30T05:28:03.363Z]
GET
/api/analytics/stats
[2026-07-30T05:28:03.367Z] GET /alerts

[2026-07-30T05:28:03.369Z]
GET
/alerts
[2026-07-30T05:28:03.381Z] GET /alerts
[2026-07-30T05:28:03.383Z] GET /alerts

[2026-07-30T05:28:03.383Z]
GET
/alerts
[2026-07-30T05:34:51.974Z] GET /zone/state
[2026-07-30T05:34:51.979Z] GET /api/analytics/stats
[2026-07-30T05:34:51.980Z] GET /zone/state

[2026-07-30T05:34:51.982Z]
GET
/zone/state
[2026-07-30T05:34:51.995Z] GET /zone/state
[2026-07-30T05:34:51.996Z] GET /api/analytics/stats

[2026-07-30T05:34:51.997Z]
GET
/api/analytics/stats
[2026-07-30T05:34:52.004Z] GET /api/analytics/stats
[2026-07-30T05:34:52.005Z] GET /zone/state

[2026-07-30T05:34:52.006Z]
GET
/zone/state
[2026-07-30T05:34:52.011Z] GET /api/analytics/stats

[2026-07-30T05:34:52.012Z]
GET
/api/analytics/stats
[2026-07-30T05:34:52.020Z] GET /alerts
[2026-07-30T05:34:52.021Z] GET /alerts

[2026-07-30T05:34:52.022Z]
GET
/alerts
[2026-07-30T05:34:52.034Z] GET /alerts
[2026-07-30T05:34:52.035Z] GET /alerts

[2026-07-30T05:34:52.036Z]
GET
/alerts
[2026-07-30T05:36:47.693Z] GET /zone/state
[2026-07-30T05:36:47.695Z] GET /zone/state

[2026-07-30T05:36:47.697Z]
GET
/zone/state
[2026-07-30T05:36:47.706Z] GET /api/analytics/stats
[2026-07-30T05:36:47.708Z] GET /zone/state
[2026-07-30T05:36:47.710Z] GET /api/analytics/stats

[2026-07-30T05:36:47.711Z]
GET
/api/analytics/stats
[2026-07-30T05:36:47.714Z] GET /zone/state

[2026-07-30T05:36:47.715Z]
GET
/zone/state
[2026-07-30T05:36:47.720Z] GET /api/analytics/stats
[2026-07-30T05:36:47.721Z] GET /api/analytics/stats

[2026-07-30T05:36:47.721Z]
GET
/api/analytics/stats
[2026-07-30T05:36:47.724Z] GET /alerts
[2026-07-30T05:36:47.725Z] GET /alerts

[2026-07-30T05:36:47.726Z]
GET
/alerts
[2026-07-30T05:36:47.739Z] GET /alerts
[2026-07-30T05:36:47.740Z] GET /alerts

[2026-07-30T05:36:47.741Z]
GET
/alerts
[2026-07-30T07:33:54.072Z] GET /zone/state
[2026-07-30T07:33:54.081Z] GET /api/analytics/stats
[2026-07-30T07:33:54.084Z] GET /zone/state

[2026-07-30T07:33:54.088Z]
GET
/zone/state
[2026-07-30T07:33:54.109Z] GET /zone/state
[2026-07-30T07:33:54.110Z] GET /api/analytics/stats

[2026-07-30T07:33:54.111Z]
GET
/api/analytics/stats
[2026-07-30T07:33:54.118Z] GET /api/analytics/stats
[2026-07-30T07:33:54.120Z] GET /alerts
[2026-07-30T07:33:54.121Z] GET /zone/state

[2026-07-30T07:33:54.122Z]
GET
/zone/state
[2026-07-30T07:33:54.126Z] GET /api/analytics/stats

[2026-07-30T07:33:54.127Z]
GET
/api/analytics/stats
[2026-07-30T07:33:54.130Z] GET /alerts

[2026-07-30T07:33:54.131Z]
GET
/alerts
[2026-07-30T07:33:54.140Z] GET /alerts
[2026-07-30T07:33:54.141Z] GET /alerts

[2026-07-30T07:33:54.141Z]
GET
/alerts
[2026-07-30T08:02:01.955Z] GET /zone/state
[2026-07-30T08:02:01.956Z] GET /zone/state

[2026-07-30T08:02:01.957Z]
GET
/zone/state
[2026-07-30T08:02:01.961Z] GET /api/analytics/stats
[2026-07-30T08:02:01.962Z] GET /zone/state
[2026-07-30T08:02:01.964Z] GET /api/analytics/stats

[2026-07-30T08:02:01.965Z]
GET
/api/analytics/stats
[2026-07-30T08:02:01.971Z] GET /zone/state

[2026-07-30T08:02:01.972Z]
GET
/zone/state
[2026-07-30T08:02:01.975Z] GET /api/analytics/stats
[2026-07-30T08:02:01.976Z] GET /api/analytics/stats

[2026-07-30T08:02:01.978Z]
GET
/api/analytics/stats
[2026-07-30T08:02:01.982Z] GET /alerts
[2026-07-30T08:02:01.983Z] GET /alerts

[2026-07-30T08:02:01.983Z]
GET
/alerts
[2026-07-30T08:02:01.998Z] GET /alerts
[2026-07-30T08:02:02.000Z] GET /alerts

[2026-07-30T08:02:02.001Z]
GET
/alerts
[2026-07-30T08:16:33.163Z] GET /zone/state
[2026-07-30T08:16:33.165Z] GET /api/analytics/stats
[2026-07-30T08:16:33.166Z] GET /zone/state

[2026-07-30T08:16:33.168Z]
GET
/zone/state
[2026-07-30T08:16:33.173Z] GET /zone/state
[2026-07-30T08:16:33.174Z] GET /api/analytics/stats

[2026-07-30T08:16:33.176Z]
GET
/api/analytics/stats
[2026-07-30T08:16:33.180Z] GET /api/analytics/stats
[2026-07-30T08:16:33.180Z] GET /zone/state

[2026-07-30T08:16:33.181Z]
GET
/zone/state
[2026-07-30T08:16:33.186Z] GET /api/analytics/stats

[2026-07-30T08:16:33.187Z]
GET
/api/analytics/stats
[2026-07-30T08:16:33.199Z] GET /alerts
[2026-07-30T08:16:33.200Z] GET /alerts

[2026-07-30T08:16:33.201Z]
GET
/alerts
[2026-07-30T08:16:33.207Z] GET /alerts
[2026-07-30T08:16:33.208Z] GET /alerts

[2026-07-30T08:16:33.209Z]
GET
/alerts
[2026-07-30T08:18:39.669Z] GET /zone/state
[2026-07-30T08:18:39.670Z] GET /zone/state

[2026-07-30T08:18:39.671Z]
GET
/zone/state
[2026-07-30T08:18:39.676Z] GET /api/analytics/stats
[2026-07-30T08:18:39.678Z] GET /zone/state
[2026-07-30T08:18:39.679Z] GET /api/analytics/stats

[2026-07-30T08:18:39.680Z]
GET
/api/analytics/stats
[2026-07-30T08:18:39.683Z] GET /zone/state

[2026-07-30T08:18:39.685Z]
GET
/zone/state
[2026-07-30T08:18:39.690Z] GET /api/analytics/stats
[2026-07-30T08:18:39.692Z] GET /api/analytics/stats

[2026-07-30T08:18:39.693Z]
GET
/api/analytics/stats
[2026-07-30T08:18:39.696Z] GET /alerts
[2026-07-30T08:18:39.697Z] GET /alerts

[2026-07-30T08:18:39.698Z]
GET
/alerts
[2026-07-30T08:18:39.712Z] GET /alerts
[2026-07-30T08:18:39.713Z] GET /alerts

[2026-07-30T08:18:39.714Z]
GET
/alerts
[2026-07-30T08:18:46.169Z] GET /observability/overview
[2026-07-30T08:18:46.170Z] GET /observability/overview

[2026-07-30T08:18:46.170Z]
GET
/observability/overview
[2026-07-30T08:18:46.196Z] GET /observability/overview
[2026-07-30T08:18:46.197Z] GET /observability/overview

[2026-07-30T08:18:46.198Z]
GET
/observability/overview
[2026-07-30T11:37:15.880Z] GET /zone/state
[2026-07-30T11:37:15.890Z] GET /api/analytics/stats
[2026-07-30T11:37:15.892Z] GET /zone/state

[2026-07-30T11:37:15.895Z]
GET
/zone/state
[2026-07-30T11:37:15.922Z] GET /zone/state
[2026-07-30T11:37:15.923Z] GET /api/analytics/stats

[2026-07-30T11:37:15.924Z]
GET
/api/analytics/stats
[2026-07-30T11:37:15.935Z] GET /api/analytics/stats
[2026-07-30T11:37:15.937Z] GET /zone/state

[2026-07-30T11:37:15.938Z]
GET
/zone/state
[2026-07-30T11:37:15.960Z] GET /alerts
[2026-07-30T11:37:15.962Z] GET /api/analytics/stats

[2026-07-30T11:37:15.970Z]
GET
/api/analytics/stats
[2026-07-30T11:37:15.989Z] GET /alerts

[2026-07-30T11:37:15.994Z]
GET
/alerts
[2026-07-30T11:37:16.022Z] GET /alerts
[2026-07-30T11:37:16.033Z] GET /alerts

[2026-07-30T11:37:16.039Z]
GET
/alerts
[2026-07-30T11:37:18.873Z] GET /zone/state
[2026-07-30T11:37:18.874Z] GET /zone/state

[2026-07-30T11:37:18.876Z]
GET
/zone/state
[2026-07-30T11:37:18.893Z] GET /alerts
[2026-07-30T11:37:18.894Z] GET /alerts

[2026-07-30T11:37:18.896Z]
GET
/alerts
[2026-07-30T11:37:21.916Z] GET /zone/state
[2026-07-30T11:37:21.919Z] GET /zone/state

[2026-07-30T11:37:21.921Z]
GET
/zone/state
[2026-07-30T11:37:21.946Z] GET /alerts
[2026-07-30T11:37:21.947Z] GET /alerts

[2026-07-30T11:37:21.949Z]
GET
/alerts
[2026-07-30T11:37:24.898Z] GET /zone/state
[2026-07-30T11:37:24.927Z] GET /zone/state

[2026-07-30T11:37:24.935Z]
GET
/zone/state
[2026-07-30T11:37:24.953Z] GET /alerts
[2026-07-30T11:37:24.955Z] GET /alerts

[2026-07-30T11:37:24.957Z]
GET
/alerts
[2026-07-30T11:37:27.878Z] GET /zone/state
[2026-07-30T11:37:27.879Z] GET /zone/state

[2026-07-30T11:37:27.880Z]
GET
/zone/state
[2026-07-30T11:37:27.885Z] GET /alerts
[2026-07-30T11:37:27.888Z] GET /alerts

[2026-07-30T11:37:27.897Z]
GET
/alerts
[2026-07-30T11:37:30.881Z] GET /zone/state
[2026-07-30T11:37:30.883Z] GET /zone/state

[2026-07-30T11:37:30.884Z]
GET
/zone/state
[2026-07-30T11:37:30.901Z] GET /alerts
[2026-07-30T11:37:30.926Z] GET /alerts

[2026-07-30T11:37:30.934Z]
GET
/alerts
[2026-07-30T11:37:33.877Z] GET /zone/state
[2026-07-30T11:37:33.879Z] GET /zone/state

[2026-07-30T11:37:33.884Z]
GET
/zone/state
[2026-07-30T11:37:33.889Z] GET /alerts
[2026-07-30T11:37:33.890Z] GET /alerts

[2026-07-30T11:37:33.891Z]
GET
/alerts
[2026-07-30T11:37:36.885Z] GET /zone/state
[2026-07-30T11:37:36.896Z] GET /zone/state

[2026-07-30T11:37:36.951Z]
GET
/zone/state
[2026-07-30T11:37:36.972Z] GET /alerts
[2026-07-30T11:37:36.973Z] GET /alerts

[2026-07-30T11:37:36.991Z]
GET
/alerts
[2026-07-30T11:37:39.870Z] GET /zone/state
[2026-07-30T11:37:39.872Z] GET /zone/state

[2026-07-30T11:37:39.873Z]
GET
/zone/state
[2026-07-30T11:37:39.879Z] GET /alerts
[2026-07-30T11:37:39.880Z] GET /alerts

[2026-07-30T11:37:39.882Z]
GET
/alerts
[2026-07-30T11:37:42.884Z] GET /zone/state
[2026-07-30T11:37:42.885Z] GET /zone/state

[2026-07-30T11:37:42.886Z]
GET
/zone/state
[2026-07-30T11:37:42.891Z] GET /alerts
[2026-07-30T11:37:42.891Z] GET /alerts

[2026-07-30T11:37:42.892Z]
GET
/alerts
[2026-07-30T11:53:25.361Z] GET /zone/state
[2026-07-30T11:53:25.377Z] GET /api/analytics/stats
[2026-07-30T11:53:25.379Z] GET /zone/state

[2026-07-30T11:53:25.382Z]
GET
/zone/state
[2026-07-30T11:53:25.410Z] GET /zone/state
[2026-07-30T11:53:25.412Z] GET /api/analytics/stats

[2026-07-30T11:53:25.414Z]
GET
/api/analytics/stats
[2026-07-30T11:53:25.426Z] GET /api/analytics/stats
[2026-07-30T11:53:25.427Z] GET /zone/state

[2026-07-30T11:53:25.429Z]
GET
/zone/state
[2026-07-30T11:53:25.438Z] GET /alerts
[2026-07-30T11:53:25.440Z] GET /api/analytics/stats

[2026-07-30T11:53:25.441Z]
GET
/api/analytics/stats
[2026-07-30T11:53:25.446Z] GET /alerts

[2026-07-30T11:53:25.448Z]
GET
/alerts
[2026-07-30T11:53:25.523Z] GET /alerts
[2026-07-30T11:53:25.525Z] GET /alerts

[2026-07-30T11:53:25.526Z]
GET
/alerts
[2026-07-30T11:53:28.744Z] GET /zone/state
[2026-07-30T11:53:28.746Z] GET /zone/state

[2026-07-30T11:53:28.747Z]
GET
/zone/state
[2026-07-30T11:53:28.779Z] GET /alerts
[2026-07-30T11:53:28.785Z] GET /alerts

[2026-07-30T11:53:28.787Z]
GET
/alerts
[2026-07-30T11:53:28.866Z] GET /zone/state
[2026-07-30T11:53:28.868Z] GET /zone/state

[2026-07-30T11:53:28.870Z]
GET
/zone/state
[2026-07-30T11:53:28.879Z] GET /zone/state
[2026-07-30T11:53:28.881Z] GET /api/analytics/stats
[2026-07-30T11:53:28.883Z] GET /zone/state

[2026-07-30T11:53:28.884Z]
GET
/zone/state
[2026-07-30T11:53:28.891Z] GET /api/analytics/stats

[2026-07-30T11:53:28.893Z]
GET
/api/analytics/stats
[2026-07-30T11:53:28.898Z] GET /api/analytics/stats
[2026-07-30T11:53:28.899Z] GET /api/analytics/stats

[2026-07-30T11:53:28.900Z]
GET
/api/analytics/stats
[2026-07-30T11:53:28.965Z] GET /alerts
[2026-07-30T11:53:28.967Z] GET /alerts

[2026-07-30T11:53:28.970Z]
GET
/alerts
[2026-07-30T11:53:31.351Z] GET /zone/state
[2026-07-30T11:53:31.354Z] GET /zone/state

[2026-07-30T11:53:31.356Z]
GET
/zone/state
[2026-07-30T11:53:31.369Z] GET /alerts
[2026-07-30T11:53:31.371Z] GET /alerts

[2026-07-30T11:53:31.373Z]
GET
/alerts
[2026-07-30T11:53:34.354Z] GET /zone/state
[2026-07-30T11:53:34.356Z] GET /zone/state

[2026-07-30T11:53:34.357Z]
GET
/zone/state
[2026-07-30T11:53:34.366Z] GET /alerts
[2026-07-30T11:53:34.367Z] GET /alerts

[2026-07-30T11:53:34.368Z]
GET
/alerts
[2026-07-30T11:58:32.366Z] GET /api/analytics/stats
[2026-07-30T11:58:32.368Z] GET /zone/state
[2026-07-30T11:58:32.371Z] GET /api/analytics/stats

[2026-07-30T11:58:32.373Z]
GET
/api/analytics/stats
[2026-07-30T11:58:32.380Z] GET /zone/state

[2026-07-30T11:58:32.384Z]
GET
/zone/state
[2026-07-30T11:58:32.394Z] GET /api/analytics/stats
[2026-07-30T11:58:32.396Z] GET /zone/state
[2026-07-30T11:58:32.398Z] GET /api/analytics/stats

[2026-07-30T11:58:32.400Z]
GET
/api/analytics/stats
[2026-07-30T11:58:32.408Z] GET /zone/state

[2026-07-30T11:58:32.419Z]
GET
/zone/state
[2026-07-30T11:58:32.432Z] GET /alerts
[2026-07-30T11:58:32.433Z] GET /alerts

[2026-07-30T11:58:32.434Z]
GET
/alerts
[2026-07-30T11:58:32.470Z] GET /alerts
[2026-07-30T11:58:32.472Z] GET /alerts

[2026-07-30T11:58:32.473Z]
GET
/alerts
[2026-07-30T12:18:12.653Z] GET /api/operations
[2026-07-30T12:18:12.654Z] GET /api/operations

[2026-07-30T12:18:12.655Z]
GET
/api/operations
[2026-07-30T12:18:12.660Z] GET /api/operations
[2026-07-30T12:18:12.661Z] GET /api/operations

[2026-07-30T12:18:12.662Z]
GET
/api/operations
[2026-07-30T12:18:20.525Z] GET /api/observability
[2026-07-30T12:18:20.526Z] GET /api/observability

[2026-07-30T12:18:20.527Z]
GET
/api/observability
[2026-07-30T12:18:20.536Z] GET /api/observability
[2026-07-30T12:18:20.537Z] GET /api/observability

[2026-07-30T12:18:20.538Z]
GET
/api/observability
[2026-07-30T12:18:22.512Z] GET /api/operations
[2026-07-30T12:18:22.513Z] GET /api/operations

[2026-07-30T12:18:22.514Z]
GET
/api/operations
[2026-07-30T12:18:22.517Z] GET /api/operations
[2026-07-30T12:18:22.517Z] GET /api/operations

[2026-07-30T12:18:22.518Z]
GET
/api/operations
[2026-07-30T12:19:45.233Z] GET /api/operations
[2026-07-30T12:19:45.234Z] GET /api/operations

[2026-07-30T12:19:45.235Z]
GET
/api/operations
[2026-07-30T12:19:45.239Z] GET /api/operations
[2026-07-30T12:19:45.240Z] GET /api/operations

[2026-07-30T12:19:45.241Z]
GET
/api/operations
[2026-07-30T12:30:03.773Z] GET /api/operations
[2026-07-30T12:30:03.774Z] GET /api/operations

[2026-07-30T12:30:03.775Z]
GET
/api/operations
[2026-07-30T12:31:43.773Z] GET /api/operations
[2026-07-30T12:31:43.775Z] GET /api/operations

[2026-07-30T12:31:43.775Z]
GET
/api/operations
[2026-07-31T04:24:03.223Z] GET /zone/state
[2026-07-31T04:24:03.228Z] GET /api/analytics/stats
[2026-07-31T04:24:03.229Z] GET /zone/state

[2026-07-31T04:24:03.231Z]
GET
/zone/state
[2026-07-31T04:24:03.247Z] GET /zone/state
[2026-07-31T04:24:03.248Z] GET /api/analytics/stats

[2026-07-31T04:24:03.249Z]
GET
/api/analytics/stats
[2026-07-31T04:24:03.256Z] GET /api/analytics/stats
[2026-07-31T04:24:03.257Z] GET /alerts
[2026-07-31T04:24:03.257Z] GET /zone/state

[2026-07-31T04:24:03.258Z]
GET
/zone/state
[2026-07-31T04:24:03.261Z] GET /api/analytics/stats

[2026-07-31T04:24:03.262Z]
GET
/api/analytics/stats
[2026-07-31T04:24:03.266Z] GET /alerts

[2026-07-31T04:24:03.267Z]
GET
/alerts
[2026-07-31T04:24:03.295Z] GET /alerts
[2026-07-31T04:24:03.296Z] GET /alerts

[2026-07-31T04:24:03.296Z]
GET
/alerts
[2026-07-31T04:24:06.225Z] GET /zone/state
[2026-07-31T04:24:06.226Z] GET /zone/state

[2026-07-31T04:24:06.226Z]
GET
/zone/state
[2026-07-31T04:24:06.238Z] GET /alerts
[2026-07-31T04:24:06.240Z] GET /alerts

[2026-07-31T04:24:06.244Z]
GET
/alerts
[2026-07-31T04:24:09.220Z] GET /zone/state
[2026-07-31T04:24:09.221Z] GET /zone/state

[2026-07-31T04:24:09.222Z]
GET
/zone/state
[2026-07-31T04:24:09.226Z] GET /alerts
[2026-07-31T04:24:09.227Z] GET /alerts

[2026-07-31T04:24:09.228Z]
GET
/alerts
[2026-07-31T04:24:12.228Z] GET /zone/state
[2026-07-31T04:24:12.230Z] GET /zone/state

[2026-07-31T04:24:12.230Z]
GET
/zone/state
[2026-07-31T04:24:12.235Z] GET /alerts
[2026-07-31T04:24:12.236Z] GET /alerts

[2026-07-31T04:24:12.236Z]
GET
/alerts
[2026-07-31T04:24:15.229Z] GET /zone/state
[2026-07-31T04:24:15.230Z] GET /zone/state

[2026-07-31T04:24:15.231Z]
GET
/zone/state
[2026-07-31T04:24:15.236Z] GET /alerts
[2026-07-31T04:24:15.237Z] GET /alerts

[2026-07-31T04:24:15.238Z]
GET
/alerts
[2026-07-31T04:24:18.232Z] GET /zone/state
[2026-07-31T04:24:18.234Z] GET /zone/state

[2026-07-31T04:24:18.234Z]
GET
/zone/state
[2026-07-31T04:24:18.239Z] GET /alerts
[2026-07-31T04:24:18.240Z] GET /alerts

[2026-07-31T04:24:18.241Z]
GET
/alerts
[2026-07-31T04:24:21.234Z] GET /zone/state
[2026-07-31T04:24:21.235Z] GET /zone/state

[2026-07-31T04:24:21.235Z]
GET
/zone/state
[2026-07-31T04:24:21.242Z] GET /alerts
[2026-07-31T04:24:21.242Z] GET /alerts

[2026-07-31T04:24:21.243Z]
GET
/alerts
[2026-07-31T04:24:24.224Z] GET /zone/state
[2026-07-31T04:24:24.224Z] GET /zone/state

[2026-07-31T04:24:24.225Z]
GET
/zone/state
[2026-07-31T04:24:24.230Z] GET /alerts
[2026-07-31T04:24:24.230Z] GET /alerts

[2026-07-31T04:24:24.231Z]
GET
/alerts
[2026-07-31T04:24:27.228Z] GET /zone/state
[2026-07-31T04:24:27.229Z] GET /zone/state

[2026-07-31T04:24:27.229Z]
GET
/zone/state
[2026-07-31T04:24:27.234Z] GET /alerts
[2026-07-31T04:24:27.235Z] GET /alerts

[2026-07-31T04:24:27.236Z]
GET
/alerts
[2026-07-31T04:24:30.224Z] GET /zone/state
[2026-07-31T04:24:30.225Z] GET /zone/state

[2026-07-31T04:24:30.225Z]
GET
/zone/state
[2026-07-31T04:24:30.234Z] GET /alerts
[2026-07-31T04:24:30.235Z] GET /alerts

[2026-07-31T04:24:30.235Z]
GET
/alerts
[2026-07-31T04:24:33.229Z] GET /zone/state
[2026-07-31T04:24:33.231Z] GET /zone/state

[2026-07-31T04:24:33.231Z]
GET
/zone/state
[2026-07-31T04:24:33.235Z] GET /alerts
[2026-07-31T04:24:33.236Z] GET /alerts

[2026-07-31T04:24:33.236Z]
GET
/alerts
[2026-07-31T04:24:36.235Z] GET /zone/state
[2026-07-31T04:24:36.236Z] GET /zone/state

[2026-07-31T04:24:36.236Z]
GET
/zone/state
[2026-07-31T04:24:36.241Z] GET /alerts
[2026-07-31T04:24:36.242Z] GET /alerts

[2026-07-31T04:24:36.242Z]
GET
/alerts
[2026-07-31T04:24:39.221Z] GET /zone/state
[2026-07-31T04:24:39.221Z] GET /zone/state

[2026-07-31T04:24:39.222Z]
GET
/zone/state
[2026-07-31T04:24:39.228Z] GET /alerts
[2026-07-31T04:24:39.229Z] GET /alerts

[2026-07-31T04:24:39.229Z]
GET
/alerts
[2026-07-31T04:24:42.220Z] GET /zone/state
[2026-07-31T04:24:42.221Z] GET /zone/state

[2026-07-31T04:24:42.221Z]
GET
/zone/state
[2026-07-31T04:24:42.227Z] GET /alerts
[2026-07-31T04:24:42.228Z] GET /alerts

[2026-07-31T04:24:42.229Z]
GET
/alerts
[2026-07-31T04:24:45.226Z] GET /zone/state
[2026-07-31T04:24:45.227Z] GET /zone/state

[2026-07-31T04:24:45.227Z]
GET
/zone/state
[2026-07-31T04:24:45.234Z] GET /alerts
[2026-07-31T04:24:45.236Z] GET /alerts

[2026-07-31T04:24:45.237Z]
GET
/alerts
[2026-07-31T04:24:48.232Z] GET /zone/state
[2026-07-31T04:24:48.233Z] GET /zone/state

[2026-07-31T04:24:48.234Z]
GET
/zone/state
[2026-07-31T04:24:48.239Z] GET /alerts
[2026-07-31T04:24:48.240Z] GET /alerts

[2026-07-31T04:24:48.240Z]
GET
/alerts
[2026-07-31T04:24:51.222Z] GET /zone/state
[2026-07-31T04:24:51.223Z] GET /zone/state

[2026-07-31T04:24:51.224Z]
GET
/zone/state
[2026-07-31T04:24:51.229Z] GET /alerts
[2026-07-31T04:24:51.230Z] GET /alerts

[2026-07-31T04:24:51.230Z]
GET
/alerts
[2026-07-31T04:24:54.227Z] GET /zone/state
[2026-07-31T04:24:54.228Z] GET /zone/state

[2026-07-31T04:24:54.229Z]
GET
/zone/state
[2026-07-31T04:24:54.234Z] GET /alerts
[2026-07-31T04:24:54.235Z] GET /alerts

[2026-07-31T04:24:54.236Z]
GET
/alerts
[2026-07-31T04:24:57.225Z] GET /zone/state
[2026-07-31T04:24:57.226Z] GET /zone/state

[2026-07-31T04:24:57.226Z]
GET
/zone/state
[2026-07-31T04:24:57.231Z] GET /alerts
[2026-07-31T04:24:57.232Z] GET /alerts

[2026-07-31T04:24:57.233Z]
GET
/alerts
[2026-07-31T04:25:00.232Z] GET /zone/state
[2026-07-31T04:25:00.233Z] GET /zone/state

[2026-07-31T04:25:00.235Z]
GET
/zone/state
[2026-07-31T04:25:00.240Z] GET /alerts
[2026-07-31T04:25:00.242Z] GET /alerts

[2026-07-31T04:25:00.243Z]
GET
/alerts
[2026-07-31T04:25:03.236Z] GET /zone/state
[2026-07-31T04:25:03.246Z] GET /zone/state

[2026-07-31T04:25:03.251Z]
GET
/zone/state
[2026-07-31T04:25:03.259Z] GET /alerts
[2026-07-31T04:25:03.260Z] GET /alerts

[2026-07-31T04:25:03.262Z]
GET
/alerts
[2026-07-31T04:25:06.234Z] GET /zone/state
[2026-07-31T04:25:06.235Z] GET /zone/state

[2026-07-31T04:25:06.238Z]
GET
/zone/state
[2026-07-31T04:25:06.253Z] GET /alerts
[2026-07-31T04:25:06.254Z] GET /alerts

[2026-07-31T04:25:06.257Z]
GET
/alerts
[2026-07-31T04:25:09.220Z] GET /zone/state
[2026-07-31T04:25:09.221Z] GET /zone/state

[2026-07-31T04:25:09.222Z]
GET
/zone/state
[2026-07-31T04:25:09.231Z] GET /alerts
[2026-07-31T04:25:09.232Z] GET /alerts

[2026-07-31T04:25:09.236Z]
GET
/alerts
[2026-07-31T04:25:12.224Z] GET /zone/state
[2026-07-31T04:25:12.225Z] GET /zone/state

[2026-07-31T04:25:12.228Z]
GET
/zone/state
[2026-07-31T04:25:12.241Z] GET /alerts
[2026-07-31T04:25:12.247Z] GET /alerts

[2026-07-31T04:25:12.255Z]
GET
/alerts
[2026-07-31T04:25:15.235Z] GET /zone/state
[2026-07-31T04:25:15.236Z] GET /zone/state

[2026-07-31T04:25:15.248Z]
GET
/zone/state
[2026-07-31T04:25:15.292Z] GET /alerts
[2026-07-31T04:25:15.305Z] GET /alerts

[2026-07-31T04:25:15.316Z]
GET
/alerts
[2026-07-31T04:25:18.232Z] GET /zone/state
[2026-07-31T04:25:18.233Z] GET /zone/state

[2026-07-31T04:25:18.236Z]
GET
/zone/state
[2026-07-31T04:25:18.244Z] GET /alerts
[2026-07-31T04:25:18.251Z] GET /alerts

[2026-07-31T04:25:18.257Z]
GET
/alerts
[2026-07-31T04:25:21.228Z] GET /zone/state
[2026-07-31T04:25:21.229Z] GET /zone/state

[2026-07-31T04:25:21.230Z]
GET
/zone/state
[2026-07-31T04:25:21.234Z] GET /alerts
[2026-07-31T04:25:21.235Z] GET /alerts

[2026-07-31T04:25:21.235Z]
GET
/alerts
[2026-07-31T04:25:24.225Z] GET /zone/state
[2026-07-31T04:25:24.226Z] GET /zone/state

[2026-07-31T04:25:24.227Z]
GET
/zone/state
[2026-07-31T04:25:24.230Z] GET /alerts
[2026-07-31T04:25:24.231Z] GET /alerts

[2026-07-31T04:25:24.232Z]
GET
/alerts
[2026-07-31T04:25:27.222Z] GET /zone/state
[2026-07-31T04:25:27.223Z] GET /zone/state

[2026-07-31T04:25:27.224Z]
GET
/zone/state
[2026-07-31T04:25:27.234Z] GET /alerts
[2026-07-31T04:25:27.234Z] GET /alerts

[2026-07-31T04:25:27.235Z]
GET
/alerts
[2026-07-31T04:25:30.219Z] GET /zone/state
[2026-07-31T04:25:30.220Z] GET /zone/state

[2026-07-31T04:25:30.220Z]
GET
/zone/state
[2026-07-31T04:25:30.224Z] GET /alerts
[2026-07-31T04:25:30.225Z] GET /alerts

[2026-07-31T04:25:30.225Z]
GET
/alerts
[2026-07-31T04:25:33.231Z] GET /zone/state
[2026-07-31T04:25:33.232Z] GET /zone/state

[2026-07-31T04:25:33.233Z]
GET
/zone/state
[2026-07-31T04:25:33.239Z] GET /alerts
[2026-07-31T04:25:33.239Z] GET /alerts

[2026-07-31T04:25:33.245Z]
GET
/alerts
[2026-07-31T04:25:36.219Z] GET /zone/state
[2026-07-31T04:25:36.220Z] GET /zone/state

[2026-07-31T04:25:36.220Z]
GET
/zone/state
[2026-07-31T04:25:36.226Z] GET /alerts
[2026-07-31T04:25:36.226Z] GET /alerts

[2026-07-31T04:25:36.227Z]
GET
/alerts
[2026-07-31T04:25:39.220Z] GET /zone/state
[2026-07-31T04:25:39.221Z] GET /zone/state

[2026-07-31T04:25:39.221Z]
GET
/zone/state
[2026-07-31T04:25:39.226Z] GET /alerts
[2026-07-31T04:25:39.227Z] GET /alerts

[2026-07-31T04:25:39.227Z]
GET
/alerts
[2026-07-31T04:25:42.222Z] GET /zone/state
[2026-07-31T04:25:42.223Z] GET /zone/state

[2026-07-31T04:25:42.224Z]
GET
/zone/state
[2026-07-31T04:25:42.228Z] GET /alerts
[2026-07-31T04:25:42.229Z] GET /alerts

[2026-07-31T04:25:42.229Z]
GET
/alerts
[2026-07-31T04:25:45.232Z] GET /zone/state
[2026-07-31T04:25:45.233Z] GET /zone/state

[2026-07-31T04:25:45.234Z]
GET
/zone/state
[2026-07-31T04:25:45.238Z] GET /alerts
[2026-07-31T04:25:45.239Z] GET /alerts

[2026-07-31T04:25:45.240Z]
GET
/alerts
[2026-07-31T04:25:48.220Z] GET /zone/state
[2026-07-31T04:25:48.221Z] GET /zone/state

[2026-07-31T04:25:48.222Z]
GET
/zone/state
[2026-07-31T04:25:48.226Z] GET /alerts
[2026-07-31T04:25:48.227Z] GET /alerts

[2026-07-31T04:25:48.227Z]
GET
/alerts
[2026-07-31T04:25:51.222Z] GET /zone/state
[2026-07-31T04:25:51.224Z] GET /zone/state

[2026-07-31T04:25:51.225Z]
GET
/zone/state
[2026-07-31T04:25:51.230Z] GET /alerts
[2026-07-31T04:25:51.231Z] GET /alerts

[2026-07-31T04:25:51.236Z]
GET
/alerts
[2026-07-31T04:25:54.222Z] GET /zone/state
[2026-07-31T04:25:54.223Z] GET /zone/state

[2026-07-31T04:25:54.224Z]
GET
/zone/state
[2026-07-31T04:25:54.232Z] GET /alerts
[2026-07-31T04:25:54.233Z] GET /alerts

[2026-07-31T04:25:54.234Z]
GET
/alerts
[2026-07-31T04:25:57.225Z] GET /zone/state
[2026-07-31T04:25:57.226Z] GET /zone/state

[2026-07-31T04:25:57.227Z]
GET
/zone/state
[2026-07-31T04:25:57.233Z] GET /alerts
[2026-07-31T04:25:57.234Z] GET /alerts

[2026-07-31T04:25:57.234Z]
GET
/alerts
[2026-07-31T04:26:00.226Z] GET /zone/state
[2026-07-31T04:26:00.227Z] GET /zone/state

[2026-07-31T04:26:00.227Z]
GET
/zone/state
[2026-07-31T04:26:00.232Z] GET /alerts
[2026-07-31T04:26:00.233Z] GET /alerts

[2026-07-31T04:26:00.234Z]
GET
/alerts
[2026-07-31T04:26:03.227Z] GET /zone/state
[2026-07-31T04:26:03.229Z] GET /zone/state

[2026-07-31T04:26:03.229Z]
GET
/zone/state
[2026-07-31T04:26:03.234Z] GET /alerts
[2026-07-31T04:26:03.235Z] GET /alerts

[2026-07-31T04:26:03.236Z]
GET
/alerts
[2026-07-31T04:26:06.227Z] GET /zone/state
[2026-07-31T04:26:06.228Z] GET /zone/state

[2026-07-31T04:26:06.228Z]
GET
/zone/state
[2026-07-31T04:26:06.234Z] GET /alerts
[2026-07-31T04:26:06.235Z] GET /alerts

[2026-07-31T04:26:06.236Z]
GET
/alerts
[2026-07-31T04:26:09.232Z] GET /zone/state
[2026-07-31T04:26:09.233Z] GET /zone/state

[2026-07-31T04:26:09.233Z]
GET
/zone/state
[2026-07-31T04:26:09.238Z] GET /alerts
[2026-07-31T04:26:09.239Z] GET /alerts

[2026-07-31T04:26:09.240Z]
GET
/alerts
[2026-07-31T04:26:12.227Z] GET /zone/state
[2026-07-31T04:26:12.228Z] GET /zone/state

[2026-07-31T04:26:12.229Z]
GET
/zone/state
[2026-07-31T04:26:12.233Z] GET /alerts
[2026-07-31T04:26:12.234Z] GET /alerts

[2026-07-31T04:26:12.234Z]
GET
/alerts
[2026-07-31T04:26:15.234Z] GET /zone/state
[2026-07-31T04:26:15.234Z] GET /zone/state

[2026-07-31T04:26:15.235Z]
GET
/zone/state
[2026-07-31T04:26:15.239Z] GET /alerts
[2026-07-31T04:26:15.239Z] GET /alerts

[2026-07-31T04:26:15.240Z]
GET
/alerts
[2026-07-31T04:26:18.234Z] GET /zone/state
[2026-07-31T04:26:18.235Z] GET /zone/state

[2026-07-31T04:26:18.236Z]
GET
/zone/state
[2026-07-31T04:26:18.242Z] GET /alerts
[2026-07-31T04:26:18.242Z] GET /alerts

[2026-07-31T04:26:18.243Z]
GET
/alerts
[2026-07-31T04:26:21.229Z] GET /zone/state
[2026-07-31T04:26:21.230Z] GET /zone/state

[2026-07-31T04:26:21.231Z]
GET
/zone/state
[2026-07-31T04:26:21.237Z] GET /alerts
[2026-07-31T04:26:21.238Z] GET /alerts

[2026-07-31T04:26:21.239Z]
GET
/alerts
[2026-07-31T04:26:24.223Z] GET /zone/state
[2026-07-31T04:26:24.224Z] GET /zone/state

[2026-07-31T04:26:24.229Z]
GET
/zone/state
[2026-07-31T04:26:24.233Z] GET /alerts
[2026-07-31T04:26:24.233Z] GET /alerts

[2026-07-31T04:26:24.234Z]
GET
/alerts
[2026-07-31T04:26:27.225Z] GET /zone/state
[2026-07-31T04:26:27.226Z] GET /zone/state

[2026-07-31T04:26:27.227Z]
GET
/zone/state
[2026-07-31T04:26:27.233Z] GET /alerts
[2026-07-31T04:26:27.235Z] GET /alerts

[2026-07-31T04:26:27.235Z]
GET
/alerts
[2026-07-31T04:26:30.230Z] GET /zone/state
[2026-07-31T04:26:30.231Z] GET /zone/state

[2026-07-31T04:26:30.232Z]
GET
/zone/state
[2026-07-31T04:26:30.237Z] GET /alerts
[2026-07-31T04:26:30.237Z] GET /alerts

[2026-07-31T04:26:30.238Z]
GET
/alerts
[2026-07-31T04:26:33.227Z] GET /zone/state
[2026-07-31T04:26:33.227Z] GET /zone/state

[2026-07-31T04:26:33.228Z]
GET
/zone/state
[2026-07-31T04:26:33.233Z] GET /alerts
[2026-07-31T04:26:33.234Z] GET /alerts

[2026-07-31T04:26:33.235Z]
GET
/alerts
[2026-07-31T04:26:36.223Z] GET /zone/state
[2026-07-31T04:26:36.224Z] GET /zone/state

[2026-07-31T04:26:36.225Z]
GET
/zone/state
[2026-07-31T04:26:36.231Z] GET /alerts
[2026-07-31T04:26:36.232Z] GET /alerts

[2026-07-31T04:26:36.233Z]
GET
/alerts
[2026-07-31T04:26:39.222Z] GET /zone/state
[2026-07-31T04:26:39.223Z] GET /zone/state

[2026-07-31T04:26:39.224Z]
GET
/zone/state
[2026-07-31T04:26:39.228Z] GET /alerts
[2026-07-31T04:26:39.228Z] GET /alerts

[2026-07-31T04:26:39.229Z]
GET
/alerts
[2026-07-31T04:26:42.234Z] GET /zone/state
[2026-07-31T04:26:42.235Z] GET /zone/state

[2026-07-31T04:26:42.236Z]
GET
/zone/state
[2026-07-31T04:26:42.239Z] GET /alerts
[2026-07-31T04:26:42.240Z] GET /alerts

[2026-07-31T04:26:42.240Z]
GET
/alerts
[2026-07-31T04:26:45.227Z] GET /zone/state
[2026-07-31T04:26:45.228Z] GET /zone/state

[2026-07-31T04:26:45.229Z]
GET
/zone/state
[2026-07-31T04:26:45.234Z] GET /alerts
[2026-07-31T04:26:45.235Z] GET /alerts

[2026-07-31T04:26:45.235Z]
GET
/alerts
[2026-07-31T04:26:48.230Z] GET /zone/state
[2026-07-31T04:26:48.231Z] GET /zone/state

[2026-07-31T04:26:48.231Z]
GET
/zone/state
[2026-07-31T04:26:48.235Z] GET /alerts
[2026-07-31T04:26:48.236Z] GET /alerts

[2026-07-31T04:26:48.237Z]
GET
/alerts
[2026-07-31T04:26:51.226Z] GET /zone/state
[2026-07-31T04:26:51.227Z] GET /zone/state

[2026-07-31T04:26:51.228Z]
GET
/zone/state
[2026-07-31T04:26:51.234Z] GET /alerts
[2026-07-31T04:26:51.235Z] GET /alerts

[2026-07-31T04:26:51.236Z]
GET
/alerts
[2026-07-31T04:26:54.230Z] GET /zone/state
[2026-07-31T04:26:54.231Z] GET /zone/state

[2026-07-31T04:26:54.232Z]
GET
/zone/state
[2026-07-31T04:26:54.237Z] GET /alerts
[2026-07-31T04:26:54.238Z] GET /alerts

[2026-07-31T04:26:54.238Z]
GET
/alerts
[2026-07-31T04:26:57.222Z] GET /zone/state
[2026-07-31T04:26:57.223Z] GET /zone/state

[2026-07-31T04:26:57.223Z]
GET
/zone/state
[2026-07-31T04:26:57.228Z] GET /alerts
[2026-07-31T04:26:57.229Z] GET /alerts

[2026-07-31T04:26:57.229Z]
GET
/alerts
[2026-07-31T04:27:00.223Z] GET /zone/state
[2026-07-31T04:27:00.224Z] GET /zone/state

[2026-07-31T04:27:00.225Z]
GET
/zone/state
[2026-07-31T04:27:00.230Z] GET /alerts
[2026-07-31T04:27:00.231Z] GET /alerts

[2026-07-31T04:27:00.232Z]
GET
/alerts
[2026-07-31T04:27:03.225Z] GET /zone/state
[2026-07-31T04:27:03.226Z] GET /zone/state

[2026-07-31T04:27:03.226Z]
GET
/zone/state
[2026-07-31T04:27:03.231Z] GET /alerts
[2026-07-31T04:27:03.232Z] GET /alerts

[2026-07-31T04:27:03.233Z]
GET
/alerts
[2026-07-31T04:27:06.220Z] GET /zone/state
[2026-07-31T04:27:06.221Z] GET /zone/state

[2026-07-31T04:27:06.222Z]
GET
/zone/state
[2026-07-31T04:27:06.227Z] GET /alerts
[2026-07-31T04:27:06.227Z] GET /alerts

[2026-07-31T04:27:06.228Z]
GET
/alerts
[2026-07-31T04:27:09.233Z] GET /zone/state
[2026-07-31T04:27:09.233Z] GET /zone/state

[2026-07-31T04:27:09.235Z]
GET
/zone/state
[2026-07-31T04:27:09.239Z] GET /alerts
[2026-07-31T04:27:09.240Z] GET /alerts

[2026-07-31T04:27:09.240Z]
GET
/alerts
[2026-07-31T04:27:12.228Z] GET /zone/state
[2026-07-31T04:27:12.229Z] GET /zone/state

[2026-07-31T04:27:12.230Z]
GET
/zone/state
[2026-07-31T04:27:12.234Z] GET /alerts
[2026-07-31T04:27:12.235Z] GET /alerts

[2026-07-31T04:27:12.235Z]
GET
/alerts
[2026-07-31T04:27:15.230Z] GET /zone/state
[2026-07-31T04:27:15.231Z] GET /zone/state

[2026-07-31T04:27:15.232Z]
GET
/zone/state
[2026-07-31T04:27:15.236Z] GET /alerts
[2026-07-31T04:27:15.237Z] GET /alerts

[2026-07-31T04:27:15.237Z]
GET
/alerts
[2026-07-31T04:27:18.234Z] GET /zone/state
[2026-07-31T04:27:18.235Z] GET /zone/state

[2026-07-31T04:27:18.236Z]
GET
/zone/state
[2026-07-31T04:27:18.240Z] GET /alerts
[2026-07-31T04:27:18.241Z] GET /alerts

[2026-07-31T04:27:18.241Z]
GET
/alerts
[2026-07-31T04:27:21.223Z] GET /zone/state
[2026-07-31T04:27:21.224Z] GET /zone/state

[2026-07-31T04:27:21.225Z]
GET
/zone/state
[2026-07-31T04:27:21.229Z] GET /alerts
[2026-07-31T04:27:21.230Z] GET /alerts

[2026-07-31T04:27:21.231Z]
GET
/alerts
[2026-07-31T04:27:24.228Z] GET /zone/state
[2026-07-31T04:27:24.229Z] GET /zone/state

[2026-07-31T04:27:24.230Z]
GET
/zone/state
[2026-07-31T04:27:24.236Z] GET /alerts
[2026-07-31T04:27:24.238Z] GET /alerts

[2026-07-31T04:27:24.239Z]
GET
/alerts
[2026-07-31T04:27:27.228Z] GET /zone/state
[2026-07-31T04:27:27.229Z] GET /zone/state

[2026-07-31T04:27:27.229Z]
GET
/zone/state
[2026-07-31T04:27:27.233Z] GET /alerts
[2026-07-31T04:27:27.233Z] GET /alerts

[2026-07-31T04:27:27.234Z]
GET
/alerts
[2026-07-31T04:27:30.232Z] GET /zone/state
[2026-07-31T04:27:30.233Z] GET /zone/state

[2026-07-31T04:27:30.234Z]
GET
/zone/state
[2026-07-31T04:27:30.240Z] GET /alerts
[2026-07-31T04:27:30.241Z] GET /alerts

[2026-07-31T04:27:30.242Z]
GET
/alerts
[2026-07-31T04:27:33.223Z] GET /zone/state
[2026-07-31T04:27:33.224Z] GET /zone/state

[2026-07-31T04:27:33.225Z]
GET
/zone/state
[2026-07-31T04:27:33.229Z] GET /alerts
[2026-07-31T04:27:33.230Z] GET /alerts

[2026-07-31T04:27:33.231Z]
GET
/alerts
[2026-07-31T04:27:36.224Z] GET /zone/state
[2026-07-31T04:27:36.226Z] GET /zone/state

[2026-07-31T04:27:36.226Z]
GET
/zone/state
[2026-07-31T04:27:36.232Z] GET /alerts
[2026-07-31T04:27:36.233Z] GET /alerts

[2026-07-31T04:27:36.234Z]
GET
/alerts
[2026-07-31T04:27:39.234Z] GET /zone/state
[2026-07-31T04:27:39.235Z] GET /zone/state

[2026-07-31T04:27:39.235Z]
GET
/zone/state
[2026-07-31T04:27:39.241Z] GET /alerts
[2026-07-31T04:27:39.242Z] GET /alerts

[2026-07-31T04:27:39.242Z]
GET
/alerts
[2026-07-31T04:27:42.232Z] GET /zone/state
[2026-07-31T04:27:42.233Z] GET /zone/state

[2026-07-31T04:27:42.233Z]
GET
/zone/state
[2026-07-31T04:27:42.239Z] GET /alerts
[2026-07-31T04:27:42.240Z] GET /alerts

[2026-07-31T04:27:42.240Z]
GET
/alerts
[2026-07-31T04:27:45.235Z] GET /zone/state
[2026-07-31T04:27:45.236Z] GET /zone/state

[2026-07-31T04:27:45.237Z]
GET
/zone/state
[2026-07-31T04:27:45.243Z] GET /alerts
[2026-07-31T04:27:45.243Z] GET /alerts

[2026-07-31T04:27:45.244Z]
GET
/alerts
[2026-07-31T04:27:48.233Z] GET /zone/state
[2026-07-31T04:27:48.233Z] GET /zone/state

[2026-07-31T04:27:48.234Z]
GET
/zone/state
[2026-07-31T04:27:48.238Z] GET /alerts
[2026-07-31T04:27:48.239Z] GET /alerts

[2026-07-31T04:27:48.239Z]
GET
/alerts
[2026-07-31T04:27:51.221Z] GET /zone/state
[2026-07-31T04:27:51.222Z] GET /zone/state

[2026-07-31T04:27:51.223Z]
GET
/zone/state
[2026-07-31T04:27:51.227Z] GET /alerts
[2026-07-31T04:27:51.228Z] GET /alerts

[2026-07-31T04:27:51.228Z]
GET
/alerts
[2026-07-31T04:27:54.229Z] GET /zone/state
[2026-07-31T04:27:54.230Z] GET /zone/state

[2026-07-31T04:27:54.230Z]
GET
/zone/state
[2026-07-31T04:27:54.235Z] GET /alerts
[2026-07-31T04:27:54.236Z] GET /alerts

[2026-07-31T04:27:54.237Z]
GET
/alerts
[2026-07-31T04:27:57.223Z] GET /zone/state
[2026-07-31T04:27:57.224Z] GET /zone/state

[2026-07-31T04:27:57.224Z]
GET
/zone/state
[2026-07-31T04:27:57.230Z] GET /alerts
[2026-07-31T04:27:57.230Z] GET /alerts

[2026-07-31T04:27:57.231Z]
GET
/alerts
[2026-07-31T04:28:00.223Z] GET /zone/state
[2026-07-31T04:28:00.224Z] GET /zone/state

[2026-07-31T04:28:00.225Z]
GET
/zone/state
[2026-07-31T04:28:00.231Z] GET /alerts
[2026-07-31T04:28:00.232Z] GET /alerts

[2026-07-31T04:28:00.233Z]
GET
/alerts
[2026-07-31T04:28:03.226Z] GET /zone/state
[2026-07-31T04:28:03.227Z] GET /zone/state

[2026-07-31T04:28:03.228Z]
GET
/zone/state
[2026-07-31T04:28:03.233Z] GET /alerts
[2026-07-31T04:28:03.234Z] GET /alerts

[2026-07-31T04:28:03.235Z]
GET
/alerts
[2026-07-31T04:28:06.229Z] GET /zone/state
[2026-07-31T04:28:06.229Z] GET /zone/state

[2026-07-31T04:28:06.230Z]
GET
/zone/state
[2026-07-31T04:28:06.235Z] GET /alerts
[2026-07-31T04:28:06.236Z] GET /alerts

[2026-07-31T04:28:06.238Z]
GET
/alerts
[2026-07-31T04:28:09.232Z] GET /zone/state
[2026-07-31T04:28:09.232Z] GET /zone/state

[2026-07-31T04:28:09.234Z]
GET
/zone/state
[2026-07-31T04:28:09.240Z] GET /alerts
[2026-07-31T04:28:09.241Z] GET /alerts

[2026-07-31T04:28:09.242Z]
GET
/alerts
[2026-07-31T04:28:12.231Z] GET /zone/state
[2026-07-31T04:28:12.232Z] GET /zone/state

[2026-07-31T04:28:12.232Z]
GET
/zone/state
[2026-07-31T04:28:12.237Z] GET /alerts
[2026-07-31T04:28:12.238Z] GET /alerts

[2026-07-31T04:28:12.238Z]
GET
/alerts
[2026-07-31T04:28:15.227Z] GET /zone/state
[2026-07-31T04:28:15.227Z] GET /zone/state

[2026-07-31T04:28:15.228Z]
GET
/zone/state
[2026-07-31T04:28:15.233Z] GET /alerts
[2026-07-31T04:28:15.234Z] GET /alerts

[2026-07-31T04:28:15.234Z]
GET
/alerts
[2026-07-31T04:28:18.234Z] GET /zone/state
[2026-07-31T04:28:18.235Z] GET /zone/state

[2026-07-31T04:28:18.236Z]
GET
/zone/state
[2026-07-31T04:28:18.258Z] GET /alerts
[2026-07-31T04:28:18.259Z] GET /alerts

[2026-07-31T04:28:18.259Z]
GET
/alerts
[2026-07-31T04:28:21.221Z] GET /zone/state
[2026-07-31T04:28:21.222Z] GET /zone/state

[2026-07-31T04:28:21.222Z]
GET
/zone/state
[2026-07-31T04:28:21.227Z] GET /alerts
[2026-07-31T04:28:21.227Z] GET /alerts

[2026-07-31T04:28:21.228Z]
GET
/alerts
[2026-07-31T04:28:24.234Z] GET /zone/state
[2026-07-31T04:28:24.235Z] GET /zone/state

[2026-07-31T04:28:24.235Z]
GET
/zone/state
[2026-07-31T04:28:24.241Z] GET /alerts
[2026-07-31T04:28:24.242Z] GET /alerts

[2026-07-31T04:28:24.243Z]
GET
/alerts
[2026-07-31T04:28:27.225Z] GET /zone/state
[2026-07-31T04:28:27.227Z] GET /zone/state

[2026-07-31T04:28:27.228Z]
GET
/zone/state
[2026-07-31T04:28:27.235Z] GET /alerts
[2026-07-31T04:28:27.236Z] GET /alerts

[2026-07-31T04:28:27.236Z]
GET
/alerts
[2026-07-31T04:28:30.232Z] GET /zone/state
[2026-07-31T04:28:30.233Z] GET /zone/state

[2026-07-31T04:28:30.233Z]
GET
/zone/state
[2026-07-31T04:28:30.237Z] GET /alerts
[2026-07-31T04:28:30.238Z] GET /alerts

[2026-07-31T04:28:30.239Z]
GET
/alerts
[2026-07-31T04:28:33.227Z] GET /zone/state
[2026-07-31T04:28:33.228Z] GET /zone/state

[2026-07-31T04:28:33.228Z]
GET
/zone/state
[2026-07-31T04:28:33.234Z] GET /alerts
[2026-07-31T04:28:33.235Z] GET /alerts

[2026-07-31T04:28:33.235Z]
GET
/alerts
[2026-07-31T04:28:36.221Z] GET /zone/state
[2026-07-31T04:28:36.222Z] GET /zone/state

[2026-07-31T04:28:36.223Z]
GET
/zone/state
[2026-07-31T04:28:36.229Z] GET /alerts
[2026-07-31T04:28:36.229Z] GET /alerts

[2026-07-31T04:28:36.230Z]
GET
/alerts
[2026-07-31T04:28:39.221Z] GET /zone/state
[2026-07-31T04:28:39.222Z] GET /zone/state

[2026-07-31T04:28:39.223Z]
GET
/zone/state
[2026-07-31T04:28:39.227Z] GET /alerts
[2026-07-31T04:28:39.227Z] GET /alerts

[2026-07-31T04:28:39.228Z]
GET
/alerts
[2026-07-31T04:28:42.235Z] GET /zone/state
[2026-07-31T04:28:42.236Z] GET /zone/state

[2026-07-31T04:28:42.237Z]
GET
/zone/state
[2026-07-31T04:28:42.244Z] GET /alerts
[2026-07-31T04:28:42.245Z] GET /alerts

[2026-07-31T04:28:42.245Z]
GET
/alerts
[2026-07-31T04:28:45.221Z] GET /zone/state
[2026-07-31T04:28:45.222Z] GET /zone/state

[2026-07-31T04:28:45.224Z]
GET
/zone/state
[2026-07-31T04:28:45.229Z] GET /alerts
[2026-07-31T04:28:45.230Z] GET /alerts

[2026-07-31T04:28:45.230Z]
GET
/alerts
[2026-07-31T04:28:48.227Z] GET /zone/state
[2026-07-31T04:28:48.228Z] GET /zone/state

[2026-07-31T04:28:48.229Z]
GET
/zone/state
[2026-07-31T04:28:48.234Z] GET /alerts
[2026-07-31T04:28:48.235Z] GET /alerts

[2026-07-31T04:28:48.236Z]
GET
/alerts
[2026-07-31T04:28:51.236Z] GET /zone/state
[2026-07-31T04:28:51.237Z] GET /zone/state

[2026-07-31T04:28:51.238Z]
GET
/zone/state
[2026-07-31T04:28:51.243Z] GET /alerts
[2026-07-31T04:28:51.244Z] GET /alerts

[2026-07-31T04:28:51.244Z]
GET
/alerts
[2026-07-31T04:28:54.222Z] GET /zone/state
[2026-07-31T04:28:54.223Z] GET /zone/state

[2026-07-31T04:28:54.224Z]
GET
/zone/state
[2026-07-31T04:28:54.227Z] GET /alerts
[2026-07-31T04:28:54.228Z] GET /alerts

[2026-07-31T04:28:54.229Z]
GET
/alerts
[2026-07-31T04:28:57.232Z] GET /zone/state
[2026-07-31T04:28:57.233Z] GET /zone/state

[2026-07-31T04:28:57.233Z]
GET
/zone/state
[2026-07-31T04:28:57.238Z] GET /alerts
[2026-07-31T04:28:57.239Z] GET /alerts

[2026-07-31T04:28:57.239Z]
GET
/alerts
[2026-07-31T04:29:00.231Z] GET /zone/state
[2026-07-31T04:29:00.232Z] GET /zone/state

[2026-07-31T04:29:00.232Z]
GET
/zone/state
[2026-07-31T04:29:00.236Z] GET /alerts
[2026-07-31T04:29:00.237Z] GET /alerts

[2026-07-31T04:29:00.237Z]
GET
/alerts
[2026-07-31T04:29:03.220Z] GET /zone/state
[2026-07-31T04:29:03.221Z] GET /zone/state

[2026-07-31T04:29:03.222Z]
GET
/zone/state
[2026-07-31T04:29:03.226Z] GET /alerts
[2026-07-31T04:29:03.227Z] GET /alerts

[2026-07-31T04:29:03.227Z]
GET
/alerts
[2026-07-31T04:29:06.227Z] GET /zone/state
[2026-07-31T04:29:06.228Z] GET /zone/state

[2026-07-31T04:29:06.229Z]
GET
/zone/state
[2026-07-31T04:29:06.235Z] GET /alerts
[2026-07-31T04:29:06.235Z] GET /alerts

[2026-07-31T04:29:06.236Z]
GET
/alerts
[2026-07-31T04:29:09.218Z] GET /zone/state
[2026-07-31T04:29:09.219Z] GET /zone/state

[2026-07-31T04:29:09.219Z]
GET
/zone/state
[2026-07-31T04:29:09.225Z] GET /alerts
[2026-07-31T04:29:09.226Z] GET /alerts

[2026-07-31T04:29:09.227Z]
GET
/alerts
[2026-07-31T04:29:12.221Z] GET /zone/state
[2026-07-31T04:29:12.222Z] GET /zone/state

[2026-07-31T04:29:12.223Z]
GET
/zone/state
[2026-07-31T04:29:12.227Z] GET /alerts
[2026-07-31T04:29:12.227Z] GET /alerts

[2026-07-31T04:29:12.228Z]
GET
/alerts
[2026-07-31T04:29:15.232Z] GET /zone/state
[2026-07-31T04:29:15.232Z] GET /zone/state

[2026-07-31T04:29:15.234Z]
GET
/zone/state
[2026-07-31T04:29:15.240Z] GET /alerts
[2026-07-31T04:29:15.241Z] GET /alerts

[2026-07-31T04:29:15.242Z]
GET
/alerts
[2026-07-31T04:29:18.224Z] GET /zone/state
[2026-07-31T04:29:18.225Z] GET /zone/state

[2026-07-31T04:29:18.226Z]
GET
/zone/state
[2026-07-31T04:29:18.231Z] GET /alerts
[2026-07-31T04:29:18.232Z] GET /alerts

[2026-07-31T04:29:18.233Z]
GET
/alerts
[2026-07-31T04:29:21.224Z] GET /zone/state
[2026-07-31T04:29:21.225Z] GET /zone/state

[2026-07-31T04:29:21.225Z]
GET
/zone/state
[2026-07-31T04:29:21.230Z] GET /alerts
[2026-07-31T04:29:21.231Z] GET /alerts

[2026-07-31T04:29:21.232Z]
GET
/alerts
[2026-07-31T04:29:24.228Z] GET /zone/state
[2026-07-31T04:29:24.229Z] GET /zone/state

[2026-07-31T04:29:24.232Z]
GET
/zone/state
[2026-07-31T04:29:24.239Z] GET /alerts
[2026-07-31T04:29:24.240Z] GET /alerts

[2026-07-31T04:29:24.242Z]
GET
/alerts
[2026-07-31T04:29:27.229Z] GET /zone/state
[2026-07-31T04:29:27.230Z] GET /zone/state

[2026-07-31T04:29:27.232Z]
GET
/zone/state
[2026-07-31T04:29:27.245Z] GET /alerts
[2026-07-31T04:29:27.247Z] GET /alerts

[2026-07-31T04:29:27.248Z]
GET
/alerts
[2026-07-31T04:29:30.235Z] GET /zone/state
[2026-07-31T04:29:30.237Z] GET /zone/state

[2026-07-31T04:29:30.238Z]
GET
/zone/state
[2026-07-31T04:29:30.245Z] GET /alerts
[2026-07-31T04:29:30.245Z] GET /alerts

[2026-07-31T04:29:30.248Z]
GET
/alerts
[2026-07-31T04:29:33.232Z] GET /zone/state
[2026-07-31T04:29:33.233Z] GET /zone/state

[2026-07-31T04:29:33.234Z]
GET
/zone/state
[2026-07-31T04:29:33.240Z] GET /alerts
[2026-07-31T04:29:33.240Z] GET /alerts

[2026-07-31T04:29:33.241Z]
GET
/alerts
[2026-07-31T04:29:36.234Z] GET /zone/state
[2026-07-31T04:29:36.235Z] GET /zone/state

[2026-07-31T04:29:36.240Z]
GET
/zone/state
[2026-07-31T04:29:36.247Z] GET /alerts
[2026-07-31T04:29:36.248Z] GET /alerts

[2026-07-31T04:29:36.250Z]
GET
/alerts
[2026-07-31T04:29:39.229Z] GET /zone/state
[2026-07-31T04:29:39.230Z] GET /zone/state

[2026-07-31T04:29:39.231Z]
GET
/zone/state
[2026-07-31T04:29:39.237Z] GET /alerts
[2026-07-31T04:29:39.238Z] GET /alerts

[2026-07-31T04:29:39.238Z]
GET
/alerts
[2026-07-31T04:29:42.225Z] GET /zone/state
[2026-07-31T04:29:42.226Z] GET /zone/state

[2026-07-31T04:29:42.226Z]
GET
/zone/state
[2026-07-31T04:29:42.232Z] GET /alerts
[2026-07-31T04:29:42.232Z] GET /alerts

[2026-07-31T04:29:42.233Z]
GET
/alerts
[2026-07-31T04:29:45.234Z] GET /zone/state
[2026-07-31T04:29:45.235Z] GET /zone/state

[2026-07-31T04:29:45.235Z]
GET
/zone/state
[2026-07-31T04:29:45.240Z] GET /alerts
[2026-07-31T04:29:45.241Z] GET /alerts

[2026-07-31T04:29:45.242Z]
GET
/alerts
[2026-07-31T04:29:48.225Z] GET /zone/state
[2026-07-31T04:29:48.226Z] GET /zone/state

[2026-07-31T04:29:48.227Z]
GET
/zone/state
[2026-07-31T04:29:48.233Z] GET /alerts
[2026-07-31T04:29:48.234Z] GET /alerts

[2026-07-31T04:29:48.235Z]
GET
/alerts
[2026-07-31T04:29:51.232Z] GET /zone/state
[2026-07-31T04:29:51.233Z] GET /zone/state

[2026-07-31T04:29:51.234Z]
GET
/zone/state
[2026-07-31T04:29:51.239Z] GET /alerts
[2026-07-31T04:29:51.240Z] GET /alerts

[2026-07-31T04:29:51.240Z]
GET
/alerts
[2026-07-31T04:29:54.228Z] GET /zone/state
[2026-07-31T04:29:54.229Z] GET /zone/state

[2026-07-31T04:29:54.230Z]
GET
/zone/state
[2026-07-31T04:29:54.234Z] GET /alerts
[2026-07-31T04:29:54.235Z] GET /alerts

[2026-07-31T04:29:54.236Z]
GET
/alerts
[2026-07-31T04:29:57.224Z] GET /zone/state
[2026-07-31T04:29:57.224Z] GET /zone/state

[2026-07-31T04:29:57.225Z]
GET
/zone/state
[2026-07-31T04:29:57.230Z] GET /alerts
[2026-07-31T04:29:57.231Z] GET /alerts

[2026-07-31T04:29:57.231Z]
GET
/alerts
[2026-07-31T04:30:00.229Z] GET /zone/state
[2026-07-31T04:30:00.230Z] GET /zone/state

[2026-07-31T04:30:00.231Z]
GET
/zone/state
[2026-07-31T04:30:00.236Z] GET /alerts
[2026-07-31T04:30:00.236Z] GET /alerts

[2026-07-31T04:30:00.238Z]
GET
/alerts
[2026-07-31T04:30:03.232Z] GET /zone/state
[2026-07-31T04:30:03.233Z] GET /zone/state

[2026-07-31T04:30:03.236Z]
GET
/zone/state
[2026-07-31T04:30:03.243Z] GET /alerts
[2026-07-31T04:30:03.244Z] GET /alerts

[2026-07-31T04:30:03.244Z]
GET
/alerts
[2026-07-31T04:30:06.230Z] GET /zone/state
[2026-07-31T04:30:06.230Z] GET /zone/state

[2026-07-31T04:30:06.231Z]
GET
/zone/state
[2026-07-31T04:30:06.236Z] GET /alerts
[2026-07-31T04:30:06.236Z] GET /alerts

[2026-07-31T04:30:06.237Z]
GET
/alerts
[2026-07-31T04:30:09.226Z] GET /zone/state
[2026-07-31T04:30:09.227Z] GET /zone/state

[2026-07-31T04:30:09.227Z]
GET
/zone/state
[2026-07-31T04:30:09.232Z] GET /alerts
[2026-07-31T04:30:09.233Z] GET /alerts

[2026-07-31T04:30:09.234Z]
GET
/alerts
[2026-07-31T04:30:12.223Z] GET /zone/state
[2026-07-31T04:30:12.224Z] GET /zone/state

[2026-07-31T04:30:12.225Z]
GET
/zone/state
[2026-07-31T04:30:12.231Z] GET /alerts
[2026-07-31T04:30:12.232Z] GET /alerts

[2026-07-31T04:30:12.233Z]
GET
/alerts
[2026-07-31T04:30:15.224Z] GET /zone/state
[2026-07-31T04:30:15.225Z] GET /zone/state

[2026-07-31T04:30:15.226Z]
GET
/zone/state
[2026-07-31T04:30:15.230Z] GET /alerts
[2026-07-31T04:30:15.230Z] GET /alerts

[2026-07-31T04:30:15.231Z]
GET
/alerts
[2026-07-31T04:30:18.230Z] GET /zone/state
[2026-07-31T04:30:18.231Z] GET /zone/state

[2026-07-31T04:30:18.232Z]
GET
/zone/state
[2026-07-31T04:30:18.237Z] GET /alerts
[2026-07-31T04:30:18.237Z] GET /alerts

[2026-07-31T04:30:18.238Z]
GET
/alerts
[2026-07-31T04:30:21.226Z] GET /zone/state
[2026-07-31T04:30:21.227Z] GET /zone/state

[2026-07-31T04:30:21.230Z]
GET
/zone/state
[2026-07-31T04:30:21.242Z] GET /alerts
[2026-07-31T04:30:21.243Z] GET /alerts

[2026-07-31T04:30:21.244Z]
GET
/alerts
[2026-07-31T04:30:24.224Z] GET /zone/state
[2026-07-31T04:30:24.226Z] GET /zone/state

[2026-07-31T04:30:24.227Z]
GET
/zone/state
[2026-07-31T04:30:24.243Z] GET /alerts
[2026-07-31T04:30:24.244Z] GET /alerts

[2026-07-31T04:30:24.245Z]
GET
/alerts
[2026-07-31T04:30:27.234Z] GET /zone/state
[2026-07-31T04:30:27.236Z] GET /zone/state

[2026-07-31T04:30:27.237Z]
GET
/zone/state
[2026-07-31T04:30:27.243Z] GET /alerts
[2026-07-31T04:30:27.244Z] GET /alerts

[2026-07-31T04:30:27.245Z]
GET
/alerts
[2026-07-31T04:30:30.230Z] GET /zone/state
[2026-07-31T04:30:30.231Z] GET /zone/state

[2026-07-31T04:30:30.231Z]
GET
/zone/state
[2026-07-31T04:30:30.237Z] GET /alerts
[2026-07-31T04:30:30.238Z] GET /alerts

[2026-07-31T04:30:30.241Z]
GET
/alerts
[2026-07-31T04:30:33.221Z] GET /zone/state
[2026-07-31T04:30:33.221Z] GET /zone/state

[2026-07-31T04:30:33.222Z]
GET
/zone/state
[2026-07-31T04:30:33.227Z] GET /alerts
[2026-07-31T04:30:33.228Z] GET /alerts

[2026-07-31T04:30:33.229Z]
GET
/alerts
[2026-07-31T04:30:36.225Z] GET /zone/state
[2026-07-31T04:30:36.226Z] GET /zone/state

[2026-07-31T04:30:36.227Z]
GET
/zone/state
[2026-07-31T04:30:36.231Z] GET /alerts
[2026-07-31T04:30:36.232Z] GET /alerts

[2026-07-31T04:30:36.233Z]
GET
/alerts
[2026-07-31T04:30:39.220Z] GET /zone/state
[2026-07-31T04:30:39.221Z] GET /zone/state

[2026-07-31T04:30:39.221Z]
GET
/zone/state
[2026-07-31T04:30:39.240Z] GET /alerts
[2026-07-31T04:30:39.242Z] GET /alerts

[2026-07-31T04:30:39.243Z]
GET
/alerts
[2026-07-31T04:30:42.220Z] GET /zone/state
[2026-07-31T04:30:42.221Z] GET /zone/state

[2026-07-31T04:30:42.222Z]
GET
/zone/state
[2026-07-31T04:30:42.226Z] GET /alerts
[2026-07-31T04:30:42.226Z] GET /alerts

[2026-07-31T04:30:42.228Z]
GET
/alerts
[2026-07-31T04:30:45.229Z] GET /zone/state
[2026-07-31T04:30:45.230Z] GET /zone/state

[2026-07-31T04:30:45.232Z]
GET
/zone/state
[2026-07-31T04:30:45.237Z] GET /alerts
[2026-07-31T04:30:45.238Z] GET /alerts

[2026-07-31T04:30:45.238Z]
GET
/alerts
[2026-07-31T04:30:48.223Z] GET /zone/state
[2026-07-31T04:30:48.223Z] GET /zone/state

[2026-07-31T04:30:48.224Z]
GET
/zone/state
[2026-07-31T04:30:48.231Z] GET /alerts
[2026-07-31T04:30:48.232Z] GET /alerts

[2026-07-31T04:30:48.233Z]
GET
/alerts
[2026-07-31T04:30:51.223Z] GET /zone/state
[2026-07-31T04:30:51.224Z] GET /zone/state

[2026-07-31T04:30:51.225Z]
GET
/zone/state
[2026-07-31T04:30:51.229Z] GET /alerts
[2026-07-31T04:30:51.230Z] GET /alerts

[2026-07-31T04:30:51.231Z]
GET
/alerts
[2026-07-31T04:30:54.232Z] GET /zone/state
[2026-07-31T04:30:54.233Z] GET /zone/state

[2026-07-31T04:30:54.234Z]
GET
/zone/state
[2026-07-31T04:30:54.240Z] GET /alerts
[2026-07-31T04:30:54.241Z] GET /alerts

[2026-07-31T04:30:54.243Z]
GET
/alerts
[2026-07-31T04:30:57.229Z] GET /zone/state
[2026-07-31T04:30:57.230Z] GET /zone/state

[2026-07-31T04:30:57.231Z]
GET
/zone/state
[2026-07-31T04:30:57.236Z] GET /alerts
[2026-07-31T04:30:57.236Z] GET /alerts

[2026-07-31T04:30:57.237Z]
GET
/alerts
[2026-07-31T04:31:00.220Z] GET /zone/state
[2026-07-31T04:31:00.220Z] GET /zone/state

[2026-07-31T04:31:00.224Z]
GET
/zone/state
[2026-07-31T04:31:00.228Z] GET /alerts
[2026-07-31T04:31:00.228Z] GET /alerts

[2026-07-31T04:31:00.231Z]
GET
/alerts
[2026-07-31T04:31:03.225Z] GET /zone/state
[2026-07-31T04:31:03.226Z] GET /zone/state

[2026-07-31T04:31:03.227Z]
GET
/zone/state
[2026-07-31T04:31:03.234Z] GET /alerts
[2026-07-31T04:31:03.234Z] GET /alerts

[2026-07-31T04:31:03.235Z]
GET
/alerts
[2026-07-31T04:31:06.226Z] GET /zone/state
[2026-07-31T04:31:06.227Z] GET /zone/state

[2026-07-31T04:31:06.228Z]
GET
/zone/state
[2026-07-31T04:31:06.233Z] GET /alerts
[2026-07-31T04:31:06.234Z] GET /alerts

[2026-07-31T04:31:06.234Z]
GET
/alerts
[2026-07-31T04:31:09.229Z] GET /zone/state
[2026-07-31T04:31:09.230Z] GET /zone/state

[2026-07-31T04:31:09.231Z]
GET
/zone/state
[2026-07-31T04:31:09.236Z] GET /alerts
[2026-07-31T04:31:09.238Z] GET /alerts

[2026-07-31T04:31:09.238Z]
GET
/alerts
[2026-07-31T04:31:12.234Z] GET /zone/state
[2026-07-31T04:31:12.235Z] GET /zone/state

[2026-07-31T04:31:12.235Z]
GET
/zone/state
[2026-07-31T04:31:12.239Z] GET /alerts
[2026-07-31T04:31:12.240Z] GET /alerts

[2026-07-31T04:31:12.240Z]
GET
/alerts
[2026-07-31T04:31:15.226Z] GET /zone/state
[2026-07-31T04:31:15.227Z] GET /zone/state

[2026-07-31T04:31:15.228Z]
GET
/zone/state
[2026-07-31T04:31:15.233Z] GET /alerts
[2026-07-31T04:31:15.233Z] GET /alerts

[2026-07-31T04:31:15.234Z]
GET
/alerts
[2026-07-31T04:31:18.233Z] GET /zone/state
[2026-07-31T04:31:18.234Z] GET /zone/state

[2026-07-31T04:31:18.235Z]
GET
/zone/state
[2026-07-31T04:31:18.239Z] GET /alerts
[2026-07-31T04:31:18.240Z] GET /alerts

[2026-07-31T04:31:18.240Z]
GET
/alerts
[2026-07-31T04:31:21.223Z] GET /zone/state
[2026-07-31T04:31:21.224Z] GET /zone/state

[2026-07-31T04:31:21.225Z]
GET
/zone/state
[2026-07-31T04:31:21.230Z] GET /alerts
[2026-07-31T04:31:21.231Z] GET /alerts

[2026-07-31T04:31:21.231Z]
GET
/alerts
[2026-07-31T04:31:24.221Z] GET /zone/state
[2026-07-31T04:31:24.222Z] GET /zone/state

[2026-07-31T04:31:24.224Z]
GET
/zone/state
[2026-07-31T04:31:24.230Z] GET /alerts
[2026-07-31T04:31:24.231Z] GET /alerts

[2026-07-31T04:31:24.231Z]
GET
/alerts
[2026-07-31T04:31:27.228Z] GET /zone/state
[2026-07-31T04:31:27.229Z] GET /zone/state

[2026-07-31T04:31:27.230Z]
GET
/zone/state
[2026-07-31T04:31:27.236Z] GET /alerts
[2026-07-31T04:31:27.237Z] GET /alerts

[2026-07-31T04:31:27.238Z]
GET
/alerts
[2026-07-31T04:32:17.004Z] GET /zone/state
[2026-07-31T04:32:17.005Z] GET /zone/state

[2026-07-31T04:32:17.005Z]
GET
/zone/state
[2026-07-31T04:32:17.018Z] GET /alerts
[2026-07-31T04:32:17.019Z] GET /alerts

[2026-07-31T04:32:17.020Z]
GET
/alerts
[2026-07-31T04:53:31.767Z] GET /zone/state
[2026-07-31T04:53:31.769Z] GET /zone/state

[2026-07-31T04:53:31.770Z]
GET
/zone/state
[2026-07-31T04:53:31.971Z] GET /zone/state
[2026-07-31T04:53:31.972Z] GET /zone/state

[2026-07-31T04:53:31.972Z]
GET
/zone/state
[2026-07-31T04:53:32.001Z] GET /alerts
[2026-07-31T04:53:32.002Z] GET /alerts

[2026-07-31T04:53:32.003Z]
GET
/alerts
[2026-07-31T04:53:32.026Z] GET /alerts
[2026-07-31T04:53:32.027Z] GET /alerts

[2026-07-31T04:53:32.027Z]
GET
/alerts
[2026-07-31T04:53:34.841Z] GET /zone/state
[2026-07-31T04:53:34.842Z] GET /zone/state

[2026-07-31T04:53:34.846Z]
GET
/zone/state
[2026-07-31T04:53:34.926Z] GET /alerts
[2026-07-31T04:53:34.927Z] GET /alerts

[2026-07-31T04:53:34.928Z]
GET
/alerts
[2026-07-31T04:53:36.220Z] GET /zone/state
[2026-07-31T04:53:36.221Z] GET /zone/state

[2026-07-31T04:53:36.221Z]
GET
/zone/state
[2026-07-31T04:53:36.227Z] GET /alerts
[2026-07-31T04:53:36.227Z] GET /alerts

[2026-07-31T04:53:36.228Z]
GET
/alerts
[2026-07-31T04:53:39.225Z] GET /zone/state
[2026-07-31T04:53:39.226Z] GET /zone/state

[2026-07-31T04:53:39.226Z]
GET
/zone/state
[2026-07-31T04:53:39.231Z] GET /alerts
[2026-07-31T04:53:39.232Z] GET /alerts

[2026-07-31T04:53:39.232Z]
GET
/alerts
[2026-07-31T04:53:42.227Z] GET /zone/state
[2026-07-31T04:53:42.228Z] GET /zone/state

[2026-07-31T04:53:42.229Z]
GET
/zone/state
[2026-07-31T04:53:42.233Z] GET /alerts
[2026-07-31T04:53:42.234Z] GET /alerts

[2026-07-31T04:53:42.235Z]
GET
/alerts
[2026-07-31T04:53:45.222Z] GET /zone/state
[2026-07-31T04:53:45.223Z] GET /zone/state

[2026-07-31T04:53:45.224Z]
GET
/zone/state
[2026-07-31T04:53:45.229Z] GET /alerts
[2026-07-31T04:53:45.230Z] GET /alerts

[2026-07-31T04:53:45.230Z]
GET
/alerts
[2026-07-31T04:53:48.220Z] GET /zone/state
[2026-07-31T04:53:48.221Z] GET /zone/state

[2026-07-31T04:53:48.222Z]
GET
/zone/state
[2026-07-31T04:53:48.227Z] GET /alerts
[2026-07-31T04:53:48.227Z] GET /alerts

[2026-07-31T04:53:48.228Z]
GET
/alerts
[2026-07-31T04:53:51.231Z] GET /zone/state
[2026-07-31T04:53:51.232Z] GET /zone/state

[2026-07-31T04:53:51.233Z]
GET
/zone/state
[2026-07-31T04:53:51.241Z] GET /alerts
[2026-07-31T04:53:51.242Z] GET /alerts

[2026-07-31T04:53:51.248Z]
GET
/alerts
[2026-07-31T04:53:54.221Z] GET /zone/state
[2026-07-31T04:53:54.222Z] GET /zone/state

[2026-07-31T04:53:54.224Z]
GET
/zone/state
[2026-07-31T04:53:54.229Z] GET /alerts
[2026-07-31T04:53:54.230Z] GET /alerts

[2026-07-31T04:53:54.232Z]
GET
/alerts
[2026-07-31T04:53:57.228Z] GET /zone/state
[2026-07-31T04:53:57.230Z] GET /zone/state

[2026-07-31T04:53:57.231Z]
GET
/zone/state
[2026-07-31T04:53:57.236Z] GET /alerts
[2026-07-31T04:53:57.236Z] GET /alerts

[2026-07-31T04:53:57.237Z]
GET
/alerts
[2026-07-31T04:54:00.233Z] GET /zone/state
[2026-07-31T04:54:00.235Z] GET /zone/state

[2026-07-31T04:54:00.236Z]
GET
/zone/state
[2026-07-31T04:54:00.242Z] GET /alerts
[2026-07-31T04:54:00.243Z] GET /alerts

[2026-07-31T04:54:00.243Z]
GET
/alerts
[2026-07-31T04:54:03.231Z] GET /zone/state
[2026-07-31T04:54:03.232Z] GET /zone/state

[2026-07-31T04:54:03.232Z]
GET
/zone/state
[2026-07-31T04:54:03.236Z] GET /alerts
[2026-07-31T04:54:03.237Z] GET /alerts

[2026-07-31T04:54:03.237Z]
GET
/alerts
[2026-07-31T04:54:06.219Z] GET /zone/state
[2026-07-31T04:54:06.220Z] GET /zone/state

[2026-07-31T04:54:06.220Z]
GET
/zone/state
[2026-07-31T04:54:06.225Z] GET /alerts
[2026-07-31T04:54:06.226Z] GET /alerts

[2026-07-31T04:54:06.226Z]
GET
/alerts
[2026-07-31T04:54:09.227Z] GET /zone/state
[2026-07-31T04:54:09.227Z] GET /zone/state

[2026-07-31T04:54:09.228Z]
GET
/zone/state
[2026-07-31T04:54:09.233Z] GET /alerts
[2026-07-31T04:54:09.234Z] GET /alerts

[2026-07-31T04:54:09.235Z]
GET
/alerts
[2026-07-31T04:54:12.231Z] GET /zone/state
[2026-07-31T04:54:12.232Z] GET /zone/state

[2026-07-31T04:54:12.232Z]
GET
/zone/state
[2026-07-31T04:54:12.236Z] GET /alerts
[2026-07-31T04:54:12.237Z] GET /alerts

[2026-07-31T04:54:12.237Z]
GET
/alerts
[2026-07-31T04:54:15.221Z] GET /zone/state
[2026-07-31T04:54:15.223Z] GET /zone/state

[2026-07-31T04:54:15.224Z]
GET
/zone/state
[2026-07-31T04:54:15.236Z] GET /alerts
[2026-07-31T04:54:15.239Z] GET /alerts

[2026-07-31T04:54:15.240Z]
GET
/alerts
[2026-07-31T04:54:16.973Z] GET /api/operations
[2026-07-31T04:54:16.974Z] GET /api/operations

[2026-07-31T04:54:16.974Z]
GET
/api/operations
[2026-07-31T04:54:16.977Z] GET /api/operations
[2026-07-31T04:54:16.978Z] GET /api/operations

[2026-07-31T04:54:16.979Z]
GET
/api/operations
[2026-07-31T05:23:44.521Z] GET /zone/state
[2026-07-31T05:23:44.523Z] GET /api/analytics/stats
[2026-07-31T05:23:44.524Z] GET /zone/state

[2026-07-31T05:23:44.524Z]
GET
/zone/state
[2026-07-31T05:23:44.528Z] GET /api/analytics/stats

[2026-07-31T05:23:44.529Z]
GET
/api/analytics/stats
[2026-07-31T05:23:44.532Z] GET /zone/state
[2026-07-31T05:23:44.533Z] GET /api/analytics/stats
[2026-07-31T05:23:44.535Z] GET /zone/state

[2026-07-31T05:23:44.536Z]
GET
/zone/state
[2026-07-31T05:23:44.542Z] GET /api/analytics/stats

[2026-07-31T05:23:44.543Z]
GET
/api/analytics/stats
[2026-07-31T05:23:44.574Z] GET /alerts
[2026-07-31T05:23:44.574Z] GET /alerts

[2026-07-31T05:23:44.575Z]
GET
/alerts
[2026-07-31T05:23:44.579Z] GET /alerts
[2026-07-31T05:23:44.580Z] GET /alerts

[2026-07-31T05:23:44.581Z]
GET
/alerts
[2026-07-31T05:23:47.533Z] GET /zone/state
[2026-07-31T05:23:47.534Z] GET /zone/state

[2026-07-31T05:23:47.534Z]
GET
/zone/state
[2026-07-31T05:23:47.539Z] GET /alerts
[2026-07-31T05:23:47.539Z] GET /alerts

[2026-07-31T05:23:47.540Z]
GET
/alerts
[2026-07-31T05:23:50.525Z] GET /zone/state
[2026-07-31T05:23:50.525Z] GET /zone/state

[2026-07-31T05:23:50.526Z]
GET
/zone/state
[2026-07-31T05:23:50.533Z] GET /alerts
[2026-07-31T05:23:50.533Z] GET /alerts

[2026-07-31T05:23:50.534Z]
GET
/alerts
[2026-07-31T05:23:53.522Z] GET /zone/state
[2026-07-31T05:23:53.523Z] GET /zone/state

[2026-07-31T05:23:53.524Z]
GET
/zone/state
[2026-07-31T05:23:53.530Z] GET /alerts
[2026-07-31T05:23:53.531Z] GET /alerts

[2026-07-31T05:23:53.533Z]
GET
/alerts
[2026-07-31T05:23:55.570Z] GET /api/operations
[2026-07-31T05:23:55.571Z] GET /api/operations

[2026-07-31T05:23:55.572Z]
GET
/api/operations
[2026-07-31T05:23:55.574Z] GET /api/operations
[2026-07-31T05:23:55.575Z] GET /api/operations

[2026-07-31T05:23:55.576Z]
GET
/api/operations
[2026-07-31T05:28:59.978Z] GET /zone/state
[2026-07-31T05:28:59.983Z] GET /api/analytics/stats
[2026-07-31T05:28:59.984Z] GET /zone/state

[2026-07-31T05:28:59.986Z]
GET
/zone/state
[2026-07-31T05:29:00.003Z] GET /zone/state
[2026-07-31T05:29:00.004Z] GET /api/analytics/stats

[2026-07-31T05:29:00.006Z]
GET
/api/analytics/stats
[2026-07-31T05:29:00.015Z] GET /api/analytics/stats
[2026-07-31T05:29:00.017Z] GET /alerts
[2026-07-31T05:29:00.018Z] GET /zone/state

[2026-07-31T05:29:00.019Z]
GET
/zone/state
[2026-07-31T05:29:00.025Z] GET /api/analytics/stats

[2026-07-31T05:29:00.026Z]
GET
/api/analytics/stats
[2026-07-31T05:29:00.030Z] GET /alerts

[2026-07-31T05:29:00.031Z]
GET
/alerts
[2026-07-31T05:29:00.043Z] GET /alerts
[2026-07-31T05:29:00.047Z] GET /alerts

[2026-07-31T05:29:00.049Z]
GET
/alerts
[2026-07-31T05:29:01.749Z] GET /api/operations
[2026-07-31T05:29:01.750Z] GET /api/operations

[2026-07-31T05:29:01.750Z]
GET
/api/operations
[2026-07-31T05:29:01.753Z] GET /api/operations
[2026-07-31T05:29:01.754Z] GET /api/operations

[2026-07-31T05:29:01.754Z]
GET
/api/operations
[2026-07-31T05:39:58.926Z] GET /api/operations
[2026-07-31T05:39:58.928Z] GET /api/operations

[2026-07-31T05:39:58.928Z]
GET
/api/operations
[2026-07-31T05:40:04.269Z] GET /api/operations
[2026-07-31T05:40:04.270Z] GET /api/operations

[2026-07-31T05:40:04.270Z]
GET
/api/operations
[2026-07-31T05:51:12.730Z] GET /api/operations
[2026-07-31T05:51:12.731Z] GET /api/operations

[2026-07-31T05:51:12.731Z]
GET
/api/operations
[2026-07-31T05:51:17.607Z] GET /zone/state
[2026-07-31T05:51:17.608Z] GET /zone/state

[2026-07-31T05:51:17.609Z]
GET
/zone/state
[2026-07-31T05:51:17.614Z] GET /zone/state
[2026-07-31T05:51:17.615Z] GET /api/analytics/stats
[2026-07-31T05:51:17.616Z] GET /zone/state

[2026-07-31T05:51:17.617Z]
GET
/zone/state
[2026-07-31T05:51:17.620Z] GET /api/analytics/stats

[2026-07-31T05:51:17.621Z]
GET
/api/analytics/stats
[2026-07-31T05:51:17.625Z] GET /api/analytics/stats
[2026-07-31T05:51:17.626Z] GET /api/analytics/stats

[2026-07-31T05:51:17.627Z]
GET
/api/analytics/stats
[2026-07-31T05:51:17.638Z] GET /alerts
[2026-07-31T05:51:17.639Z] GET /alerts

[2026-07-31T05:51:17.639Z]
GET
/alerts
[2026-07-31T05:51:17.643Z] GET /alerts
[2026-07-31T05:51:17.644Z] GET /alerts

[2026-07-31T05:51:17.645Z]
GET
/alerts
[2026-07-31T05:51:20.621Z] GET /zone/state
[2026-07-31T05:51:20.621Z] GET /zone/state

[2026-07-31T05:51:20.623Z]
GET
/zone/state
[2026-07-31T05:51:20.629Z] GET /alerts
[2026-07-31T05:51:20.630Z] GET /alerts

[2026-07-31T05:51:20.630Z]
GET
/alerts
[2026-07-31T05:51:22.357Z] GET /api/operations
[2026-07-31T05:51:22.358Z] GET /api/operations

[2026-07-31T05:51:22.359Z]
GET
/api/operations
[2026-07-31T05:51:22.361Z] GET /api/operations
[2026-07-31T05:51:22.362Z] GET /api/operations

[2026-07-31T05:51:22.363Z]
GET
/api/operations
[2026-07-31T05:51:30.133Z] GET /api/operations
[2026-07-31T05:51:30.133Z] GET /api/operations

[2026-07-31T05:51:30.134Z]
GET
/api/operations
[2026-07-31T05:59:07.514Z] GET /api/operations
[2026-07-31T05:59:07.514Z] GET /api/operations

[2026-07-31T05:59:07.515Z]
GET
/api/operations
[2026-07-31T05:59:10.819Z] GET /zone/state
[2026-07-31T05:59:10.821Z] GET /zone/state

[2026-07-31T05:59:10.822Z]
GET
/zone/state
[2026-07-31T05:59:10.826Z] GET /api/analytics/stats
[2026-07-31T05:59:10.827Z] GET /api/analytics/stats

[2026-07-31T05:59:10.828Z]
GET
/api/analytics/stats
[2026-07-31T05:59:10.831Z] GET /zone/state
[2026-07-31T05:59:10.833Z] GET /api/analytics/stats
[2026-07-31T05:59:10.834Z] GET /zone/state

[2026-07-31T05:59:10.835Z]
GET
/zone/state
[2026-07-31T05:59:10.837Z] GET /api/analytics/stats

[2026-07-31T05:59:10.838Z]
GET
/api/analytics/stats
[2026-07-31T05:59:10.850Z] GET /alerts
[2026-07-31T05:59:10.851Z] GET /alerts

[2026-07-31T05:59:10.852Z]
GET
/alerts
[2026-07-31T05:59:10.856Z] GET /alerts
[2026-07-31T05:59:10.856Z] GET /alerts

[2026-07-31T05:59:10.857Z]
GET
/alerts
[2026-07-31T05:59:12.101Z] GET /api/operations
[2026-07-31T05:59:12.103Z] GET /api/operations

[2026-07-31T05:59:12.103Z]
GET
/api/operations
[2026-07-31T05:59:12.106Z] GET /api/operations
[2026-07-31T05:59:12.107Z] GET /api/operations

[2026-07-31T05:59:12.108Z]
GET
/api/operations
[2026-07-31T06:06:22.858Z] GET /zone/state
[2026-07-31T06:06:22.864Z] GET /api/analytics/stats
[2026-07-31T06:06:22.865Z] GET /zone/state

[2026-07-31T06:06:22.867Z]
GET
/zone/state
[2026-07-31T06:06:22.880Z] GET /zone/state
[2026-07-31T06:06:22.880Z] GET /api/analytics/stats

[2026-07-31T06:06:22.881Z]
GET
/api/analytics/stats
[2026-07-31T06:06:22.886Z] GET /api/analytics/stats
[2026-07-31T06:06:22.887Z] GET /zone/state

[2026-07-31T06:06:22.888Z]
GET
/zone/state
[2026-07-31T06:06:22.892Z] GET /api/analytics/stats

[2026-07-31T06:06:22.893Z]
GET
/api/analytics/stats
[2026-07-31T06:06:22.904Z] GET /alerts
[2026-07-31T06:06:22.905Z] GET /alerts

[2026-07-31T06:06:22.906Z]
GET
/alerts
[2026-07-31T06:06:22.910Z] GET /alerts
[2026-07-31T06:06:22.912Z] GET /alerts

[2026-07-31T06:06:22.912Z]
GET
/alerts
[2026-07-31T06:06:25.858Z] GET /zone/state
[2026-07-31T06:06:25.862Z] GET /zone/state

[2026-07-31T06:06:25.864Z]
GET
/zone/state
[2026-07-31T06:06:25.870Z] GET /alerts
[2026-07-31T06:06:25.871Z] GET /alerts

[2026-07-31T06:06:25.872Z]
GET
/alerts
[2026-07-31T06:06:26.898Z] GET /api/operations
[2026-07-31T06:06:26.899Z] GET /api/operations

[2026-07-31T06:06:26.900Z]
GET
/api/operations
[2026-07-31T06:06:26.904Z] GET /api/operations
[2026-07-31T06:06:26.906Z] GET /api/operations

[2026-07-31T06:06:26.906Z]
GET
/api/operations
[2026-07-31T06:12:27.146Z] GET /api/operations
[2026-07-31T06:12:27.147Z] GET /api/operations

[2026-07-31T06:12:27.148Z]
GET
/api/operations
[2026-07-31T06:17:42.727Z] GET /api/operations
[2026-07-31T06:17:42.728Z] GET /api/operations

[2026-07-31T06:17:42.728Z]
GET
/api/operations
[2026-07-31T06:17:45.021Z] GET /zone/state
[2026-07-31T06:17:45.022Z] GET /zone/state

[2026-07-31T06:17:45.023Z]
GET
/zone/state
[2026-07-31T06:17:45.027Z] GET /zone/state
[2026-07-31T06:17:45.029Z] GET /api/analytics/stats
[2026-07-31T06:17:45.030Z] GET /zone/state

[2026-07-31T06:17:45.031Z]
GET
/zone/state
[2026-07-31T06:17:45.034Z] GET /api/analytics/stats

[2026-07-31T06:17:45.035Z]
GET
/api/analytics/stats
[2026-07-31T06:17:45.039Z] GET /api/analytics/stats
[2026-07-31T06:17:45.040Z] GET /api/analytics/stats

[2026-07-31T06:17:45.042Z]
GET
/api/analytics/stats
[2026-07-31T06:17:45.050Z] GET /alerts
[2026-07-31T06:17:45.051Z] GET /alerts

[2026-07-31T06:17:45.051Z]
GET
/alerts
[2026-07-31T06:17:45.055Z] GET /alerts
[2026-07-31T06:17:45.056Z] GET /alerts

[2026-07-31T06:17:45.057Z]
GET
/alerts
[2026-07-31T06:17:46.357Z] GET /api/operations
[2026-07-31T06:17:46.358Z] GET /api/operations

[2026-07-31T06:17:46.359Z]
GET
/api/operations
[2026-07-31T06:17:46.362Z] GET /api/operations
[2026-07-31T06:17:46.364Z] GET /api/operations

[2026-07-31T06:17:46.364Z]
GET
/api/operations
[2026-07-31T06:25:12.048Z] GET /zone/state
[2026-07-31T06:25:12.049Z] GET /api/analytics/stats
[2026-07-31T06:25:12.050Z] GET /zone/state

[2026-07-31T06:25:12.051Z]
GET
/zone/state
[2026-07-31T06:25:12.055Z] GET /api/analytics/stats

[2026-07-31T06:25:12.056Z]
GET
/api/analytics/stats
[2026-07-31T06:25:12.060Z] GET /zone/state
[2026-07-31T06:25:12.061Z] GET /api/analytics/stats
[2026-07-31T06:25:12.062Z] GET /zone/state

[2026-07-31T06:25:12.063Z]
GET
/zone/state
[2026-07-31T06:25:12.066Z] GET /api/analytics/stats

[2026-07-31T06:25:12.066Z]
GET
/api/analytics/stats
[2026-07-31T06:25:12.099Z] GET /alerts
[2026-07-31T06:25:12.100Z] GET /alerts

[2026-07-31T06:25:12.101Z]
GET
/alerts
[2026-07-31T06:25:12.105Z] GET /alerts
[2026-07-31T06:25:12.106Z] GET /alerts

[2026-07-31T06:25:12.107Z]
GET
/alerts
[2026-07-31T06:25:15.068Z] GET /zone/state
[2026-07-31T06:25:15.070Z] GET /zone/state

[2026-07-31T06:25:15.073Z]
GET
/zone/state
[2026-07-31T06:25:15.079Z] GET /alerts
[2026-07-31T06:25:15.080Z] GET /alerts

[2026-07-31T06:25:15.080Z]
GET
/alerts
[2026-07-31T06:25:18.049Z] GET /zone/state
[2026-07-31T06:25:18.050Z] GET /zone/state

[2026-07-31T06:25:18.051Z]
GET
/zone/state
[2026-07-31T06:25:18.056Z] GET /alerts
[2026-07-31T06:25:18.057Z] GET /alerts

[2026-07-31T06:25:18.057Z]
GET
/alerts
[2026-07-31T06:25:18.701Z] GET /api/operations
[2026-07-31T06:25:18.702Z] GET /api/operations

[2026-07-31T06:25:18.703Z]
GET
/api/operations
[2026-07-31T06:25:18.707Z] GET /api/operations
[2026-07-31T06:25:18.708Z] GET /api/operations

[2026-07-31T06:25:18.710Z]
GET
/api/operations
[2026-07-31T06:25:37.188Z] GET /api/operations
[2026-07-31T06:25:37.188Z] GET /api/operations

[2026-07-31T06:25:37.189Z]
GET
/api/operations
[2026-07-31T06:25:41.119Z] GET /zone/state
[2026-07-31T06:25:41.119Z] GET /zone/state

[2026-07-31T06:25:41.120Z]
GET
/zone/state
[2026-07-31T06:25:41.124Z] GET /api/analytics/stats
[2026-07-31T06:25:41.125Z] GET /zone/state
[2026-07-31T06:25:41.126Z] GET /api/analytics/stats

[2026-07-31T06:25:41.127Z]
GET
/api/analytics/stats
[2026-07-31T06:25:41.129Z] GET /zone/state

[2026-07-31T06:25:41.130Z]
GET
/zone/state
[2026-07-31T06:25:41.135Z] GET /api/analytics/stats
[2026-07-31T06:25:41.137Z] GET /alerts
[2026-07-31T06:25:41.138Z] GET /api/analytics/stats

[2026-07-31T06:25:41.139Z]
GET
/api/analytics/stats
[2026-07-31T06:25:41.142Z] GET /alerts

[2026-07-31T06:25:41.143Z]
GET
/alerts
[2026-07-31T06:25:41.159Z] GET /alerts
[2026-07-31T06:25:41.160Z] GET /alerts

[2026-07-31T06:25:41.161Z]
GET
/alerts
[2026-07-31T06:25:42.197Z] GET /api/operations
[2026-07-31T06:25:42.198Z] GET /api/operations

[2026-07-31T06:25:42.199Z]
GET
/api/operations
[2026-07-31T06:25:42.203Z] GET /api/operations
[2026-07-31T06:25:42.204Z] GET /api/operations

[2026-07-31T06:25:42.204Z]
GET
/api/operations
[2026-07-31T06:25:48.013Z] GET /api/observability
[2026-07-31T06:25:48.015Z] GET /api/observability

[2026-07-31T06:25:48.015Z]
GET
/api/observability
[2026-07-31T06:25:48.018Z] GET /api/observability
[2026-07-31T06:25:48.019Z] GET /api/observability

[2026-07-31T06:25:48.020Z]
GET
/api/observability
[2026-07-31T06:25:52.952Z] GET /api/operations
[2026-07-31T06:25:52.953Z] GET /api/operations

[2026-07-31T06:25:52.954Z]
GET
/api/operations
[2026-07-31T06:25:52.956Z] GET /api/operations
[2026-07-31T06:25:52.957Z] GET /api/operations

[2026-07-31T06:25:52.958Z]
GET
/api/operations
[2026-07-31T06:27:15.133Z] GET /zone/state
[2026-07-31T06:27:15.134Z] GET /zone/state

[2026-07-31T06:27:15.135Z]
GET
/zone/state
[2026-07-31T06:27:15.142Z] GET /api/analytics/stats
[2026-07-31T06:27:15.144Z] GET /zone/state
[2026-07-31T06:27:15.145Z] GET /api/analytics/stats

[2026-07-31T06:27:15.145Z]
GET
/api/analytics/stats
[2026-07-31T06:27:15.148Z] GET /zone/state

[2026-07-31T06:27:15.149Z]
GET
/zone/state
[2026-07-31T06:27:15.151Z] GET /api/analytics/stats
[2026-07-31T06:27:15.152Z] GET /api/analytics/stats

[2026-07-31T06:27:15.153Z]
GET
/api/analytics/stats
[2026-07-31T06:27:15.267Z] GET /alerts
[2026-07-31T06:27:15.268Z] GET /alerts

[2026-07-31T06:27:15.268Z]
GET
/alerts
[2026-07-31T06:27:15.272Z] GET /alerts
[2026-07-31T06:27:15.273Z] GET /alerts

[2026-07-31T06:27:15.274Z]
GET
/alerts
[2026-07-31T06:27:18.723Z] GET /zone/state
[2026-07-31T06:27:18.724Z] GET /zone/state

[2026-07-31T06:27:18.725Z]
GET
/zone/state
[2026-07-31T06:27:18.735Z] GET /alerts
[2026-07-31T06:27:18.736Z] GET /alerts

[2026-07-31T06:27:18.737Z]
GET
/alerts
[2026-07-31T06:27:21.717Z] GET /zone/state
[2026-07-31T06:27:21.718Z] GET /zone/state

[2026-07-31T06:27:21.719Z]
GET
/zone/state
[2026-07-31T06:27:21.725Z] GET /alerts
[2026-07-31T06:27:21.726Z] GET /alerts

[2026-07-31T06:27:21.727Z]
GET
/alerts
[2026-07-31T06:27:24.714Z] GET /zone/state
[2026-07-31T06:27:24.715Z] GET /zone/state

[2026-07-31T06:27:24.716Z]
GET
/zone/state
[2026-07-31T06:27:24.722Z] GET /alerts
[2026-07-31T06:27:24.723Z] GET /alerts

[2026-07-31T06:27:24.724Z]
GET
/alerts
[2026-07-31T06:27:27.716Z] GET /zone/state
[2026-07-31T06:27:27.718Z] GET /zone/state

[2026-07-31T06:27:27.718Z]
GET
/zone/state
[2026-07-31T06:27:27.729Z] GET /alerts
[2026-07-31T06:27:27.730Z] GET /alerts

[2026-07-31T06:27:27.731Z]
GET
/alerts
[2026-07-31T06:27:30.730Z] GET /zone/state
[2026-07-31T06:27:30.730Z] GET /zone/state

[2026-07-31T06:27:30.731Z]
GET
/zone/state
[2026-07-31T06:27:30.736Z] GET /alerts
[2026-07-31T06:27:30.737Z] GET /alerts

[2026-07-31T06:27:30.737Z]
GET
/alerts
[2026-07-31T06:27:33.148Z] GET /zone/state
[2026-07-31T06:27:33.149Z] GET /zone/state

[2026-07-31T06:27:33.150Z]
GET
/zone/state
[2026-07-31T06:27:33.155Z] GET /alerts
[2026-07-31T06:27:33.156Z] GET /alerts

[2026-07-31T06:27:33.157Z]
GET
/alerts
[2026-07-31T06:27:33.996Z] GET /api/operations
[2026-07-31T06:27:33.997Z] GET /api/operations

[2026-07-31T06:27:33.998Z]
GET
/api/operations
[2026-07-31T06:27:34.000Z] GET /api/operations
[2026-07-31T06:27:34.000Z] GET /api/operations

[2026-07-31T06:27:34.001Z]
GET
/api/operations
[2026-07-31T06:33:22.974Z] GET /zone/state
[2026-07-31T06:33:22.975Z] GET /zone/state

[2026-07-31T06:33:22.976Z]
GET
/zone/state
[2026-07-31T06:33:22.979Z] GET /zone/state
[2026-07-31T06:33:22.981Z] GET /api/analytics/stats
[2026-07-31T06:33:22.982Z] GET /zone/state

[2026-07-31T06:33:22.983Z]
GET
/zone/state
[2026-07-31T06:33:22.986Z] GET /api/analytics/stats

[2026-07-31T06:33:22.986Z]
GET
/api/analytics/stats
[2026-07-31T06:33:22.989Z] GET /api/analytics/stats
[2026-07-31T06:33:22.991Z] GET /api/analytics/stats

[2026-07-31T06:33:22.992Z]
GET
/api/analytics/stats
[2026-07-31T06:33:23.025Z] GET /alerts
[2026-07-31T06:33:23.026Z] GET /alerts

[2026-07-31T06:33:23.027Z]
GET
/alerts
[2026-07-31T06:33:23.030Z] GET /alerts
[2026-07-31T06:33:23.031Z] GET /alerts

[2026-07-31T06:33:23.032Z]
GET
/alerts
[2026-07-31T06:33:25.992Z] GET /zone/state
[2026-07-31T06:33:25.992Z] GET /zone/state

[2026-07-31T06:33:25.993Z]
GET
/zone/state
[2026-07-31T06:33:25.998Z] GET /alerts
[2026-07-31T06:33:25.998Z] GET /alerts

[2026-07-31T06:33:25.999Z]
GET
/alerts
[2026-07-31T06:33:28.990Z] GET /zone/state
[2026-07-31T06:33:28.991Z] GET /zone/state

[2026-07-31T06:33:28.992Z]
GET
/zone/state
[2026-07-31T06:33:28.997Z] GET /alerts
[2026-07-31T06:33:28.998Z] GET /alerts

[2026-07-31T06:33:28.999Z]
GET
/alerts
[2026-07-31T06:33:31.984Z] GET /zone/state
[2026-07-31T06:33:31.985Z] GET /zone/state

[2026-07-31T06:33:31.986Z]
GET
/zone/state
[2026-07-31T06:33:31.992Z] GET /alerts
[2026-07-31T06:33:31.993Z] GET /alerts

[2026-07-31T06:33:31.993Z]
GET
/alerts
[2026-07-31T06:33:32.578Z] GET /api/operations
[2026-07-31T06:33:32.579Z] GET /api/operations

[2026-07-31T06:33:32.580Z]
GET
/api/operations
[2026-07-31T06:33:32.582Z] GET /api/operations
[2026-07-31T06:33:32.583Z] GET /api/operations

[2026-07-31T06:33:32.584Z]
GET
/api/operations
[2026-07-31T06:45:36.216Z] GET /zone/state
[2026-07-31T06:45:36.218Z] GET /zone/state

[2026-07-31T06:45:36.219Z]
GET
/zone/state
[2026-07-31T06:45:36.224Z] GET /api/analytics/stats
[2026-07-31T06:45:36.225Z] GET /api/analytics/stats

[2026-07-31T06:45:36.226Z]
GET
/api/analytics/stats
[2026-07-31T06:45:36.359Z] GET /api/operations
[2026-07-31T06:45:36.360Z] GET /api/operations

[2026-07-31T06:45:36.360Z]
GET
/api/operations
[2026-07-31T06:45:36.387Z] GET /alerts
[2026-07-31T06:45:36.387Z] GET /alerts

[2026-07-31T06:45:36.388Z]
GET
/alerts
[2026-07-31T06:45:36.395Z] GET /alerts
[2026-07-31T06:45:36.396Z] GET /alerts

[2026-07-31T06:45:36.396Z]
GET
/alerts
[2026-07-31T06:45:39.486Z] GET /zone/state
[2026-07-31T06:45:39.489Z] GET /zone/state

[2026-07-31T06:45:39.490Z]
GET
/zone/state
[2026-07-31T06:45:39.495Z] GET /alerts
[2026-07-31T06:45:39.496Z] GET /alerts

[2026-07-31T06:45:39.497Z]
GET
/alerts
[2026-07-31T06:45:42.237Z] GET /zone/state
[2026-07-31T06:45:42.239Z] GET /zone/state

[2026-07-31T06:45:42.240Z]
GET
/zone/state
[2026-07-31T06:45:42.245Z] GET /alerts
[2026-07-31T06:45:42.246Z] GET /alerts

[2026-07-31T06:45:42.246Z]
GET
/alerts
[2026-07-31T06:45:42.478Z] GET /api/operations
[2026-07-31T06:45:42.479Z] GET /api/operations

[2026-07-31T06:45:42.480Z]
GET
/api/operations
[2026-07-31T06:45:42.483Z] GET /api/operations
[2026-07-31T06:45:42.484Z] GET /api/operations

[2026-07-31T06:45:42.484Z]
GET
/api/operations
[2026-07-31T06:48:24.341Z] GET /zone/state
[2026-07-31T06:48:24.342Z] GET /zone/state

[2026-07-31T06:48:24.342Z]
GET
/zone/state
[2026-07-31T06:48:24.346Z] GET /api/analytics/stats
[2026-07-31T06:48:24.347Z] GET /zone/state
[2026-07-31T06:48:24.348Z] GET /alerts
[2026-07-31T06:48:24.349Z] GET /api/analytics/stats

[2026-07-31T06:48:24.349Z]
GET
/api/analytics/stats
[2026-07-31T06:48:24.352Z] GET /zone/state

[2026-07-31T06:48:24.353Z]
GET
/zone/state
[2026-07-31T06:48:24.358Z] GET /api/analytics/stats
[2026-07-31T06:48:24.359Z] GET /alerts

[2026-07-31T06:48:24.360Z]
GET
/alerts
[2026-07-31T06:48:24.363Z] GET /api/analytics/stats

[2026-07-31T06:48:24.364Z]
GET
/api/analytics/stats
[2026-07-31T06:48:24.366Z] GET /alerts
[2026-07-31T06:48:24.368Z] GET /alerts

[2026-07-31T06:48:24.368Z]
GET
/alerts
[2026-07-31T06:48:27.347Z] GET /zone/state
[2026-07-31T06:48:27.348Z] GET /zone/state

[2026-07-31T06:48:27.349Z]
GET
/zone/state
[2026-07-31T06:48:27.354Z] GET /alerts
[2026-07-31T06:48:27.355Z] GET /alerts

[2026-07-31T06:48:27.356Z]
GET
/alerts
[2026-07-31T06:48:27.623Z] GET /api/operations
[2026-07-31T06:48:27.623Z] GET /api/operations

[2026-07-31T06:48:27.624Z]
GET
/api/operations
[2026-07-31T06:48:27.627Z] GET /api/operations
[2026-07-31T06:48:27.628Z] GET /api/operations

[2026-07-31T06:48:27.629Z]
GET
/api/operations
[2026-07-31T07:12:46.966Z] GET /api/analytics/stats
[2026-07-31T07:12:46.971Z] GET /api/analytics/stats
[2026-07-31T07:12:46.973Z] GET /zone/state
[2026-07-31T07:12:46.974Z] GET /api/analytics/stats

[2026-07-31T07:12:46.976Z]
GET
/api/analytics/stats
[2026-07-31T07:12:46.993Z] GET /api/analytics/stats

[2026-07-31T07:12:46.994Z]
GET
/api/analytics/stats
[2026-07-31T07:12:47.000Z] GET /zone/state

[2026-07-31T07:12:47.002Z]
GET
/zone/state
[2026-07-31T07:12:47.021Z] GET /zone/state
[2026-07-31T07:12:47.022Z] GET /zone/state

[2026-07-31T07:12:47.024Z]
GET
/zone/state
[2026-07-31T07:12:47.030Z] GET /alerts
[2026-07-31T07:12:47.031Z] GET /alerts

[2026-07-31T07:12:47.032Z]
GET
/alerts
[2026-07-31T07:12:47.041Z] GET /alerts
[2026-07-31T07:12:47.043Z] GET /alerts

[2026-07-31T07:12:47.044Z]
GET
/alerts
[2026-07-31T07:12:49.991Z] GET /zone/state
[2026-07-31T07:12:49.993Z] GET /zone/state

[2026-07-31T07:12:49.995Z]
GET
/zone/state
[2026-07-31T07:12:50.007Z] GET /alerts
[2026-07-31T07:12:50.019Z] GET /alerts

[2026-07-31T07:12:50.021Z]
GET
/alerts
[2026-07-31T07:12:53.026Z] GET /zone/state
[2026-07-31T07:12:53.027Z] GET /zone/state

[2026-07-31T07:12:53.029Z]
GET
/zone/state
[2026-07-31T07:12:53.035Z] GET /alerts
[2026-07-31T07:12:53.036Z] GET /alerts

[2026-07-31T07:12:53.037Z]
GET
/alerts
[2026-07-31T07:12:56.026Z] GET /zone/state
[2026-07-31T07:12:56.028Z] GET /zone/state

[2026-07-31T07:12:56.030Z]
GET
/zone/state
[2026-07-31T07:12:56.043Z] GET /alerts
[2026-07-31T07:12:56.045Z] GET /alerts

[2026-07-31T07:12:56.046Z]
GET
/alerts
[2026-07-31T07:12:58.978Z] GET /api/operations
[2026-07-31T07:12:58.979Z] GET /api/operations

[2026-07-31T07:12:58.980Z]
GET
/api/operations
[2026-07-31T07:12:58.984Z] GET /api/operations
[2026-07-31T07:12:58.986Z] GET /api/operations

[2026-07-31T07:12:58.987Z]
GET
/api/operations
[2026-07-31T07:13:22.260Z] GET /zone/state
[2026-07-31T07:13:22.261Z] GET /zone/state

[2026-07-31T07:13:22.262Z]
GET
/zone/state
[2026-07-31T07:13:22.267Z] GET /api/analytics/stats
[2026-07-31T07:13:22.268Z] GET /api/analytics/stats

[2026-07-31T07:13:22.269Z]
GET
/api/analytics/stats
[2026-07-31T07:13:22.272Z] GET /api/analytics/stats
[2026-07-31T07:13:22.273Z] GET /zone/state
[2026-07-31T07:13:22.275Z] GET /api/analytics/stats

[2026-07-31T07:13:22.275Z]
GET
/api/analytics/stats
[2026-07-31T07:13:22.278Z] GET /zone/state

[2026-07-31T07:13:22.278Z]
GET
/zone/state
[2026-07-31T07:13:22.339Z] GET /alerts
[2026-07-31T07:13:22.340Z] GET /alerts

[2026-07-31T07:13:22.340Z]
GET
/alerts
[2026-07-31T07:13:22.346Z] GET /alerts
[2026-07-31T07:13:22.348Z] GET /alerts

[2026-07-31T07:13:22.350Z]
GET
/alerts
[2026-07-31T07:13:25.312Z] GET /zone/state
[2026-07-31T07:13:25.313Z] GET /zone/state

[2026-07-31T07:13:25.314Z]
GET
/zone/state
[2026-07-31T07:13:25.322Z] GET /alerts
[2026-07-31T07:13:25.322Z] GET /alerts

[2026-07-31T07:13:25.323Z]
GET
/alerts
[2026-07-31T07:13:27.687Z] GET /api/operations
[2026-07-31T07:13:27.690Z] GET /api/operations
[2026-07-31T07:13:27.691Z] GET /api/operations

[2026-07-31T07:13:27.692Z]
GET
/api/operations
[2026-07-31T07:13:27.695Z] GET /api/operations

[2026-07-31T07:13:27.696Z]
GET
/api/operations
[2026-07-31T07:18:04.855Z] GET /zone/state
[2026-07-31T07:18:04.858Z] GET /api/analytics/stats
[2026-07-31T07:18:04.859Z] GET /api/analytics/stats
[2026-07-31T07:18:04.861Z] GET /zone/state

[2026-07-31T07:18:04.863Z]
GET
/zone/state
[2026-07-31T07:18:04.867Z] GET /api/analytics/stats

[2026-07-31T07:18:04.867Z]
GET
/api/analytics/stats
[2026-07-31T07:18:04.871Z] GET /api/analytics/stats

[2026-07-31T07:18:04.872Z]
GET
/api/analytics/stats
[2026-07-31T07:18:04.875Z] GET /zone/state
[2026-07-31T07:18:04.878Z] GET /alerts
[2026-07-31T07:18:04.880Z] GET /zone/state

[2026-07-31T07:18:04.881Z]
GET
/zone/state
[2026-07-31T07:18:04.885Z] GET /alerts

[2026-07-31T07:18:04.886Z]
GET
/alerts
[2026-07-31T07:18:04.890Z] GET /alerts
[2026-07-31T07:18:04.891Z] GET /alerts

[2026-07-31T07:18:04.892Z]
GET
/alerts
[2026-07-31T07:18:07.864Z] GET /zone/state
[2026-07-31T07:18:07.865Z] GET /zone/state

[2026-07-31T07:18:07.866Z]
GET
/zone/state
[2026-07-31T07:18:07.872Z] GET /alerts
[2026-07-31T07:18:07.873Z] GET /alerts

[2026-07-31T07:18:07.873Z]
GET
/alerts
[2026-07-31T07:18:10.082Z] GET /api/operations
[2026-07-31T07:18:10.083Z] GET /api/operations

[2026-07-31T07:18:10.084Z]
GET
/api/operations
[2026-07-31T07:18:10.100Z] GET /api/operations
[2026-07-31T07:18:10.102Z] GET /api/operations

[2026-07-31T07:18:10.103Z]
GET
/api/operations
[2026-07-31T07:23:00.780Z] GET /zone/state
[2026-07-31T07:23:00.781Z] GET /zone/state

[2026-07-31T07:23:00.782Z]
GET
/zone/state
[2026-07-31T07:23:00.785Z] GET /api/analytics/stats
[2026-07-31T07:23:00.786Z] GET /zone/state
[2026-07-31T07:23:00.788Z] GET /api/analytics/stats
[2026-07-31T07:23:00.789Z] GET /api/analytics/stats

[2026-07-31T07:23:00.790Z]
GET
/api/analytics/stats
[2026-07-31T07:23:00.793Z] GET /api/analytics/stats

[2026-07-31T07:23:00.794Z]
GET
/api/analytics/stats
[2026-07-31T07:23:00.797Z] GET /zone/state

[2026-07-31T07:23:00.798Z]
GET
/zone/state
[2026-07-31T07:23:00.801Z] GET /alerts
[2026-07-31T07:23:00.803Z] GET /alerts

[2026-07-31T07:23:00.804Z]
GET
/alerts
[2026-07-31T07:23:00.812Z] GET /alerts
[2026-07-31T07:23:00.814Z] GET /alerts

[2026-07-31T07:23:00.814Z]
GET
/alerts
[2026-07-31T07:23:02.506Z] GET /api/operations
[2026-07-31T07:23:02.508Z] GET /api/operations
[2026-07-31T07:23:02.511Z] GET /api/operations

[2026-07-31T07:23:02.512Z]
GET
/api/operations
[2026-07-31T07:23:02.514Z] GET /api/operations

[2026-07-31T07:23:02.515Z]
GET
/api/operations
[2026-07-31T07:23:55.719Z] GET /api/operations
[2026-07-31T07:23:55.720Z] GET /api/operations

[2026-07-31T07:23:55.721Z]
GET
/api/operations
[2026-07-31T07:24:21.848Z] GET /zone/state
[2026-07-31T07:24:21.850Z] GET /zone/state

[2026-07-31T07:24:21.851Z]
GET
/zone/state
[2026-07-31T07:24:21.855Z] GET /api/analytics/stats
[2026-07-31T07:24:21.856Z] GET /api/analytics/stats
[2026-07-31T07:24:21.857Z] GET /api/analytics/stats

[2026-07-31T07:24:21.857Z]
GET
/api/analytics/stats
[2026-07-31T07:24:21.861Z] GET /api/analytics/stats

[2026-07-31T07:24:21.862Z]
GET
/api/analytics/stats
[2026-07-31T07:24:21.865Z] GET /zone/state
[2026-07-31T07:24:21.867Z] GET /zone/state

[2026-07-31T07:24:21.869Z]
GET
/zone/state
[2026-07-31T07:24:21.883Z] GET /alerts
[2026-07-31T07:24:21.884Z] GET /alerts

[2026-07-31T07:24:21.884Z]
GET
/alerts
[2026-07-31T07:24:21.891Z] GET /alerts
[2026-07-31T07:24:21.892Z] GET /alerts

[2026-07-31T07:24:21.893Z]
GET
/alerts
[2026-07-31T07:24:24.846Z] GET /zone/state
[2026-07-31T07:24:24.848Z] GET /zone/state

[2026-07-31T07:24:24.849Z]
GET
/zone/state
[2026-07-31T07:24:24.864Z] GET /alerts
[2026-07-31T07:24:24.868Z] GET /alerts

[2026-07-31T07:24:24.869Z]
GET
/alerts
[2026-07-31T07:24:25.021Z] GET /api/operations
[2026-07-31T07:24:25.022Z] GET /api/operations

[2026-07-31T07:24:25.023Z]
GET
/api/operations
[2026-07-31T07:24:25.040Z] GET /api/operations
[2026-07-31T07:24:25.041Z] GET /api/operations

[2026-07-31T07:24:25.042Z]
GET
/api/operations
[2026-07-31T07:32:50.280Z] GET /api/analytics/stats
[2026-07-31T07:32:50.282Z] GET /api/analytics/stats

[2026-07-31T07:32:50.283Z]
GET
/api/analytics/stats
[2026-07-31T07:32:50.286Z] GET /api/analytics/stats
[2026-07-31T07:32:50.287Z] GET /api/analytics/stats

[2026-07-31T07:32:50.287Z]
GET
/api/analytics/stats
[2026-07-31T07:32:50.379Z] GET /zone/state
[2026-07-31T07:32:50.381Z] GET /zone/state
[2026-07-31T07:32:50.382Z] GET /zone/state

[2026-07-31T07:32:50.383Z]
GET
/zone/state
[2026-07-31T07:32:50.385Z] GET /zone/state

[2026-07-31T07:32:50.385Z]
GET
/zone/state
[2026-07-31T07:32:50.394Z] GET /alerts
[2026-07-31T07:32:50.395Z] GET /alerts
[2026-07-31T07:32:50.396Z] GET /alerts

[2026-07-31T07:32:50.397Z]
GET
/alerts
[2026-07-31T07:32:50.400Z] GET /alerts

[2026-07-31T07:32:50.401Z]
GET
/alerts
[2026-07-31T07:36:05.550Z] GET /zone/state
[2026-07-31T07:36:05.552Z] GET /api/analytics/stats
[2026-07-31T07:36:05.553Z] GET /zone/state

[2026-07-31T07:36:05.553Z]
GET
/zone/state
[2026-07-31T07:36:05.557Z] GET /api/analytics/stats

[2026-07-31T07:36:05.558Z]
GET
/api/analytics/stats
[2026-07-31T07:36:05.561Z] GET /api/analytics/stats
[2026-07-31T07:36:05.562Z] GET /zone/state
[2026-07-31T07:36:05.563Z] GET /api/analytics/stats

[2026-07-31T07:36:05.563Z]
GET
/api/analytics/stats
[2026-07-31T07:36:05.565Z] GET /zone/state

[2026-07-31T07:36:05.566Z]
GET
/zone/state
[2026-07-31T07:36:05.570Z] GET /alerts
[2026-07-31T07:36:05.571Z] GET /alerts

[2026-07-31T07:36:05.572Z]
GET
/alerts
[2026-07-31T07:36:05.579Z] GET /alerts
[2026-07-31T07:36:05.580Z] GET /alerts

[2026-07-31T07:36:05.580Z]
GET
/alerts
[2026-07-31T07:36:07.230Z] GET /api/zones
[2026-07-31T07:36:07.231Z] GET /api/zones
[2026-07-31T07:36:07.232Z] GET /api/zones

[2026-07-31T07:36:07.232Z]
GET
/api/zones
[2026-07-31T07:36:07.380Z] GET /api/zones

[2026-07-31T07:36:07.381Z]
GET
/api/zones
[2026-07-31T07:36:07.508Z] POST /api/execution/request
[2026-07-31T07:36:07.509Z] POST /api/execution/request

[2026-07-31T07:36:07.510Z]
POST
/api/execution/request
[2026-07-31T07:36:07.517Z] POST /api/execution/request
[2026-07-31T07:36:07.517Z] POST /api/execution/request

[2026-07-31T07:36:07.518Z]
POST
/api/execution/request
[2026-07-31T07:36:07.521Z] POST /api/execution/request
[2026-07-31T07:36:07.522Z] POST /api/execution/request

[2026-07-31T07:36:07.523Z]
POST
/api/execution/request
[2026-07-31T07:36:07.529Z] POST /api/execution/request
[2026-07-31T07:36:07.529Z] POST /api/execution/request

[2026-07-31T07:36:07.530Z]
POST
/api/execution/request
[2026-07-31T07:36:07.536Z] POST /api/execution/request
[2026-07-31T07:36:07.537Z] POST /api/execution/request

[2026-07-31T07:36:07.538Z]
POST
/api/execution/request
[2026-07-31T07:36:07.544Z] POST /api/execution/request
[2026-07-31T07:36:07.545Z] POST /api/execution/request

[2026-07-31T07:36:07.546Z]
POST
/api/execution/request
[2026-07-31T07:36:07.550Z] POST /api/execution/request
[2026-07-31T07:36:07.551Z] POST /api/execution/request

[2026-07-31T07:36:07.552Z]
POST
/api/execution/request
[2026-07-31T07:36:07.558Z] POST /api/execution/request
[2026-07-31T07:36:07.559Z] POST /api/execution/request

[2026-07-31T07:36:07.561Z]
POST
/api/execution/request
[2026-07-31T07:36:14.231Z] POST /action/trigger
[2026-07-31T07:36:14.232Z] POST /action/trigger

[2026-07-31T07:36:14.234Z]
POST
/action/trigger
[2026-07-31T07:36:16.510Z] POST /action/trigger
[2026-07-31T07:36:16.511Z] POST /action/trigger

[2026-07-31T07:36:16.511Z]
POST
/action/trigger
[2026-07-31T07:36:18.265Z] POST /action/trigger
[2026-07-31T07:36:18.266Z] POST /action/trigger

[2026-07-31T07:36:18.267Z]
POST
/action/trigger
[2026-07-31T07:36:21.494Z] POST /action/trigger
[2026-07-31T07:36:21.495Z] POST /action/trigger

[2026-07-31T07:36:21.495Z]
POST
/action/trigger
[2026-07-31T07:36:23.249Z] POST /action/trigger
[2026-07-31T07:36:23.250Z] POST /action/trigger

[2026-07-31T07:36:23.250Z]
POST
/action/trigger
[2026-07-31T07:36:25.211Z] POST /action/trigger
[2026-07-31T07:36:25.211Z] POST /action/trigger

[2026-07-31T07:36:25.212Z]
POST
/action/trigger
[2026-07-31T07:36:28.255Z] POST /action/trigger
[2026-07-31T07:36:28.256Z] POST /action/trigger

[2026-07-31T07:36:28.256Z]
POST
/action/trigger
[2026-07-31T07:36:30.769Z] POST /action/trigger
[2026-07-31T07:36:30.769Z] POST /action/trigger

[2026-07-31T07:36:30.770Z]
POST
/action/trigger
[2026-07-31T07:36:36.372Z] GET /api/zone/intelligence?zone_id=1
[2026-07-31T07:36:36.373Z] GET /api/zone/intelligence?zone_id=1

[2026-07-31T07:36:36.374Z]
GET
/api/zone/intelligence?zone_id=1
[2026-07-31T07:36:36.382Z] GET /api/zone/intelligence?zone_id=2
[2026-07-31T07:36:36.383Z] GET /api/zone/intelligence?zone_id=3
[2026-07-31T07:36:36.384Z] GET /api/zone/intelligence?zone_id=4
[2026-07-31T07:36:36.385Z] GET /api/zone/intelligence?zone_id=5
[2026-07-31T07:36:36.388Z] GET /api/zone/intelligence?zone_id=6
[2026-07-31T07:36:36.389Z] GET /api/zone/intelligence?zone_id=2

[2026-07-31T07:36:36.389Z]
GET
/api/zone/intelligence?zone_id=2
[2026-07-31T07:36:36.393Z] GET /api/zone/intelligence?zone_id=3

[2026-07-31T07:36:36.395Z]
GET
/api/zone/intelligence?zone_id=3
[2026-07-31T07:36:36.397Z] GET /api/zone/intelligence?zone_id=4

[2026-07-31T07:36:36.398Z]
GET
/api/zone/intelligence?zone_id=4
[2026-07-31T07:36:36.401Z] GET /api/zone/intelligence?zone_id=5

[2026-07-31T07:36:36.401Z]
GET
/api/zone/intelligence?zone_id=5
[2026-07-31T07:36:36.405Z] GET /api/zone/intelligence?zone_id=1
[2026-07-31T07:36:36.406Z] GET /api/zone/intelligence?zone_id=2
[2026-07-31T07:36:36.407Z] GET /api/zone/intelligence?zone_id=3
[2026-07-31T07:36:36.408Z] GET /api/zone/intelligence?zone_id=4
[2026-07-31T07:36:36.409Z] GET /api/zone/intelligence?zone_id=6
[2026-07-31T07:36:36.410Z] GET /api/zone/intelligence?zone_id=5
[2026-07-31T07:36:36.410Z] GET /api/zone/intelligence?zone_id=6

[2026-07-31T07:36:36.411Z]
GET
/api/zone/intelligence?zone_id=6
[2026-07-31T07:36:36.414Z] GET /api/zone/intelligence?zone_id=1

[2026-07-31T07:36:36.416Z]
GET
/api/zone/intelligence?zone_id=1
[2026-07-31T07:36:36.418Z] GET /api/zone/intelligence?zone_id=2

[2026-07-31T07:36:36.419Z]
GET
/api/zone/intelligence?zone_id=2
[2026-07-31T07:36:36.421Z] GET /api/zone/intelligence?zone_id=3

[2026-07-31T07:36:36.422Z]
GET
/api/zone/intelligence?zone_id=3
[2026-07-31T07:36:36.425Z] GET /api/zone/intelligence?zone_id=4

[2026-07-31T07:36:36.426Z]
GET
/api/zone/intelligence?zone_id=4
[2026-07-31T07:36:36.428Z] GET /api/zone/intelligence?zone_id=6

[2026-07-31T07:36:36.429Z]
GET
/api/zone/intelligence?zone_id=6
[2026-07-31T07:36:36.433Z] GET /api/zone/intelligence?zone_id=5

[2026-07-31T07:36:36.433Z]
GET
/api/zone/intelligence?zone_id=5
[2026-07-31T07:36:40.223Z] GET /api/zones/intelligence
[2026-07-31T07:36:40.224Z] GET /api/zones/intelligence
[2026-07-31T07:36:40.224Z] GET /api/zones/intelligence

[2026-07-31T07:36:40.225Z]
GET
/api/zones/intelligence
[2026-07-31T07:36:40.237Z] GET /api/zones/intelligence

[2026-07-31T07:36:40.238Z]
GET
/api/zones/intelligence
[2026-07-31T07:36:43.208Z] GET /api/zones
[2026-07-31T07:36:43.209Z] GET /api/zones

[2026-07-31T07:36:43.209Z]
GET
/api/zones
[2026-07-31T07:36:43.325Z] GET /api/zones
[2026-07-31T07:36:43.329Z] POST /api/execution/request
[2026-07-31T07:36:43.330Z] POST /api/execution/request

[2026-07-31T07:36:43.331Z]
POST
/api/execution/request
[2026-07-31T07:36:43.335Z] POST /api/execution/request
[2026-07-31T07:36:43.336Z] POST /api/execution/request

[2026-07-31T07:36:43.337Z]
POST
/api/execution/request
[2026-07-31T07:36:43.342Z] POST /api/execution/request
[2026-07-31T07:36:43.342Z] POST /api/execution/request

[2026-07-31T07:36:43.343Z]
POST
/api/execution/request
[2026-07-31T07:36:43.346Z] POST /api/execution/request
[2026-07-31T07:36:43.347Z] POST /api/execution/request

[2026-07-31T07:36:43.348Z]
POST
/api/execution/request
[2026-07-31T07:36:43.356Z] GET /api/zones

[2026-07-31T07:36:43.358Z]
GET
/api/zones
[2026-07-31T07:36:43.449Z] POST /api/execution/request
[2026-07-31T07:36:43.450Z] POST /api/execution/request

[2026-07-31T07:36:43.450Z]
POST
/api/execution/request
[2026-07-31T07:36:43.453Z] POST /api/execution/request
[2026-07-31T07:36:43.453Z] POST /api/execution/request

[2026-07-31T07:36:43.454Z]
POST
/api/execution/request
[2026-07-31T07:36:43.456Z] POST /api/execution/request
[2026-07-31T07:36:43.457Z] POST /api/execution/request

[2026-07-31T07:36:43.458Z]
POST
/api/execution/request
[2026-07-31T07:36:43.460Z] POST /api/execution/request
[2026-07-31T07:36:43.460Z] POST /api/execution/request

[2026-07-31T07:36:43.461Z]
POST
/api/execution/request
[2026-07-31T07:36:49.257Z] GET /api/zones
[2026-07-31T07:36:49.258Z] GET /api/zones

[2026-07-31T07:36:49.258Z]
GET
/api/zones
[2026-07-31T07:36:49.405Z] POST /api/execution/request
[2026-07-31T07:36:49.406Z] POST /api/execution/request

[2026-07-31T07:36:49.407Z]
POST
/api/execution/request
[2026-07-31T07:36:49.412Z] POST /api/execution/request
[2026-07-31T07:36:49.412Z] POST /api/execution/request

[2026-07-31T07:36:49.413Z]
POST
/api/execution/request
[2026-07-31T07:36:49.417Z] POST /api/execution/request
[2026-07-31T07:36:49.418Z] POST /api/execution/request

[2026-07-31T07:36:49.419Z]
POST
/api/execution/request
[2026-07-31T07:36:49.423Z] POST /api/execution/request
[2026-07-31T07:36:49.424Z] POST /api/execution/request

[2026-07-31T07:36:49.425Z]
POST
/api/execution/request
[2026-07-31T07:37:01.724Z] GET /api/intelligence/run
[2026-07-31T07:37:01.726Z] GET /api/intelligence/run

[2026-07-31T07:37:01.727Z]
GET
/api/intelligence/run
[2026-07-31T07:37:12.128Z] GET /api/intelligence-run
[2026-07-31T07:37:12.129Z] GET /api/intelligence-run

[2026-07-31T07:37:12.130Z]
GET
/api/intelligence-run
[2026-07-31T07:37:26.890Z] GET /observability/overview
[2026-07-31T07:37:26.891Z] GET /observability/overview
[2026-07-31T07:37:26.892Z] GET /observability/overview

[2026-07-31T07:37:26.893Z]
GET
/observability/overview
[2026-07-31T07:37:26.896Z] GET /observability/overview

[2026-07-31T07:37:26.897Z]
GET
/observability/overview
[2026-07-31T07:37:46.230Z] GET /api/operations
[2026-07-31T07:37:46.231Z] GET /api/operations

[2026-07-31T07:37:46.232Z]
GET
/api/operations
[2026-07-31T07:37:46.240Z] GET /api/operations
[2026-07-31T07:37:46.241Z] GET /api/operations

[2026-07-31T07:37:46.242Z]
GET
/api/operations
[2026-07-31T11:43:27.458Z] GET /api/telemetry
[2026-07-31T11:43:27.492Z] GET /api/telemetry
[2026-07-31T11:43:27.509Z] GET /api/telemetry

[2026-07-31T11:43:27.513Z]
GET
/api/telemetry
[2026-07-31T11:43:27.534Z] GET /api/telemetry

[2026-07-31T11:43:27.541Z]
GET
/api/telemetry
[2026-07-31T11:43:27.545Z] GET /api/escalations
[2026-07-31T11:43:27.548Z] GET /api/escalations

[2026-07-31T11:43:27.550Z]
GET
/api/escalations
[2026-07-31T11:43:27.556Z] GET /api/escalations
[2026-07-31T11:43:27.559Z] GET /api/escalations

[2026-07-31T11:43:27.561Z]
GET
/api/escalations
[2026-07-31T11:43:27.565Z] GET /api/replay
[2026-07-31T11:43:27.567Z] GET /api/replay

[2026-07-31T11:43:27.568Z]
GET
/api/replay
[2026-07-31T11:43:27.572Z] GET /api/replay
[2026-07-31T11:43:27.573Z] GET /api/replay

[2026-07-31T11:43:27.574Z]
GET
/api/replay
[2026-07-31T11:43:27.577Z] GET /api/runtime
[2026-07-31T11:43:27.579Z] GET /api/runtime

[2026-07-31T11:43:27.580Z]
GET
/api/runtime
[2026-07-31T11:43:27.585Z] GET /api/runtime
[2026-07-31T11:43:27.587Z] GET /api/runtime/logs
[2026-07-31T11:43:27.589Z] GET /api/runtime

[2026-07-31T11:43:27.590Z]
GET
/api/runtime
[2026-07-31T11:43:27.594Z] GET /api/runtime/logs

[2026-07-31T11:43:27.595Z]
GET
/api/runtime/logs
[2026-07-31T11:43:27.598Z] GET /api/runtime/logs
[2026-07-31T11:43:27.601Z] GET /api/runtime/logs

[2026-07-31T11:43:27.602Z]
GET
/api/runtime/logs
[2026-07-31T11:43:32.459Z] GET /api/telemetry
[2026-07-31T11:43:32.460Z] GET /api/telemetry

[2026-07-31T11:43:32.462Z]
GET
/api/telemetry
[2026-07-31T11:43:32.527Z] GET /api/escalations
[2026-07-31T11:43:32.528Z] GET /api/escalations

[2026-07-31T11:43:32.529Z]
GET
/api/escalations
[2026-07-31T11:43:32.538Z] GET /api/replay
[2026-07-31T11:43:32.540Z] GET /api/replay

[2026-07-31T11:43:32.540Z]
GET
/api/replay
[2026-07-31T11:43:32.551Z] GET /api/runtime
[2026-07-31T11:43:32.552Z] GET /api/runtime

[2026-07-31T11:43:32.553Z]
GET
/api/runtime
[2026-07-31T11:43:32.559Z] GET /api/runtime/logs
[2026-07-31T11:43:32.560Z] GET /api/runtime/logs

[2026-07-31T11:43:32.561Z]
GET
/api/runtime/logs
[2026-07-31T11:43:38.030Z] GET /api/telemetry
[2026-07-31T11:43:38.032Z] GET /api/telemetry

[2026-07-31T11:43:38.033Z]
GET
/api/telemetry
[2026-07-31T11:43:38.052Z] GET /api/escalations
[2026-07-31T11:43:38.053Z] GET /api/escalations

[2026-07-31T11:43:38.054Z]
GET
/api/escalations
[2026-07-31T11:43:38.058Z] GET /api/replay
[2026-07-31T11:43:38.061Z] GET /api/replay

[2026-07-31T11:43:38.062Z]
GET
/api/replay
[2026-07-31T11:43:38.068Z] GET /api/runtime
[2026-07-31T11:43:38.073Z] GET /api/runtime

[2026-07-31T11:43:38.107Z]
GET
/api/runtime
[2026-07-31T11:43:38.178Z] GET /api/runtime/logs
[2026-07-31T11:43:38.191Z] GET /api/runtime/logs

[2026-07-31T11:43:38.195Z]
GET
/api/runtime/logs
[2026-07-31T11:45:29.437Z] GET /api/telemetry
[2026-07-31T11:45:29.447Z] GET /api/telemetry
[2026-07-31T11:45:29.469Z] GET /api/telemetry

[2026-07-31T11:45:29.475Z]
GET
/api/telemetry
[2026-07-31T11:45:29.512Z] GET /api/telemetry

[2026-07-31T11:45:29.516Z]
GET
/api/telemetry
[2026-07-31T11:45:34.195Z] GET /api/runtime
[2026-07-31T11:45:34.198Z] GET /api/runtime
[2026-07-31T11:45:34.207Z] GET /api/runtime

[2026-07-31T11:45:34.210Z]
GET
/api/runtime
[2026-07-31T11:45:34.238Z] GET /api/runtime

[2026-07-31T11:45:34.245Z]
GET
/api/runtime
[2026-07-31T11:45:38.267Z] GET /api/runtime
[2026-07-31T11:45:38.274Z] GET /api/runtime
[2026-07-31T11:45:38.282Z] GET /api/runtime

[2026-07-31T11:45:38.286Z]
GET
/api/runtime
[2026-07-31T11:45:38.302Z] GET /api/runtime

[2026-07-31T11:45:38.308Z]
GET
/api/runtime
[2026-07-31T11:45:42.161Z] GET /api/api/runtime/summary
[2026-07-31T11:45:42.166Z] GET /api/api/runtime/summary
[2026-07-31T11:45:42.201Z] GET /api/api/runtime/summary

[2026-07-31T11:45:42.216Z]
GET
/api/api/runtime/summary
[2026-07-31T11:45:42.238Z] GET /api/api/runtime/summary

[2026-07-31T11:45:42.242Z]
GET
/api/api/runtime/summary
[2026-07-31T11:46:01.977Z] GET /api/api/runtime/summary
[2026-07-31T11:46:01.981Z] GET /api/api/runtime/summary

[2026-07-31T11:46:01.992Z]
GET
/api/api/runtime/summary
[2026-07-31T11:46:02.018Z] GET /api/api/runtime/chain
[2026-07-31T11:46:02.032Z] GET /api/api/runtime/summary
[2026-07-31T11:46:02.044Z] GET /api/api/runtime/chain
[2026-07-31T11:46:02.065Z] GET /api/api/runtime/chain

[2026-07-31T11:46:02.068Z]
GET
/api/api/runtime/chain
[2026-07-31T11:46:02.072Z] GET /api/api/runtime/summary

[2026-07-31T11:46:02.075Z]
GET
/api/api/runtime/summary
[2026-07-31T11:46:02.081Z] GET /api/api/runtime/chain

[2026-07-31T11:46:02.084Z]
GET
/api/api/runtime/chain
[2026-07-31T11:46:30.185Z] POST /api/flood/execute
[2026-07-31T11:46:30.186Z] POST /api/flood/execute

[2026-07-31T11:46:30.188Z]
POST
/api/flood/execute
[2026-07-31T11:46:32.892Z] GET /api/runtime/flood-scenario
[2026-07-31T11:46:32.896Z] GET /api/runtime/flood-scenario

[2026-07-31T11:46:32.928Z]
GET
/api/runtime/flood-scenario
[2026-07-31T11:46:36.203Z] GET /api/signals
[2026-07-31T11:46:36.205Z] GET /api/signals

[2026-07-31T11:46:36.207Z]
GET
/api/signals
[2026-07-31T11:46:36.246Z] GET /api/signals
[2026-07-31T11:46:36.254Z] GET /api/signals

[2026-07-31T11:46:36.264Z]
GET
/api/signals
[2026-07-31T11:46:37.381Z] GET /api/telemetry
[2026-07-31T11:46:37.385Z] GET /api/telemetry
[2026-07-31T11:46:37.420Z] GET /api/telemetry

[2026-07-31T11:46:37.429Z]
GET
/api/telemetry
[2026-07-31T11:46:37.489Z] GET /api/telemetry

[2026-07-31T11:46:37.516Z]
GET
/api/telemetry
[2026-07-31T11:46:38.127Z] GET /api/incidents
[2026-07-31T11:46:38.131Z] GET /api/incidents
[2026-07-31T11:46:38.141Z] GET /api/incidents

[2026-07-31T11:46:38.147Z]
GET
/api/incidents
[2026-07-31T11:46:38.172Z] GET /api/incidents

[2026-07-31T11:46:38.199Z]
GET
/api/incidents
[2026-07-31T11:46:44.058Z] GET /api/health
[2026-07-31T11:46:44.067Z] GET /api/health

[2026-07-31T11:46:44.072Z]
GET
/api/health
[2026-07-31T11:46:44.112Z] GET /api/health
[2026-07-31T11:46:44.115Z] GET /api/dashboard
[2026-07-31T11:46:44.117Z] GET /api/health

[2026-07-31T11:46:44.130Z]
GET
/api/health
[2026-07-31T11:46:44.157Z] GET /api/dashboard

[2026-07-31T11:46:44.167Z]
GET
/api/dashboard
[2026-07-31T11:46:44.423Z] GET /api/dashboard
[2026-07-31T11:46:44.424Z] GET /api/incidents
[2026-07-31T11:46:44.425Z] GET /api/dashboard

[2026-07-31T11:46:44.427Z]
GET
/api/dashboard
[2026-07-31T11:46:44.429Z] GET /api/incidents

[2026-07-31T11:46:44.430Z]
GET
/api/incidents
[2026-07-31T11:46:44.449Z] GET /api/incidents
[2026-07-31T11:46:44.450Z] GET /api/incidents

[2026-07-31T11:46:44.452Z]
GET
/api/incidents
[2026-07-31T11:46:53.474Z] GET /api/signals/run
[2026-07-31T11:46:53.475Z] GET /api/signals/run

[2026-07-31T11:46:53.475Z]
GET
/api/signals/run
[2026-07-31T11:46:53.494Z] GET /api/health
[2026-07-31T11:46:53.496Z] GET /api/health

[2026-07-31T11:46:53.497Z]
GET
/api/health
[2026-07-31T11:46:53.504Z] GET /api/dashboard
[2026-07-31T11:46:53.508Z] GET /api/dashboard

[2026-07-31T11:46:53.510Z]
GET
/api/dashboard
[2026-07-31T11:46:53.519Z] GET /api/incidents
[2026-07-31T11:46:53.520Z] GET /api/incidents

[2026-07-31T11:46:53.522Z]
GET
/api/incidents
[2026-07-31T11:47:07.530Z] GET /api/dashboard
[2026-07-31T11:47:07.536Z] GET /api/dashboard
[2026-07-31T11:47:07.556Z] GET /api/dashboard

[2026-07-31T11:47:07.563Z]
GET
/api/dashboard
[2026-07-31T11:47:07.593Z] GET /api/dashboard

[2026-07-31T11:47:07.595Z]
GET
/api/dashboard
[2026-07-31T11:47:21.281Z] GET /api/v2/task33/runtime/summary
[2026-07-31T11:47:21.290Z] GET /api/v2/task33/runtime/trace-ids
[2026-07-31T11:47:21.293Z] GET /api/v2/task33/health
[2026-07-31T11:47:21.296Z] GET /api/v2/task33/runtime/summary

[2026-07-31T11:47:21.298Z]
GET
/api/v2/task33/runtime/summary
[2026-07-31T11:47:21.306Z] GET /api/v2/task33/replay
[2026-07-31T11:47:21.310Z] GET /api/v2/task33/runtime/summary
[2026-07-31T11:47:21.313Z] GET /api/v2/task33/runtime/trace-ids
[2026-07-31T11:47:21.316Z] GET /api/v2/task33/health
[2026-07-31T11:47:21.319Z] GET /api/v2/task33/replay
[2026-07-31T11:47:21.322Z] GET /api/v2/task33/runtime/trace-ids

[2026-07-31T11:47:21.325Z]
GET
/api/v2/task33/runtime/trace-ids
[2026-07-31T11:47:21.331Z] GET /api/v2/task33/health

[2026-07-31T11:47:21.332Z]
GET
/api/v2/task33/health
[2026-07-31T11:47:21.341Z] GET /api/v2/task33/replay

[2026-07-31T11:47:21.344Z]
GET
/api/v2/task33/replay
[2026-07-31T11:47:21.350Z] GET /api/v2/task33/runtime/summary

[2026-07-31T11:47:21.352Z]
GET
/api/v2/task33/runtime/summary
[2026-07-31T11:47:21.358Z] GET /api/v2/task33/runtime/trace-ids

[2026-07-31T11:47:21.360Z]
GET
/api/v2/task33/runtime/trace-ids
[2026-07-31T11:47:21.365Z] GET /api/v2/task33/health

[2026-07-31T11:47:21.366Z]
GET
/api/v2/task33/health
[2026-07-31T11:47:21.372Z] GET /api/v2/task33/replay

[2026-07-31T11:47:21.374Z]
GET
/api/v2/task33/replay
[2026-07-31T11:47:33.963Z] GET /api/dashboard
[2026-07-31T11:47:34.019Z] GET /api/dashboard
[2026-07-31T11:47:34.027Z] GET /api/dashboard

[2026-07-31T11:47:34.031Z]
GET
/api/dashboard
[2026-07-31T11:47:34.032Z] GET /api/dashboard

[2026-07-31T11:47:34.036Z]
GET
/api/dashboard
[2026-07-31T11:47:52.632Z] GET /api/v2/task33/runtime/summary
[2026-07-31T11:47:52.633Z] GET /api/v2/task33/runtime/summary

[2026-07-31T11:47:52.636Z]
GET
/api/v2/task33/runtime/summary
[2026-07-31T11:47:52.638Z] GET /api/v2/task33/runtime/trace-ids
[2026-07-31T11:47:52.639Z] GET /api/v2/task33/health
[2026-07-31T11:47:52.640Z] GET /api/v2/task33/runtime/summary
[2026-07-31T11:47:52.642Z] GET /api/v2/task33/replay
[2026-07-31T11:47:52.649Z] GET /api/v2/task33/runtime/trace-ids
[2026-07-31T11:47:52.651Z] GET /api/v2/task33/health
[2026-07-31T11:47:52.652Z] GET /api/v2/task33/replay
[2026-07-31T11:47:52.653Z] GET /api/v2/task33/runtime/trace-ids

[2026-07-31T11:47:52.655Z]
GET
/api/v2/task33/runtime/trace-ids
[2026-07-31T11:47:52.658Z] GET /api/v2/task33/health

[2026-07-31T11:47:52.659Z]
GET
/api/v2/task33/health
[2026-07-31T11:47:52.664Z] GET /api/v2/task33/runtime/summary

[2026-07-31T11:47:52.667Z]
GET
/api/v2/task33/runtime/summary
[2026-07-31T11:47:52.669Z] GET /api/v2/task33/replay

[2026-07-31T11:47:52.670Z]
GET
/api/v2/task33/replay
[2026-07-31T11:47:52.685Z] GET /api/v2/task33/runtime/trace-ids

[2026-07-31T11:47:52.686Z]
GET
/api/v2/task33/runtime/trace-ids
[2026-07-31T11:47:52.689Z] GET /api/v2/task33/health

[2026-07-31T11:47:52.690Z]
GET
/api/v2/task33/health
[2026-07-31T11:47:52.694Z] GET /api/v2/task33/replay

[2026-07-31T11:47:52.696Z]
GET
/api/v2/task33/replay
[2026-07-31T11:47:58.738Z] GET /zone/state
[2026-07-31T11:47:58.740Z] GET /api/analytics/stats
[2026-07-31T11:47:58.742Z] GET /zone/state

[2026-07-31T11:47:58.752Z]
GET
/zone/state
[2026-07-31T11:47:58.772Z] GET /api/analytics/stats

[2026-07-31T11:47:58.781Z]
GET
/api/analytics/stats
[2026-07-31T11:47:58.787Z] GET /zone/state
[2026-07-31T11:47:58.791Z] GET /api/analytics/stats
[2026-07-31T11:47:58.793Z] GET /alerts
[2026-07-31T11:47:58.793Z] GET /zone/state

[2026-07-31T11:47:58.794Z]
GET
/zone/state
[2026-07-31T11:47:58.797Z] GET /api/analytics/stats

[2026-07-31T11:47:58.798Z]
GET
/api/analytics/stats
[2026-07-31T11:47:58.825Z] GET /alerts

[2026-07-31T11:47:58.838Z]
GET
/alerts
[2026-07-31T11:47:58.859Z] GET /alerts
[2026-07-31T11:47:58.875Z] GET /alerts

[2026-07-31T11:47:58.878Z]
GET
/alerts
[2026-07-31T11:48:01.791Z] GET /zone/state
[2026-07-31T11:48:01.792Z] GET /zone/state

[2026-07-31T11:48:01.793Z]
GET
/zone/state
[2026-07-31T11:48:01.818Z] GET /alerts
[2026-07-31T11:48:01.821Z] GET /alerts

[2026-07-31T11:48:01.824Z]
GET
/alerts
[2026-07-31T11:48:09.469Z] GET /api/v2/task33/runtime/summary
[2026-07-31T11:48:09.471Z] GET /api/v2/task33/runtime/trace-ids
[2026-07-31T11:48:09.495Z] GET /api/v2/task33/health
[2026-07-31T11:48:09.506Z] GET /api/v2/task33/runtime/summary
[2026-07-31T11:48:09.511Z] GET /api/v2/task33/replay
[2026-07-31T11:48:09.516Z] GET /api/v2/task33/runtime/trace-ids
[2026-07-31T11:48:09.519Z] GET /api/v2/task33/health
[2026-07-31T11:48:09.520Z] GET /api/v2/task33/runtime/summary

[2026-07-31T11:48:09.531Z]
GET
/api/v2/task33/runtime/summary
[2026-07-31T11:48:09.533Z] GET /api/v2/task33/runtime/trace-ids

[2026-07-31T11:48:09.557Z]
GET
/api/v2/task33/runtime/trace-ids
[2026-07-31T11:48:09.569Z] GET /api/v2/task33/replay
[2026-07-31T11:48:09.572Z] GET /api/v2/task33/health

[2026-07-31T11:48:09.574Z]
GET
/api/v2/task33/health
[2026-07-31T11:48:09.578Z] GET /api/v2/task33/runtime/summary

[2026-07-31T11:48:09.580Z]
GET
/api/v2/task33/runtime/summary
[2026-07-31T11:48:09.582Z] GET /api/v2/task33/replay

[2026-07-31T11:48:09.584Z]
GET
/api/v2/task33/replay
[2026-07-31T11:48:09.585Z] GET /api/v2/task33/runtime/trace-ids

[2026-07-31T11:48:09.586Z]
GET
/api/v2/task33/runtime/trace-ids
[2026-07-31T11:48:09.587Z] GET /api/v2/task33/health

[2026-07-31T11:48:09.587Z]
GET
/api/v2/task33/health
[2026-07-31T11:48:09.631Z] GET /api/v2/task33/replay

[2026-07-31T11:48:09.636Z]
GET
/api/v2/task33/replay
[2026-07-31T11:49:10.956Z] GET /api/incidents
[2026-07-31T11:49:10.961Z] GET /api/incidents
[2026-07-31T11:49:10.989Z] GET /api/incidents

[2026-07-31T11:49:10.994Z]
GET
/api/incidents
[2026-07-31T11:49:11.037Z] GET /api/incidents

[2026-07-31T11:49:11.059Z]
GET
/api/incidents
[2026-07-31T11:49:20.204Z] GET /api/incidents
[2026-07-31T11:49:20.205Z] GET /api/incidents
[2026-07-31T11:49:20.210Z] GET /api/incidents

[2026-07-31T11:49:20.219Z]
GET
/api/incidents
[2026-07-31T11:49:20.250Z] GET /api/incidents

[2026-07-31T11:49:20.261Z]
GET
/api/incidents
[2026-07-31T11:49:22.873Z] GET /api/evidence
[2026-07-31T11:49:22.878Z] GET /api/evidence
[2026-07-31T11:49:22.879Z] GET /api/evidence

[2026-07-31T11:49:22.880Z]
GET
/api/evidence
[2026-07-31T11:49:22.921Z] GET /api/evidence

[2026-07-31T11:49:22.928Z]
GET
/api/evidence
[2026-07-31T11:49:23.657Z] GET /api/runtime
[2026-07-31T11:49:23.658Z] GET /api/runtime
[2026-07-31T11:49:23.660Z] GET /api/runtime

[2026-07-31T11:49:23.662Z]
GET
/api/runtime
[2026-07-31T11:49:23.667Z] GET /api/runtime

[2026-07-31T11:49:23.667Z]
GET
/api/runtime
[2026-07-31T11:49:49.914Z] GET /api/dashboard
[2026-07-31T11:49:49.916Z] GET /api/dashboard
[2026-07-31T11:49:49.918Z] GET /api/dashboard

[2026-07-31T11:49:49.938Z]
GET
/api/dashboard
[2026-07-31T11:49:49.944Z] GET /api/dashboard

[2026-07-31T11:49:49.986Z]
GET
/api/dashboard
[2026-07-31T11:49:56.803Z] GET /api/v2/task33/runtime/summary
[2026-07-31T11:49:56.808Z] GET /api/v2/task33/runtime/summary
[2026-07-31T11:49:56.809Z] GET /api/v2/task33/runtime/trace-ids
[2026-07-31T11:49:56.812Z] GET /api/v2/task33/runtime/trace-ids
[2026-07-31T11:49:56.813Z] GET /api/v2/task33/health
[2026-07-31T11:49:56.815Z] GET /api/v2/task33/replay
[2026-07-31T11:49:56.815Z] GET /api/v2/task33/health
[2026-07-31T11:49:56.816Z] GET /api/v2/task33/replay
[2026-07-31T11:49:56.816Z] GET /api/v2/task33/runtime/summary

[2026-07-31T11:49:56.817Z]
GET
/api/v2/task33/runtime/summary
[2026-07-31T11:49:56.818Z] GET /api/v2/task33/runtime/summary

[2026-07-31T11:49:56.819Z]
GET
/api/v2/task33/runtime/summary
[2026-07-31T11:49:56.820Z] GET /api/v2/task33/runtime/trace-ids

[2026-07-31T11:49:56.821Z]
GET
/api/v2/task33/runtime/trace-ids
[2026-07-31T11:49:56.823Z] GET /api/v2/task33/runtime/trace-ids

[2026-07-31T11:49:56.824Z]
GET
/api/v2/task33/runtime/trace-ids
[2026-07-31T11:49:56.826Z] GET /api/v2/task33/health

[2026-07-31T11:49:56.827Z]
GET
/api/v2/task33/health
[2026-07-31T11:49:56.831Z] GET /api/v2/task33/replay

[2026-07-31T11:49:56.832Z]
GET
/api/v2/task33/replay
[2026-07-31T11:49:56.835Z] GET /api/v2/task33/health

[2026-07-31T11:49:56.835Z]
GET
/api/v2/task33/health
[2026-07-31T11:49:56.840Z] GET /api/v2/task33/replay

[2026-07-31T11:49:56.845Z]
GET
/api/v2/task33/replay
[2026-07-31T11:57:06.439Z] GET /zone/state
[2026-07-31T11:57:06.441Z] GET /api/analytics/stats
[2026-07-31T11:57:06.443Z] GET /zone/state

[2026-07-31T11:57:06.444Z]
GET
/zone/state
[2026-07-31T11:57:06.447Z] GET /api/analytics/stats

[2026-07-31T11:57:06.448Z]
GET
/api/analytics/stats
[2026-07-31T11:57:06.451Z] GET /zone/state
[2026-07-31T11:57:06.452Z] GET /alerts
[2026-07-31T11:57:06.454Z] GET /api/analytics/stats
[2026-07-31T11:57:06.455Z] GET /zone/state

[2026-07-31T11:57:06.456Z]
GET
/zone/state
[2026-07-31T11:57:06.461Z] GET /alerts

[2026-07-31T11:57:06.463Z]
GET
/alerts
[2026-07-31T11:57:06.473Z] GET /alerts
[2026-07-31T11:57:06.474Z] GET /api/analytics/stats

[2026-07-31T11:57:06.475Z]
GET
/api/analytics/stats
[2026-07-31T11:57:06.479Z] GET /alerts

[2026-07-31T11:57:06.480Z]
GET
/alerts
[2026-07-31T11:57:09.486Z] GET /zone/state
[2026-07-31T11:57:09.487Z] GET /zone/state

[2026-07-31T11:57:09.488Z]
GET
/zone/state
[2026-07-31T11:57:09.494Z] GET /alerts
[2026-07-31T11:57:09.496Z] GET /alerts

[2026-07-31T11:57:09.497Z]
GET
/alerts
[2026-07-31T11:57:12.554Z] GET /zone/state
[2026-07-31T11:57:12.556Z] GET /zone/state

[2026-07-31T11:57:12.557Z]
GET
/zone/state
[2026-07-31T11:57:12.562Z] GET /alerts
[2026-07-31T11:57:12.563Z] GET /alerts

[2026-07-31T11:57:12.564Z]
GET
/alerts
[2026-07-31T11:57:16.052Z] GET /api/v2/task33/runtime/summary
[2026-07-31T11:57:16.053Z] GET /api/v2/task33/runtime/summary

[2026-07-31T11:57:16.054Z]
GET
/api/v2/task33/runtime/summary
[2026-07-31T11:57:16.061Z] GET /api/v2/task33/runtime/summary
[2026-07-31T11:57:16.062Z] GET /api/v2/task33/runtime/summary

[2026-07-31T11:57:16.063Z]
GET
/api/v2/task33/runtime/summary
[2026-07-31T11:57:16.066Z] GET /api/v2/task33/runtime/trace-ids
[2026-07-31T11:57:16.068Z] GET /api/v2/task33/health
[2026-07-31T11:57:16.069Z] GET /api/v2/task33/runtime/trace-ids
[2026-07-31T11:57:16.073Z] GET /api/v2/task33/replay
[2026-07-31T11:57:16.074Z] GET /api/v2/task33/health
[2026-07-31T11:57:16.076Z] GET /api/v2/task33/runtime/trace-ids

[2026-07-31T11:57:16.076Z]
GET
/api/v2/task33/runtime/trace-ids
[2026-07-31T11:57:16.078Z] GET /api/v2/task33/health

[2026-07-31T11:57:16.079Z]
GET
/api/v2/task33/health
[2026-07-31T11:57:16.082Z] GET /api/v2/task33/runtime/trace-ids

[2026-07-31T11:57:16.083Z]
GET
/api/v2/task33/runtime/trace-ids
[2026-07-31T11:57:16.087Z] GET /api/v2/task33/replay
[2026-07-31T11:57:16.088Z] GET /api/v2/task33/replay

[2026-07-31T11:57:16.089Z]
GET
/api/v2/task33/replay
[2026-07-31T11:57:16.090Z] GET /api/v2/task33/health

[2026-07-31T11:57:16.090Z]
GET
/api/v2/task33/health
[2026-07-31T11:57:16.096Z] GET /api/v2/task33/replay

[2026-07-31T11:57:16.098Z]
GET
/api/v2/task33/replay
[2026-07-31T11:57:28.081Z] GET /zone/state
[2026-07-31T11:57:28.082Z] GET /zone/state

[2026-07-31T11:57:28.083Z]
GET
/zone/state
[2026-07-31T11:57:28.088Z] GET /zone/state
[2026-07-31T11:57:28.090Z] GET /zone/state

[2026-07-31T11:57:28.091Z]
GET
/zone/state
[2026-07-31T11:57:28.094Z] GET /alerts
[2026-07-31T11:57:28.095Z] GET /alerts

[2026-07-31T11:57:28.096Z]
GET
/alerts
[2026-07-31T11:57:28.100Z] GET /alerts
[2026-07-31T11:57:28.101Z] GET /alerts

[2026-07-31T11:57:28.102Z]
GET
/alerts
[2026-07-31T11:57:28.613Z] GET /api/zones
[2026-07-31T11:57:28.614Z] GET /api/zones

[2026-07-31T11:57:28.615Z]
GET
/api/zones
[2026-07-31T11:57:28.745Z] GET /api/zones
[2026-07-31T11:57:28.747Z] POST /api/execution/request
[2026-07-31T11:57:28.747Z] POST /api/execution/request

[2026-07-31T11:57:28.748Z]
POST
/api/execution/request
[2026-07-31T11:57:28.751Z] POST /api/execution/request
[2026-07-31T11:57:28.751Z] POST /api/execution/request

[2026-07-31T11:57:28.752Z]
POST
/api/execution/request
[2026-07-31T11:57:28.755Z] POST /api/execution/request
[2026-07-31T11:57:28.756Z] POST /api/execution/request

[2026-07-31T11:57:28.756Z]
POST
/api/execution/request
[2026-07-31T11:57:28.758Z] POST /api/execution/request
[2026-07-31T11:57:28.759Z] POST /api/execution/request

[2026-07-31T11:57:28.759Z]
POST
/api/execution/request
[2026-07-31T11:57:28.761Z] GET /api/zones

[2026-07-31T11:57:28.761Z]
GET
/api/zones
[2026-07-31T11:57:28.878Z] POST /api/execution/request
[2026-07-31T11:57:28.879Z] POST /api/execution/request

[2026-07-31T11:57:28.879Z]
POST
/api/execution/request
[2026-07-31T11:57:28.881Z] POST /api/execution/request
[2026-07-31T11:57:28.882Z] POST /api/execution/request

[2026-07-31T11:57:28.882Z]
POST
/api/execution/request
[2026-07-31T11:57:28.885Z] POST /api/execution/request
[2026-07-31T11:57:28.885Z] POST /api/execution/request

[2026-07-31T11:57:28.886Z]
POST
/api/execution/request
[2026-07-31T11:57:28.889Z] POST /api/execution/request
[2026-07-31T11:57:28.890Z] POST /api/execution/request

[2026-07-31T11:57:28.890Z]
POST
/api/execution/request
